Date,Brent Crude Price
28-Mar-19,67.03
27-Mar-19,67.28
26-Mar-19,67.97
25-Mar-19,67.21
22-Mar-19,67.03
21-Mar-19,67.86
20-Mar-19,68.5
19-Mar-19,67.61
18-Mar-19,67.54
15-Mar-19,67.16
14-Mar-19,67.23
13-Mar-19,67.55
12-Mar-19,66.67
11-Mar-19,66.58
8-Mar-19,65.74
7-Mar-19,66.3
6-Mar-19,65.99
5-Mar-19,65.86
4-Mar-19,65.67
1-Mar-19,65.07
28-Feb-19,66.03
27-Feb-19,66.39
26-Feb-19,65.21
25-Feb-19,64.76
22-Feb-19,67.12
21-Feb-19,67.07
20-Feb-19,67.08
19-Feb-19,66.45
18-Feb-19,66.5
15-Feb-19,66.25
14-Feb-19,64.57
13-Feb-19,63.61
12-Feb-19,62.42
11-Feb-19,61.51
8-Feb-19,62.1
7-Feb-19,61.63
6-Feb-19,62.69
5-Feb-19,61.98
4-Feb-19,62.51
1-Feb-19,62.75
31-Jan-19,61.89
30-Jan-19,61.65
29-Jan-19,61.32
28-Jan-19,59.93
25-Jan-19,61.64
24-Jan-19,61.09
23-Jan-19,61.14
22-Jan-19,61.5
21-Jan-19,62.74
18-Jan-19,62.7
17-Jan-19,61.18
16-Jan-19,61.32
15-Jan-19,60.64
14-Jan-19,58.99
11-Jan-19,60.48
10-Jan-19,61.68
9-Jan-19,61.44
8-Jan-19,58.72
7-Jan-19,57.33
4-Jan-19,57.06
3-Jan-19,55.95
2-Jan-19,54.91
31-Dec-18,53.8
28-Dec-18,52.2
27-Dec-18,52.16
26-Dec-18,54.47
24-Dec-18,50.47
21-Dec-18,53.82
20-Dec-18,54.35
19-Dec-18,57.24
18-Dec-18,56.26
17-Dec-18,59.61
14-Dec-18,60.28
13-Dec-18,61.45
12-Dec-18,60.15
11-Dec-18,60.2
10-Dec-18,59.97
7-Dec-18,61.67
6-Dec-18,60.06
5-Dec-18,61.56
4-Dec-18,62.08
3-Dec-18,61.69
30-Nov-18,58.71
29-Nov-18,59.51
28-Nov-18,58.76
27-Nov-18,60.21
26-Nov-18,60.48
23-Nov-18,58.8
22-Nov-18,62.6
21-Nov-18,63.48
20-Nov-18,62.53
19-Nov-18,66.79
16-Nov-18,66.76
15-Nov-18,66.62
14-Nov-18,66.12
13-Nov-18,65.47
12-Nov-18,70.12
9-Nov-18,70.18
8-Nov-18,70.65
7-Nov-18,72.07
6-Nov-18,72.13
5-Nov-18,73.17
2-Nov-18,72.83
1-Nov-18,72.89
31-Oct-18,75.47
30-Oct-18,75.91
29-Oct-18,77.34
26-Oct-18,77.62
25-Oct-18,76.89
24-Oct-18,76.17
23-Oct-18,76.44
22-Oct-18,79.83
19-Oct-18,79.78
18-Oct-18,79.29
17-Oct-18,80.05
16-Oct-18,81.41
15-Oct-18,80.78
12-Oct-18,80.43
11-Oct-18,80.26
10-Oct-18,83.09
9-Oct-18,85
8-Oct-18,83.91
5-Oct-18,84.16
4-Oct-18,84.58
3-Oct-18,86.29
2-Oct-18,84.8
1-Oct-18,84.98
28-Sep-18,82.72
27-Sep-18,81.72
26-Sep-18,81.34
25-Sep-18,81.87
24-Sep-18,81.2
21-Sep-18,78.8
20-Sep-18,78.7
19-Sep-18,79.4
18-Sep-18,79.03
17-Sep-18,78.05
14-Sep-18,78.09
13-Sep-18,78.18
12-Sep-18,79.74
11-Sep-18,79.06
10-Sep-18,77.37
7-Sep-18,76.83
6-Sep-18,76.5
5-Sep-18,77.27
4-Sep-18,78.17
3-Sep-18,78.15
31-Aug-18,77.42
30-Aug-18,77.77
29-Aug-18,77.14
28-Aug-18,75.95
27-Aug-18,76.21
24-Aug-18,75.82
23-Aug-18,74.73
22-Aug-18,74.78
21-Aug-18,72.63
20-Aug-18,72.21
17-Aug-18,71.83
16-Aug-18,71.43
15-Aug-18,70.76
14-Aug-18,72.46
13-Aug-18,72.61
10-Aug-18,72.81
9-Aug-18,72.07
8-Aug-18,72.28
7-Aug-18,74.65
6-Aug-18,73.75
3-Aug-18,73.21
2-Aug-18,73.45
1-Aug-18,72.39
31-Jul-18,74.25
30-Jul-18,74.97
27-Jul-18,74.29
26-Jul-18,74.54
25-Jul-18,73.93
24-Jul-18,73.44
23-Jul-18,73.06
20-Jul-18,73.07
19-Jul-18,72.58
18-Jul-18,72.9
17-Jul-18,72.16
16-Jul-18,71.84
13-Jul-18,75.33
12-Jul-18,74.45
11-Jul-18,73.4
10-Jul-18,78.86
9-Jul-18,78.07
6-Jul-18,77.11
5-Jul-18,77.39
4-Jul-18,78.24
3-Jul-18,77.76
2-Jul-18,77.3
29-Jun-18,79.44
28-Jun-18,77.85
27-Jun-18,77.62
26-Jun-18,76.31
25-Jun-18,74.73
22-Jun-18,75.55
21-Jun-18,73.05
20-Jun-18,74.74
19-Jun-18,75.08
18-Jun-18,75.34
15-Jun-18,73.44
14-Jun-18,75.94
13-Jun-18,76.74
12-Jun-18,75.88
11-Jun-18,76.46
8-Jun-18,76.46
7-Jun-18,77.32
6-Jun-18,75.36
5-Jun-18,75.38
4-Jun-18,75.29
1-Jun-18,76.79
31-May-18,77.59
30-May-18,77.5
29-May-18,75.39
28-May-18,75.3
25-May-18,76.44
24-May-18,78.79
23-May-18,79.8
22-May-18,79.57
21-May-18,79.22
18-May-18,78.51
17-May-18,79.3
16-May-18,79.28
15-May-18,78.43
14-May-18,78.23
11-May-18,77.12
10-May-18,77.47
9-May-18,77.21
8-May-18,74.85
7-May-18,76.17
4-May-18,74.87
3-May-18,73.62
2-May-18,73.36
1-May-18,73.13
30-Apr-18,75.17
27-Apr-18,74.64
26-Apr-18,74.74
25-Apr-18,74
24-Apr-18,73.86
23-Apr-18,74.71
20-Apr-18,74.06
19-Apr-18,73.78
18-Apr-18,73.48
17-Apr-18,71.58
16-Apr-18,71.42
13-Apr-18,72.58
12-Apr-18,72.02
11-Apr-18,72.06
10-Apr-18,71.04
9-Apr-18,68.65
6-Apr-18,67.11
5-Apr-18,68.33
4-Apr-18,68.02
3-Apr-18,68.12
2-Apr-18,67.64
29-Mar-18,70.27
28-Mar-18,69.53
27-Mar-18,70.11
26-Mar-18,70.12
23-Mar-18,70.45
22-Mar-18,68.91
21-Mar-18,69.47
20-Mar-18,67.42
19-Mar-18,66.05
16-Mar-18,66.21
15-Mar-18,65.12
14-Mar-18,64.89
13-Mar-18,64.64
12-Mar-18,64.95
9-Mar-18,65.49
8-Mar-18,63.61
7-Mar-18,64.34
6-Mar-18,65.79
5-Mar-18,65.54
2-Mar-18,64.37
1-Mar-18,63.83
28-Feb-18,65.78
27-Feb-18,66.63
26-Feb-18,67.5
23-Feb-18,67.31
22-Feb-18,66.39
21-Feb-18,65.42
20-Feb-18,65.25
19-Feb-18,65.67
16-Feb-18,64.84
15-Feb-18,64.33
14-Feb-18,64.36
13-Feb-18,62.72
12-Feb-18,62.59
9-Feb-18,62.79
8-Feb-18,64.81
7-Feb-18,65.51
6-Feb-18,66.86
5-Feb-18,67.62
2-Feb-18,68.58
1-Feb-18,69.65
31-Jan-18,69.05
30-Jan-18,69.02
29-Jan-18,69.46
26-Jan-18,70.52
25-Jan-18,70.42
24-Jan-18,70.53
23-Jan-18,69.96
22-Jan-18,69.03
19-Jan-18,68.61
18-Jan-18,69.31
17-Jan-18,69.38
16-Jan-18,69.15
15-Jan-18,70.26
12-Jan-18,69.87
11-Jan-18,69.26
10-Jan-18,69.2
9-Jan-18,68.82
8-Jan-18,67.78
5-Jan-18,67.62
4-Jan-18,68.07
3-Jan-18,67.84
2-Jan-18,66.57
29-Dec-17,66.87
28-Dec-17,66.72
27-Dec-17,66.44
26-Dec-17,67.02
22-Dec-17,65.25
21-Dec-17,64.9
20-Dec-17,64.56
19-Dec-17,63.8
18-Dec-17,63.41
15-Dec-17,63.23
14-Dec-17,63.31
13-Dec-17,62.44
12-Dec-17,63.34
11-Dec-17,64.69
8-Dec-17,63.4
7-Dec-17,62.2
6-Dec-17,61.22
5-Dec-17,62.86
4-Dec-17,62.45
1-Dec-17,63.73
30-Nov-17,63.57
29-Nov-17,63.11
28-Nov-17,63.61
27-Nov-17,63.84
24-Nov-17,63.86
23-Nov-17,63.55
22-Nov-17,63.32
21-Nov-17,62.57
20-Nov-17,62.22
17-Nov-17,62.72
16-Nov-17,61.36
15-Nov-17,61.87
14-Nov-17,62.21
13-Nov-17,63.16
10-Nov-17,63.52
9-Nov-17,63.93
8-Nov-17,63.49
7-Nov-17,63.69
6-Nov-17,64.27
3-Nov-17,62.07
2-Nov-17,60.62
1-Nov-17,60.49
31-Oct-17,61.37
30-Oct-17,60.9
27-Oct-17,60.44
26-Oct-17,59.3
25-Oct-17,58.44
24-Oct-17,58.33
23-Oct-17,57.37
20-Oct-17,57.75
19-Oct-17,57.23
18-Oct-17,58.15
17-Oct-17,57.88
16-Oct-17,57.82
13-Oct-17,57.17
12-Oct-17,56.25
11-Oct-17,56.94
10-Oct-17,56.61
9-Oct-17,55.79
6-Oct-17,55.62
5-Oct-17,57
4-Oct-17,55.8
3-Oct-17,56
2-Oct-17,56.12
29-Sep-17,57.54
28-Sep-17,57.41
27-Sep-17,57.9
26-Sep-17,58.44
25-Sep-17,59.02
22-Sep-17,56.86
21-Sep-17,56.43
20-Sep-17,56.29
19-Sep-17,55.14
18-Sep-17,55.48
15-Sep-17,55.62
14-Sep-17,55.47
13-Sep-17,55.16
12-Sep-17,54.27
11-Sep-17,53.84
8-Sep-17,53.78
7-Sep-17,54.49
6-Sep-17,54.2
5-Sep-17,53.38
4-Sep-17,52.34
1-Sep-17,52.75
31-Aug-17,52.38
30-Aug-17,50.86
29-Aug-17,52
28-Aug-17,51.89
25-Aug-17,52.41
24-Aug-17,52.04
23-Aug-17,52.57
22-Aug-17,51.87
21-Aug-17,51.66
18-Aug-17,52.72
17-Aug-17,51.03
16-Aug-17,50.27
15-Aug-17,50.8
14-Aug-17,50.73
11-Aug-17,52.1
10-Aug-17,51.9
9-Aug-17,52.7
8-Aug-17,52.14
7-Aug-17,52.37
4-Aug-17,52.42
3-Aug-17,52.01
2-Aug-17,52.36
1-Aug-17,51.78
31-Jul-17,52.65
28-Jul-17,52.52
27-Jul-17,51.49
26-Jul-17,50.97
25-Jul-17,50.2
24-Jul-17,48.6
21-Jul-17,48.06
20-Jul-17,49.3
19-Jul-17,49.7
18-Jul-17,48.84
17-Jul-17,48.42
14-Jul-17,48.91
13-Jul-17,48.42
12-Jul-17,47.74
11-Jul-17,47.52
10-Jul-17,46.88
7-Jul-17,46.71
6-Jul-17,48.11
5-Jul-17,47.79
4-Jul-17,49.61
3-Jul-17,49.68
30-Jun-17,47.92
29-Jun-17,47.42
28-Jun-17,47.31
27-Jun-17,46.65
26-Jun-17,45.83
23-Jun-17,45.54
22-Jun-17,45.22
21-Jun-17,44.82
20-Jun-17,46.02
19-Jun-17,46.91
16-Jun-17,47.37
15-Jun-17,46.92
14-Jun-17,47
13-Jun-17,48.72
12-Jun-17,48.29
9-Jun-17,48.15
8-Jun-17,47.86
7-Jun-17,48.06
6-Jun-17,50.12
5-Jun-17,49.47
2-Jun-17,49.95
1-Jun-17,50.63
31-May-17,50.31
30-May-17,51.84
29-May-17,52.29
26-May-17,52.15
25-May-17,51.46
24-May-17,53.96
23-May-17,54.15
22-May-17,53.87
19-May-17,53.61
18-May-17,52.51
17-May-17,52.21
16-May-17,51.65
15-May-17,51.82
12-May-17,50.84
11-May-17,50.77
10-May-17,50.22
9-May-17,48.73
8-May-17,49.34
5-May-17,49.1
4-May-17,48.38
3-May-17,50.79
2-May-17,50.46
1-May-17,51.52
28-Apr-17,51.73
27-Apr-17,51.44
26-Apr-17,51.82
25-Apr-17,52.1
24-Apr-17,51.6
21-Apr-17,51.96
20-Apr-17,52.99
19-Apr-17,52.93
18-Apr-17,54.89
17-Apr-17,55.36
13-Apr-17,55.89
12-Apr-17,55.86
11-Apr-17,56.23
10-Apr-17,55.98
7-Apr-17,55.24
6-Apr-17,54.89
5-Apr-17,54.36
4-Apr-17,54.17
3-Apr-17,53.12
31-Mar-17,52.83
30-Mar-17,52.96
29-Mar-17,52.42
28-Mar-17,51.33
27-Mar-17,50.75
24-Mar-17,50.8
23-Mar-17,50.56
22-Mar-17,50.64
21-Mar-17,50.96
20-Mar-17,51.62
17-Mar-17,51.76
16-Mar-17,51.74
15-Mar-17,51.81
14-Mar-17,50.92
13-Mar-17,51.35
10-Mar-17,51.37
9-Mar-17,52.19
8-Mar-17,53.11
7-Mar-17,55.92
6-Mar-17,56.01
3-Mar-17,55.9
2-Mar-17,55.08
1-Mar-17,56.36
28-Feb-17,55.59
27-Feb-17,55.93
24-Feb-17,55.99
23-Feb-17,56.58
22-Feb-17,55.84
21-Feb-17,56.66
20-Feb-17,56.18
17-Feb-17,55.81
16-Feb-17,55.65
15-Feb-17,55.75
14-Feb-17,55.97
13-Feb-17,55.59
10-Feb-17,56.7
9-Feb-17,55.63
8-Feb-17,55.12
7-Feb-17,55.05
6-Feb-17,55.72
3-Feb-17,56.81
2-Feb-17,56.56
1-Feb-17,56.8
31-Jan-17,55.7
30-Jan-17,55.23
27-Jan-17,55.52
26-Jan-17,56.24
25-Jan-17,55.08
24-Jan-17,55.44
23-Jan-17,55.23
20-Jan-17,55.49
19-Jan-17,54.16
18-Jan-17,53.92
17-Jan-17,55.47
16-Jan-17,55.86
13-Jan-17,55.45
12-Jan-17,56.01
11-Jan-17,55.1
10-Jan-17,53.64
9-Jan-17,54.94
6-Jan-17,57.1
5-Jan-17,56.89
4-Jan-17,56.46
3-Jan-17,55.47
30-Dec-16,56.82
29-Dec-16,56.14
28-Dec-16,56.22
27-Dec-16,56.09
23-Dec-16,55.16
22-Dec-16,55.05
21-Dec-16,54.46
20-Dec-16,55.35
19-Dec-16,54.92
16-Dec-16,55.21
15-Dec-16,54.02
14-Dec-16,53.9
13-Dec-16,55.72
12-Dec-16,55.69
9-Dec-16,54.33
8-Dec-16,53.89
7-Dec-16,53
6-Dec-16,53.93
5-Dec-16,54.94
2-Dec-16,54.46
1-Dec-16,53.94
30-Nov-16,50.47
29-Nov-16,46.38
28-Nov-16,48.24
25-Nov-16,47.24
24-Nov-16,49
23-Nov-16,48.95
22-Nov-16,49.12
21-Nov-16,48.9
18-Nov-16,46.86
17-Nov-16,46.49
16-Nov-16,46.63
15-Nov-16,46.95
14-Nov-16,44.43
11-Nov-16,44.75
10-Nov-16,45.84
9-Nov-16,46.36
8-Nov-16,46.04
7-Nov-16,46.15
4-Nov-16,45.58
3-Nov-16,46.35
2-Nov-16,46.86
1-Nov-16,48.14
31-Oct-16,48.3
28-Oct-16,49.71
27-Oct-16,50.47
26-Oct-16,49.98
25-Oct-16,50.79
24-Oct-16,51.46
21-Oct-16,51.78
20-Oct-16,51.38
19-Oct-16,52.67
18-Oct-16,51.68
17-Oct-16,51.52
14-Oct-16,51.95
13-Oct-16,52.03
12-Oct-16,51.81
11-Oct-16,52.41
10-Oct-16,53.14
7-Oct-16,51.93
6-Oct-16,52.51
5-Oct-16,51.86
4-Oct-16,50.87
3-Oct-16,50.89
30-Sep-16,49.06
29-Sep-16,49.24
28-Sep-16,48.69
27-Sep-16,45.97
26-Sep-16,47.35
23-Sep-16,45.89
22-Sep-16,47.65
21-Sep-16,46.83
20-Sep-16,45.88
19-Sep-16,45.95
16-Sep-16,45.77
15-Sep-16,46.59
14-Sep-16,45.85
13-Sep-16,47.1
12-Sep-16,48.32
9-Sep-16,48.01
8-Sep-16,49.99
7-Sep-16,47.98
6-Sep-16,47.26
5-Sep-16,47.63
2-Sep-16,46.83
1-Sep-16,45.45
31-Aug-16,47.04
30-Aug-16,48.37
29-Aug-16,49.26
26-Aug-16,49.92
25-Aug-16,49.67
24-Aug-16,49.05
23-Aug-16,49.96
22-Aug-16,49.16
19-Aug-16,50.88
18-Aug-16,50.89
17-Aug-16,49.85
16-Aug-16,49.23
15-Aug-16,48.35
12-Aug-16,46.97
11-Aug-16,46.04
10-Aug-16,44.05
9-Aug-16,44.98
8-Aug-16,45.39
5-Aug-16,44.27
4-Aug-16,44.29
3-Aug-16,43.1
2-Aug-16,41.8
1-Aug-16,42.14
29-Jul-16,42.46
28-Jul-16,42.7
27-Jul-16,43.47
26-Jul-16,44.87
25-Jul-16,44.72
22-Jul-16,45.69
21-Jul-16,46.2
20-Jul-16,47.17
19-Jul-16,46.66
18-Jul-16,46.96
15-Jul-16,47.61
14-Jul-16,47.37
13-Jul-16,46.26
12-Jul-16,48.47
11-Jul-16,46.25
8-Jul-16,46.76
7-Jul-16,46.4
6-Jul-16,48.8
5-Jul-16,47.96
4-Jul-16,50.1
1-Jul-16,50.35
30-Jun-16,49.68
29-Jun-16,50.61
28-Jun-16,48.58
27-Jun-16,47.16
24-Jun-16,48.41
23-Jun-16,50.91
22-Jun-16,49.88
21-Jun-16,50.62
20-Jun-16,50.65
17-Jun-16,49.17
16-Jun-16,47.19
15-Jun-16,48.97
14-Jun-16,49.83
13-Jun-16,50.35
10-Jun-16,50.54
9-Jun-16,51.95
8-Jun-16,52.51
7-Jun-16,51.44
6-Jun-16,50.55
3-Jun-16,49.64
2-Jun-16,50.04
1-Jun-16,49.72
31-May-16,49.69
30-May-16,49.76
27-May-16,49.32
26-May-16,49.59
25-May-16,49.74
24-May-16,48.61
23-May-16,48.35
20-May-16,48.72
19-May-16,48.81
18-May-16,48.93
17-May-16,49.28
16-May-16,48.97
13-May-16,47.83
12-May-16,48.08
11-May-16,47.6
10-May-16,45.52
9-May-16,43.63
6-May-16,45.37
5-May-16,45.01
4-May-16,44.62
3-May-16,44.97
2-May-16,45.83
29-Apr-16,48.13
28-Apr-16,48.14
27-Apr-16,47.18
26-Apr-16,45.74
25-Apr-16,44.48
22-Apr-16,45.11
21-Apr-16,44.53
20-Apr-16,45.8
19-Apr-16,44.03
18-Apr-16,42.91
15-Apr-16,43.1
14-Apr-16,43.84
13-Apr-16,44.18
12-Apr-16,44.69
11-Apr-16,42.83
8-Apr-16,41.94
7-Apr-16,39.43
6-Apr-16,39.84
5-Apr-16,37.87
4-Apr-16,37.69
1-Apr-16,38.67
31-Mar-16,39.6
30-Mar-16,39.26
29-Mar-16,39.14
28-Mar-16,40.27
24-Mar-16,40.44
23-Mar-16,40.47
22-Mar-16,41.79
21-Mar-16,41.54
18-Mar-16,41.2
17-Mar-16,41.54
16-Mar-16,40.33
15-Mar-16,38.74
14-Mar-16,39.53
11-Mar-16,40.39
10-Mar-16,40.05
9-Mar-16,41.07
8-Mar-16,39.65
7-Mar-16,40.84
4-Mar-16,38.72
3-Mar-16,37.07
2-Mar-16,36.93
1-Mar-16,36.81
29-Feb-16,35.97
26-Feb-16,35.1
25-Feb-16,35.29
24-Feb-16,34.41
23-Feb-16,33.27
22-Feb-16,34.69
19-Feb-16,33.01
18-Feb-16,34.28
17-Feb-16,34.5
16-Feb-16,32.18
15-Feb-16,33.39
12-Feb-16,33.36
11-Feb-16,30.06
10-Feb-16,30.84
9-Feb-16,30.32
8-Feb-16,32.88
5-Feb-16,34.06
4-Feb-16,34.46
3-Feb-16,35.04
2-Feb-16,32.72
1-Feb-16,34.24
29-Jan-16,34.74
28-Jan-16,33.89
27-Jan-16,33.1
26-Jan-16,31.8
25-Jan-16,30.5
22-Jan-16,32.18
21-Jan-16,29.25
20-Jan-16,27.88
19-Jan-16,28.76
18-Jan-16,28.55
15-Jan-16,28.94
14-Jan-16,31.03
13-Jan-16,30.31
12-Jan-16,30.86
11-Jan-16,31.55
8-Jan-16,33.55
7-Jan-16,33.75
6-Jan-16,34.23
5-Jan-16,36.42
4-Jan-16,37.22
31-Dec-15,37.28
30-Dec-15,36.46
29-Dec-15,37.79
28-Dec-15,36.62
24-Dec-15,37.89
23-Dec-15,37.36
22-Dec-15,36.11
21-Dec-15,36.35
18-Dec-15,36.88
17-Dec-15,37.06
16-Dec-15,37.19
15-Dec-15,38.45
14-Dec-15,37.92
11-Dec-15,37.93
10-Dec-15,39.73
9-Dec-15,40.11
8-Dec-15,40.26
7-Dec-15,40.73
4-Dec-15,43
3-Dec-15,43.84
2-Dec-15,42.49
1-Dec-15,44.44
30-Nov-15,44.61
27-Nov-15,44.86
26-Nov-15,45.46
25-Nov-15,46.17
24-Nov-15,46.12
23-Nov-15,44.83
20-Nov-15,44.66
19-Nov-15,44.18
18-Nov-15,44.14
17-Nov-15,43.57
16-Nov-15,44.56
13-Nov-15,43.61
12-Nov-15,44.06
11-Nov-15,45.81
10-Nov-15,47.44
9-Nov-15,47.19
6-Nov-15,47.42
5-Nov-15,47.98
4-Nov-15,48.58
3-Nov-15,50.54
2-Nov-15,48.79
30-Oct-15,49.56
29-Oct-15,48.8
28-Oct-15,49.05
27-Oct-15,46.81
26-Oct-15,47.54
23-Oct-15,47.99
22-Oct-15,48.08
21-Oct-15,47.85
20-Oct-15,48.71
19-Oct-15,48.61
16-Oct-15,50.46
15-Oct-15,48.71
14-Oct-15,49.15
13-Oct-15,49.24
12-Oct-15,49.86
9-Oct-15,52.65
8-Oct-15,53.05
7-Oct-15,51.33
6-Oct-15,51.92
5-Oct-15,49.25
2-Oct-15,48.13
1-Oct-15,47.69
30-Sep-15,48.37
29-Sep-15,48.23
28-Sep-15,47.34
25-Sep-15,48.6
24-Sep-15,48.17
23-Sep-15,47.75
22-Sep-15,49.08
21-Sep-15,48.92
18-Sep-15,47.47
17-Sep-15,49.08
16-Sep-15,49.75
15-Sep-15,46.63
14-Sep-15,46.37
11-Sep-15,48.14
10-Sep-15,48.89
9-Sep-15,47.58
8-Sep-15,49.52
7-Sep-15,47.63
4-Sep-15,49.61
3-Sep-15,50.68
2-Sep-15,50.5
1-Sep-15,49.56
31-Aug-15,54.15
28-Aug-15,50.05
27-Aug-15,47.56
26-Aug-15,43.14
25-Aug-15,43.21
24-Aug-15,42.69
21-Aug-15,45.46
20-Aug-15,46.62
19-Aug-15,47.16
18-Aug-15,48.81
17-Aug-15,48.74
14-Aug-15,49.03
13-Aug-15,49.22
12-Aug-15,49.66
11-Aug-15,49.18
10-Aug-15,50.41
7-Aug-15,48.61
6-Aug-15,49.52
5-Aug-15,49.59
4-Aug-15,49.99
3-Aug-15,49.52
31-Jul-15,52.21
30-Jul-15,53.31
29-Jul-15,53.38
28-Jul-15,53.3
27-Jul-15,53.47
24-Jul-15,54.62
23-Jul-15,55.27
22-Jul-15,56.13
21-Jul-15,57.04
20-Jul-15,56.65
17-Jul-15,57.1
16-Jul-15,57.51
15-Jul-15,57.05
14-Jul-15,58.51
13-Jul-15,57.85
10-Jul-15,58.73
9-Jul-15,58.61
8-Jul-15,57.05
7-Jul-15,56.85
6-Jul-15,56.54
3-Jul-15,60.32
2-Jul-15,62.07
1-Jul-15,62.01
30-Jun-15,63.59
29-Jun-15,62.01
26-Jun-15,63.26
25-Jun-15,63.2
24-Jun-15,63.49
23-Jun-15,64.45
22-Jun-15,63.34
19-Jun-15,63.02
18-Jun-15,64.26
17-Jun-15,63.87
16-Jun-15,63.7
15-Jun-15,62.61
12-Jun-15,63.87
11-Jun-15,65.11
10-Jun-15,65.7
9-Jun-15,64.88
8-Jun-15,62.69
5-Jun-15,63.31
4-Jun-15,62.03
3-Jun-15,63.8
2-Jun-15,65.49
1-Jun-15,64.88
29-May-15,65.56
28-May-15,62.58
27-May-15,62.06
26-May-15,63.72
25-May-15,65.52
22-May-15,65.37
21-May-15,66.54
20-May-15,65.03
19-May-15,64.02
18-May-15,66.27
15-May-15,66.81
14-May-15,66.59
13-May-15,66.81
12-May-15,66.86
11-May-15,64.91
8-May-15,65.39
7-May-15,65.54
6-May-15,67.77
5-May-15,67.52
4-May-15,66.45
1-May-15,66.46
30-Apr-15,66.78
29-Apr-15,65.84
28-Apr-15,64.64
27-Apr-15,64.83
24-Apr-15,65.28
23-Apr-15,64.85
22-Apr-15,62.73
21-Apr-15,62.08
20-Apr-15,63.45
17-Apr-15,63.45
16-Apr-15,63.98
15-Apr-15,60.32
14-Apr-15,58.43
13-Apr-15,57.93
10-Apr-15,57.87
9-Apr-15,56.57
8-Apr-15,55.55
7-Apr-15,59.1
6-Apr-15,58.12
2-Apr-15,54.95
1-Apr-15,57.1
31-Mar-15,55.11
30-Mar-15,56.29
27-Mar-15,56.41
26-Mar-15,59.19
25-Mar-15,56.48
24-Mar-15,55.11
23-Mar-15,55.92
20-Mar-15,55.32
19-Mar-15,54.43
18-Mar-15,55.91
17-Mar-15,53.51
16-Mar-15,53.44
13-Mar-15,54.67
12-Mar-15,57.08
11-Mar-15,57.54
10-Mar-15,56.39
9-Mar-15,58.53
6-Mar-15,59.73
5-Mar-15,60.48
4-Mar-15,60.55
3-Mar-15,61.02
2-Mar-15,59.54
27-Feb-15,62.58
26-Feb-15,60.05
25-Feb-15,61.63
24-Feb-15,58.66
23-Feb-15,58.9
20-Feb-15,60.22
19-Feb-15,60.21
18-Feb-15,60.53
17-Feb-15,62.53
16-Feb-15,61.4
13-Feb-15,61.52
12-Feb-15,57.05
11-Feb-15,54.66
10-Feb-15,56.43
9-Feb-15,58.34
6-Feb-15,57.8
5-Feb-15,56.57
4-Feb-15,54.16
3-Feb-15,57.91
2-Feb-15,54.75
30-Jan-15,52.99
29-Jan-15,49.13
28-Jan-15,48.47
27-Jan-15,49.6
26-Jan-15,48.16
23-Jan-15,48.79
22-Jan-15,48.52
21-Jan-15,49.03
20-Jan-15,47.99
19-Jan-15,48.84
16-Jan-15,50.17
15-Jan-15,47.67
14-Jan-15,48.69
13-Jan-15,46.59
12-Jan-15,47.43
9-Jan-15,50.11
8-Jan-15,50.96
7-Jan-15,51.15
6-Jan-15,51.1
5-Jan-15,53.11
2-Jan-15,56.42
31-Dec-14,57.33
30-Dec-14,57.9
29-Dec-14,57.88
26-Dec-14,59.45
24-Dec-14,60.24
23-Dec-14,61.69
22-Dec-14,60.11
19-Dec-14,61.38
18-Dec-14,59.27
17-Dec-14,61.18
16-Dec-14,59.86
15-Dec-14,61.06
12-Dec-14,61.85
11-Dec-14,63.68
10-Dec-14,64.24
9-Dec-14,66.84
8-Dec-14,66.19
5-Dec-14,69.07
4-Dec-14,69.64
3-Dec-14,69.92
2-Dec-14,70.54
1-Dec-14,72.54
28-Nov-14,70.15
27-Nov-14,72.58
26-Nov-14,77.75
25-Nov-14,78.33
24-Nov-14,79.68
21-Nov-14,80.36
20-Nov-14,79.33
19-Nov-14,78.1
18-Nov-14,78.47
17-Nov-14,79.31
14-Nov-14,79.41
13-Nov-14,77.92
12-Nov-14,80.38
11-Nov-14,81.67
10-Nov-14,82.34
7-Nov-14,83.39
6-Nov-14,82.86
5-Nov-14,82.95
4-Nov-14,82.82
3-Nov-14,84.78
31-Oct-14,85.86
30-Oct-14,86.24
29-Oct-14,87.12
28-Oct-14,86.03
27-Oct-14,85.83
24-Oct-14,86.13
23-Oct-14,86.83
22-Oct-14,84.71
21-Oct-14,86.22
20-Oct-14,85.4
17-Oct-14,86.16
16-Oct-14,84.47
15-Oct-14,83.78
14-Oct-14,85.04
13-Oct-14,88.89
10-Oct-14,90.21
9-Oct-14,90.05
8-Oct-14,91.38
7-Oct-14,92.11
6-Oct-14,92.79
3-Oct-14,92.31
2-Oct-14,93.42
1-Oct-14,94.16
30-Sep-14,94.67
29-Sep-14,97.2
26-Sep-14,97
25-Sep-14,97
24-Sep-14,96.95
23-Sep-14,96.85
22-Sep-14,96.97
19-Sep-14,98.39
18-Sep-14,97.7
17-Sep-14,98.97
16-Sep-14,99.05
15-Sep-14,96.65
12-Sep-14,97.11
11-Sep-14,98.08
10-Sep-14,98.04
9-Sep-14,99.16
8-Sep-14,100.2
5-Sep-14,100.82
4-Sep-14,101.83
3-Sep-14,102.77
2-Sep-14,100.34
1-Sep-14,102.79
29-Aug-14,103.19
28-Aug-14,102.46
27-Aug-14,102.72
26-Aug-14,102.5
25-Aug-14,102.65
22-Aug-14,102.29
21-Aug-14,102.63
20-Aug-14,102.28
19-Aug-14,101.56
18-Aug-14,101.6
15-Aug-14,103.53
14-Aug-14,102.01
13-Aug-14,104.28
12-Aug-14,103.02
11-Aug-14,104.68
8-Aug-14,105.02
7-Aug-14,105.44
6-Aug-14,104.59
5-Aug-14,104.61
4-Aug-14,105.41
1-Aug-14,104.84
31-Jul-14,106.02
30-Jul-14,106.51
29-Jul-14,107.72
28-Jul-14,107.57
25-Jul-14,108.39
24-Jul-14,107.07
23-Jul-14,108.03
22-Jul-14,107.33
21-Jul-14,107.68
18-Jul-14,107.24
17-Jul-14,107.89
16-Jul-14,105.85
15-Jul-14,106.02
14-Jul-14,106.98
11-Jul-14,106.66
10-Jul-14,108.67
9-Jul-14,108.28
8-Jul-14,108.94
7-Jul-14,110.24
4-Jul-14,110.64
3-Jul-14,111
2-Jul-14,111.24
1-Jul-14,112.29
30-Jun-14,112.36
27-Jun-14,113.3
26-Jun-14,113.21
25-Jun-14,114
24-Jun-14,114.46
23-Jun-14,114.12
20-Jun-14,114.81
19-Jun-14,115.06
18-Jun-14,114.26
17-Jun-14,113.45
16-Jun-14,112.94
13-Jun-14,113.41
12-Jun-14,113.02
11-Jun-14,109.95
10-Jun-14,109.52
9-Jun-14,109.99
6-Jun-14,108.61
5-Jun-14,108.79
4-Jun-14,108.4
3-Jun-14,108.82
2-Jun-14,108.83
30-May-14,109.41
29-May-14,109.97
28-May-14,109.81
27-May-14,110.02
26-May-14,110.32
23-May-14,110.54
22-May-14,110.36
21-May-14,110.55
20-May-14,109.69
19-May-14,109.37
16-May-14,109.75
15-May-14,110.44
14-May-14,110.19
13-May-14,109.24
12-May-14,108.41
9-May-14,107.89
8-May-14,108.04
7-May-14,108.13
6-May-14,107.06
5-May-14,107.72
2-May-14,108.59
1-May-14,107.76
30-Apr-14,108.07
29-Apr-14,108.98
28-Apr-14,108.12
25-Apr-14,109.58
24-Apr-14,110.33
23-Apr-14,109.11
22-Apr-14,109.27
21-Apr-14,109.95
17-Apr-14,109.53
16-Apr-14,109.6
15-Apr-14,108.74
14-Apr-14,109.07
11-Apr-14,107.33
10-Apr-14,107.46
9-Apr-14,107.98
8-Apr-14,107.67
7-Apr-14,105.82
4-Apr-14,106.72
3-Apr-14,106.15
2-Apr-14,104.79
1-Apr-14,105.62
31-Mar-14,107.76
28-Mar-14,108.07
27-Mar-14,107.83
26-Mar-14,107.03
25-Mar-14,106.99
24-Mar-14,106.81
21-Mar-14,106.92
20-Mar-14,106.45
19-Mar-14,105.85
18-Mar-14,106.79
17-Mar-14,106.24
14-Mar-14,108.57
13-Mar-14,107.39
12-Mar-14,108.02
11-Mar-14,108.55
10-Mar-14,108.08
7-Mar-14,109
6-Mar-14,108.1
5-Mar-14,107.76
4-Mar-14,109.3
3-Mar-14,111.2
28-Feb-14,109.07
27-Feb-14,108.96
26-Feb-14,109.52
25-Feb-14,109.51
24-Feb-14,110.64
21-Feb-14,109.85
20-Feb-14,110.3
19-Feb-14,110.47
18-Feb-14,110.46
17-Feb-14,109.18
14-Feb-14,109.08
13-Feb-14,108.73
12-Feb-14,108.79
11-Feb-14,108.68
10-Feb-14,108.63
7-Feb-14,109.57
6-Feb-14,107.19
5-Feb-14,106.25
4-Feb-14,105.78
3-Feb-14,106.04
31-Jan-14,106.4
30-Jan-14,107.95
29-Jan-14,107.85
28-Jan-14,107.41
27-Jan-14,106.69
24-Jan-14,107.88
23-Jan-14,107.58
22-Jan-14,108.27
21-Jan-14,106.73
20-Jan-14,106.35
17-Jan-14,106.48
16-Jan-14,107.09
15-Jan-14,107.13
14-Jan-14,106.39
13-Jan-14,106.75
10-Jan-14,107.25
9-Jan-14,106.39
8-Jan-14,107.15
7-Jan-14,107.35
6-Jan-14,106.73
3-Jan-14,106.89
2-Jan-14,107.78
1-Jan-14,110.92
31-Dec-13,110.8
30-Dec-13,111.21
27-Dec-13,112.18
26-Dec-13,111.98
24-Dec-13,111.9
23-Dec-13,111.56
20-Dec-13,111.77
19-Dec-13,110.29
18-Dec-13,109.63
17-Dec-13,108.44
16-Dec-13,110.47
13-Dec-13,108.83
12-Dec-13,108.67
11-Dec-13,109.7
10-Dec-13,109.38
9-Dec-13,109.39
6-Dec-13,111.61
5-Dec-13,110.98
4-Dec-13,111.88
3-Dec-13,112.62
2-Dec-13,111.45
29-Nov-13,109.69
28-Nov-13,110.86
27-Nov-13,111.31
26-Nov-13,110.88
25-Nov-13,111
22-Nov-13,111.05
21-Nov-13,110.08
20-Nov-13,108.06
19-Nov-13,106.92
18-Nov-13,108.47
15-Nov-13,108.5
14-Nov-13,108.54
13-Nov-13,107.12
12-Nov-13,105.81
11-Nov-13,106.4
8-Nov-13,105.12
7-Nov-13,103.46
6-Nov-13,105.24
5-Nov-13,105.33
4-Nov-13,106.23
1-Nov-13,105.91
31-Oct-13,108.84
30-Oct-13,109.86
29-Oct-13,109.01
28-Oct-13,109.61
25-Oct-13,106.93
24-Oct-13,106.99
23-Oct-13,107.8
22-Oct-13,109.97
21-Oct-13,109.64
18-Oct-13,109.94
17-Oct-13,109.11
16-Oct-13,110.86
15-Oct-13,109.96
14-Oct-13,111.04
11-Oct-13,111.28
10-Oct-13,111.8
9-Oct-13,109.06
8-Oct-13,110.16
7-Oct-13,109.68
4-Oct-13,109.46
3-Oct-13,109
2-Oct-13,109.19
1-Oct-13,107.94
30-Sep-13,108.37
27-Sep-13,108.63
26-Sep-13,109.21
25-Sep-13,108.32
24-Sep-13,108.64
23-Sep-13,108.16
20-Sep-13,109.22
19-Sep-13,108.76
18-Sep-13,110.6
17-Sep-13,108.19
16-Sep-13,110.07
13-Sep-13,112.78
12-Sep-13,112.63
11-Sep-13,111.5
10-Sep-13,111.25
9-Sep-13,113.72
6-Sep-13,116.12
5-Sep-13,115.26
4-Sep-13,114.91
3-Sep-13,115.68
2-Sep-13,114.33
30-Aug-13,114.01
29-Aug-13,115.16
28-Aug-13,116.61
27-Aug-13,114.36
26-Aug-13,110.73
23-Aug-13,111.04
22-Aug-13,109.9
21-Aug-13,109.81
20-Aug-13,110.15
19-Aug-13,109.9
16-Aug-13,110.4
15-Aug-13,111.11
14-Aug-13,110.2
13-Aug-13,109.82
12-Aug-13,108.97
9-Aug-13,108.22
8-Aug-13,106.68
7-Aug-13,107.44
6-Aug-13,108.18
5-Aug-13,108.7
2-Aug-13,108.95
1-Aug-13,109.54
31-Jul-13,107.7
30-Jul-13,106.91
29-Jul-13,107.45
26-Jul-13,107.17
25-Jul-13,107.65
24-Jul-13,107.19
23-Jul-13,108.42
22-Jul-13,108.15
19-Jul-13,108.07
18-Jul-13,108.7
17-Jul-13,108.61
16-Jul-13,109.4
15-Jul-13,109.09
12-Jul-13,108.81
11-Jul-13,107.73
10-Jul-13,108.51
9-Jul-13,107.81
8-Jul-13,107.43
5-Jul-13,107.72
4-Jul-13,105.54
3-Jul-13,105.76
2-Jul-13,104
1-Jul-13,103
28-Jun-13,102.16
27-Jun-13,102.82
26-Jun-13,101.66
25-Jun-13,101.26
24-Jun-13,101.16
21-Jun-13,100.91
20-Jun-13,102.15
19-Jun-13,106.12
18-Jun-13,106.02
17-Jun-13,105.47
14-Jun-13,105.93
13-Jun-13,104.25
12-Jun-13,103.49
11-Jun-13,102.96
10-Jun-13,103.95
7-Jun-13,104.56
6-Jun-13,103.61
5-Jun-13,103.04
4-Jun-13,103.24
3-Jun-13,102.06
31-May-13,100.39
30-May-13,102.19
29-May-13,102.43
28-May-13,104.23
27-May-13,102.62
24-May-13,102.64
23-May-13,102.44
22-May-13,102.6
21-May-13,103.91
20-May-13,104.8
17-May-13,104.64
16-May-13,103.8
15-May-13,103.68
14-May-13,102.6
13-May-13,102.82
10-May-13,103.91
9-May-13,104.47
8-May-13,104.34
7-May-13,104.4
6-May-13,105.46
3-May-13,104.19
2-May-13,102.85
1-May-13,99.95
30-Apr-13,102.37
29-Apr-13,103.81
26-Apr-13,103.16
25-Apr-13,103.41
24-Apr-13,101.73
23-Apr-13,100.31
22-Apr-13,100.39
19-Apr-13,99.65
18-Apr-13,99.13
17-Apr-13,97.69
16-Apr-13,99.91
15-Apr-13,100.39
12-Apr-13,103.11
11-Apr-13,104.27
10-Apr-13,105.79
9-Apr-13,106.23
8-Apr-13,104.66
5-Apr-13,104.12
4-Apr-13,106.34
3-Apr-13,107.11
2-Apr-13,110.69
1-Apr-13,111.08
28-Mar-13,110.02
27-Mar-13,109.69
26-Mar-13,109.36
25-Mar-13,108.17
22-Mar-13,107.66
21-Mar-13,107.47
20-Mar-13,108.72
19-Mar-13,107.45
18-Mar-13,109.51
15-Mar-13,109.82
14-Mar-13,109.42
13-Mar-13,108.52
12-Mar-13,109.65
11-Mar-13,110.22
8-Mar-13,110.85
7-Mar-13,111.15
6-Mar-13,111.06
5-Mar-13,111.61
4-Mar-13,110.09
1-Mar-13,110.4
28-Feb-13,111.38
27-Feb-13,111.87
26-Feb-13,112.71
25-Feb-13,114.44
22-Feb-13,114.1
21-Feb-13,113.53
20-Feb-13,115.6
19-Feb-13,117.52
18-Feb-13,117.38
15-Feb-13,117.66
14-Feb-13,118
13-Feb-13,118.72
12-Feb-13,118.66
11-Feb-13,118.13
8-Feb-13,118.9
7-Feb-13,117.24
6-Feb-13,116.73
5-Feb-13,116.52
4-Feb-13,115.6
1-Feb-13,116.76
31-Jan-13,115.55
30-Jan-13,114.9
29-Jan-13,114.36
28-Jan-13,113.48
25-Jan-13,113.28
24-Jan-13,113.28
23-Jan-13,112.8
22-Jan-13,112.42
21-Jan-13,111.71
18-Jan-13,111.89
17-Jan-13,111.1
16-Jan-13,110.61
15-Jan-13,110.3
14-Jan-13,111.88
11-Jan-13,110.64
10-Jan-13,111.89
9-Jan-13,111.76
8-Jan-13,111.94
7-Jan-13,111.4
4-Jan-13,111.31
3-Jan-13,112.14
2-Jan-13,112.47
31-Dec-12,111.11
28-Dec-12,110.62
27-Dec-12,110.8
26-Dec-12,111.07
24-Dec-12,108.8
21-Dec-12,108.97
20-Dec-12,110.2
19-Dec-12,110.36
18-Dec-12,108.84
17-Dec-12,107.64
14-Dec-12,109.15
13-Dec-12,107.91
12-Dec-12,109.5
11-Dec-12,108.01
10-Dec-12,107.33
7-Dec-12,107.02
6-Dec-12,107.03
5-Dec-12,108.81
4-Dec-12,109.84
3-Dec-12,110.92
30-Nov-12,111.23
29-Nov-12,110.76
28-Nov-12,109.51
27-Nov-12,109.87
26-Nov-12,110.92
23-Nov-12,111.38
22-Nov-12,110.55
21-Nov-12,110.86
20-Nov-12,109.83
19-Nov-12,111.7
16-Nov-12,108.95
15-Nov-12,110.98
14-Nov-12,109.61
13-Nov-12,108.26
12-Nov-12,109.07
9-Nov-12,109.4
8-Nov-12,107.25
7-Nov-12,106.82
6-Nov-12,111.07
5-Nov-12,107.73
2-Nov-12,105.68
1-Nov-12,108.17
31-Oct-12,108.7
30-Oct-12,109.08
29-Oct-12,109.44
26-Oct-12,109.55
25-Oct-12,108.49
24-Oct-12,107.85
23-Oct-12,108.25
22-Oct-12,109.44
19-Oct-12,110.14
18-Oct-12,112.42
17-Oct-12,113.22
16-Oct-12,115.07
15-Oct-12,115.8
12-Oct-12,114.62
11-Oct-12,115.71
10-Oct-12,114.33
9-Oct-12,114.5
8-Oct-12,111.82
5-Oct-12,112.02
4-Oct-12,112.58
3-Oct-12,108.17
2-Oct-12,111.57
1-Oct-12,112.19
28-Sep-12,112.39
27-Sep-12,112.01
26-Sep-12,110.04
25-Sep-12,110.45
24-Sep-12,109.81
21-Sep-12,111.42
20-Sep-12,110.03
19-Sep-12,108.19
18-Sep-12,112.03
17-Sep-12,113.79
14-Sep-12,116.66
13-Sep-12,116.9
12-Sep-12,115.96
11-Sep-12,115.4
10-Sep-12,114.81
7-Sep-12,114.25
6-Sep-12,113.49
5-Sep-12,113.09
4-Sep-12,114.18
3-Sep-12,115.78
31-Aug-12,114.57
30-Aug-12,112.65
29-Aug-12,112.54
28-Aug-12,112.58
27-Aug-12,112.26
24-Aug-12,113.59
23-Aug-12,115.01
22-Aug-12,114.91
21-Aug-12,114.64
20-Aug-12,113.7
17-Aug-12,113.71
16-Aug-12,116.9
15-Aug-12,116.25
14-Aug-12,114.03
13-Aug-12,113.6
10-Aug-12,112.95
9-Aug-12,113.22
8-Aug-12,112.14
7-Aug-12,112
6-Aug-12,109.55
3-Aug-12,108.94
2-Aug-12,105.9
1-Aug-12,105.96
31-Jul-12,104.92
30-Jul-12,106.2
27-Jul-12,106.47
26-Jul-12,105.26
25-Jul-12,104.38
24-Jul-12,103.42
23-Jul-12,103.26
20-Jul-12,106.83
19-Jul-12,107.8
18-Jul-12,105.16
17-Jul-12,104
16-Jul-12,103.55
13-Jul-12,102.4
12-Jul-12,101.07
11-Jul-12,100.23
10-Jul-12,97.97
9-Jul-12,100.32
6-Jul-12,98.19
5-Jul-12,100.7
4-Jul-12,99.77
3-Jul-12,100.68
2-Jul-12,97.34
29-Jun-12,97.8
28-Jun-12,91.36
27-Jun-12,93.5
26-Jun-12,93.02
25-Jun-12,91.01
22-Jun-12,90.98
21-Jun-12,89.23
20-Jun-12,92.69
19-Jun-12,95.76
18-Jun-12,96.05
15-Jun-12,97.61
14-Jun-12,97.03
13-Jun-12,97.13
12-Jun-12,97.14
11-Jun-12,98
8-Jun-12,99.47
7-Jun-12,99.93
6-Jun-12,100.64
5-Jun-12,98.84
4-Jun-12,98.85
1-Jun-12,98.43
31-May-12,101.87
30-May-12,103.47
29-May-12,106.68
28-May-12,107.11
25-May-12,106.83
24-May-12,106.55
23-May-12,105.56
22-May-12,108.41
21-May-12,108.81
18-May-12,107.14
17-May-12,107.49
16-May-12,111.71
15-May-12,112.24
14-May-12,111.57
11-May-12,112.26
10-May-12,112.73
9-May-12,113.2
8-May-12,112.73
7-May-12,113.16
4-May-12,113.18
3-May-12,116.08
2-May-12,118.2
1-May-12,119.66
30-Apr-12,119.47
27-Apr-12,119.83
26-Apr-12,119.92
25-Apr-12,119.12
24-Apr-12,118.16
23-Apr-12,118.71
20-Apr-12,118.76
19-Apr-12,118
18-Apr-12,117.97
17-Apr-12,118.78
16-Apr-12,118.68
13-Apr-12,121.83
12-Apr-12,121.71
11-Apr-12,120.18
10-Apr-12,119.88
9-Apr-12,122.67
5-Apr-12,123.43
4-Apr-12,122.34
3-Apr-12,124.86
2-Apr-12,125.43
30-Mar-12,122.88
29-Mar-12,122.39
28-Mar-12,124.16
27-Mar-12,125.54
26-Mar-12,125.65
23-Mar-12,125.13
22-Mar-12,123.14
21-Mar-12,124.2
20-Mar-12,124.12
19-Mar-12,125.71
16-Mar-12,125.81
15-Mar-12,123.55
14-Mar-12,124.97
13-Mar-12,126.22
12-Mar-12,125.34
9-Mar-12,125.98
8-Mar-12,125.44
7-Mar-12,124.12
6-Mar-12,121.98
5-Mar-12,123.8
2-Mar-12,123.65
1-Mar-12,126.2
29-Feb-12,122.66
28-Feb-12,121.55
27-Feb-12,124.17
24-Feb-12,125.47
23-Feb-12,123.62
22-Feb-12,122.9
21-Feb-12,121.66
20-Feb-12,120.05
17-Feb-12,119.58
16-Feb-12,120.11
15-Feb-12,118.93
14-Feb-12,118.16
13-Feb-12,117.93
10-Feb-12,117.31
9-Feb-12,118.59
8-Feb-12,117.2
7-Feb-12,116.23
6-Feb-12,115.93
3-Feb-12,114.58
2-Feb-12,112.07
1-Feb-12,111.56
31-Jan-12,110.98
30-Jan-12,110.75
27-Jan-12,111.46
26-Jan-12,110.79
25-Jan-12,109.81
24-Jan-12,110.03
23-Jan-12,110.58
20-Jan-12,109.86
19-Jan-12,111.55
18-Jan-12,110.66
17-Jan-12,111.53
16-Jan-12,111.2
13-Jan-12,110.44
12-Jan-12,111.26
11-Jan-12,112.24
10-Jan-12,113.28
9-Jan-12,112.45
6-Jan-12,113.06
5-Jan-12,112.74
4-Jan-12,113.7
3-Jan-12,112.13
30-Dec-11,107.38
29-Dec-11,108.01
28-Dec-11,107.56
27-Dec-11,109.27
23-Dec-11,107.96
22-Dec-11,107.89
21-Dec-11,107.71
20-Dec-11,106.73
19-Dec-11,103.64
16-Dec-11,103.35
15-Dec-11,105.09
14-Dec-11,105.02
13-Dec-11,109.5
12-Dec-11,107.26
9-Dec-11,108.62
8-Dec-11,108.11
7-Dec-11,109.53
6-Dec-11,110.81
5-Dec-11,109.81
2-Dec-11,109.94
1-Dec-11,108.99
30-Nov-11,110.52
29-Nov-11,110.82
28-Nov-11,109
25-Nov-11,106.4
24-Nov-11,107.78
23-Nov-11,107.02
22-Nov-11,109.03
21-Nov-11,106.88
18-Nov-11,107.56
17-Nov-11,108.22
16-Nov-11,111.88
15-Nov-11,112.39
14-Nov-11,111.89
11-Nov-11,114.16
10-Nov-11,113.71
9-Nov-11,112.31
8-Nov-11,115
7-Nov-11,114.56
4-Nov-11,111.97
3-Nov-11,110.83
2-Nov-11,109.34
1-Nov-11,109.54
31-Oct-11,109.56
28-Oct-11,109.91
27-Oct-11,112.08
26-Oct-11,108.91
25-Oct-11,110.92
24-Oct-11,111.45
21-Oct-11,109.56
20-Oct-11,109.76
19-Oct-11,108.39
18-Oct-11,111.15
17-Oct-11,110.16
14-Oct-11,114.68
13-Oct-11,111.11
12-Oct-11,111.36
11-Oct-11,110.73
10-Oct-11,108.95
7-Oct-11,105.88
6-Oct-11,105.73
5-Oct-11,102.73
4-Oct-11,99.79
3-Oct-11,101.71
30-Sep-11,102.76
29-Sep-11,103.95
28-Sep-11,103.81
27-Sep-11,107.14
26-Sep-11,103.94
23-Sep-11,103.97
22-Sep-11,105.49
21-Sep-11,110.36
20-Sep-11,110.54
19-Sep-11,109.14
16-Sep-11,112.22
15-Sep-11,115.34
14-Sep-11,112.4
13-Sep-11,111.89
12-Sep-11,112.25
9-Sep-11,112.77
8-Sep-11,114.55
7-Sep-11,115.8
6-Sep-11,112.89
5-Sep-11,110.08
2-Sep-11,112.33
1-Sep-11,114.29
31-Aug-11,114.85
30-Aug-11,114.02
29-Aug-11,111.88
26-Aug-11,111.36
25-Aug-11,110.62
24-Aug-11,110.15
23-Aug-11,109.31
22-Aug-11,108.36
19-Aug-11,108.62
18-Aug-11,106.99
17-Aug-11,110.6
16-Aug-11,109.47
15-Aug-11,109.91
12-Aug-11,108.03
11-Aug-11,108.02
10-Aug-11,106.68
9-Aug-11,102.57
8-Aug-11,103.74
5-Aug-11,109.37
4-Aug-11,107.25
3-Aug-11,113.23
2-Aug-11,116.46
1-Aug-11,116.81
29-Jul-11,116.74
28-Jul-11,117.36
27-Jul-11,117.43
26-Jul-11,118.28
25-Jul-11,117.94
22-Jul-11,118.67
21-Jul-11,117.51
20-Jul-11,118.15
19-Jul-11,117.06
18-Jul-11,116.05
15-Jul-11,117.26
14-Jul-11,118.32
13-Jul-11,118.78
12-Jul-11,117.75
11-Jul-11,117.24
8-Jul-11,118.33
7-Jul-11,118.59
6-Jul-11,113.62
5-Jul-11,113.61
4-Jul-11,111.39
1-Jul-11,111.77
30-Jun-11,112.48
29-Jun-11,112.4
28-Jun-11,108.78
27-Jun-11,105.99
24-Jun-11,105.12
23-Jun-11,107.26
22-Jun-11,114.21
21-Jun-11,110.95
20-Jun-11,111.69
17-Jun-11,113.21
16-Jun-11,114.02
15-Jun-11,117.1
14-Jun-11,120.16
13-Jun-11,119.1
10-Jun-11,118.78
9-Jun-11,119.57
8-Jun-11,117.85
7-Jun-11,116.78
6-Jun-11,114.48
3-Jun-11,115.84
2-Jun-11,115.54
1-Jun-11,114.53
31-May-11,116.73
30-May-11,114.68
27-May-11,115.03
26-May-11,115.05
25-May-11,114.93
24-May-11,112.53
23-May-11,110.1
20-May-11,112.39
19-May-11,111.42
18-May-11,112.3
17-May-11,109.99
16-May-11,112.73
13-May-11,113.83
12-May-11,112.98
11-May-11,112.57
10-May-11,117.63
9-May-11,115.9
6-May-11,109.13
5-May-11,110.8
4-May-11,121.19
3-May-11,122.45
2-May-11,125.12
29-Apr-11,125.89
28-Apr-11,125.02
27-Apr-11,125.13
26-Apr-11,124.14
25-Apr-11,123.66
21-Apr-11,123.99
20-Apr-11,123.85
19-Apr-11,121.33
18-Apr-11,121.61
15-Apr-11,123.45
14-Apr-11,122.36
13-Apr-11,122.88
12-Apr-11,120.92
11-Apr-11,123.98
8-Apr-11,126.65
7-Apr-11,122.67
6-Apr-11,122.3
5-Apr-11,122.22
4-Apr-11,121.06
1-Apr-11,118.7
31-Mar-11,117.36
30-Mar-11,115.13
29-Mar-11,115.16
28-Mar-11,114.8
25-Mar-11,115.59
24-Mar-11,115.72
23-Mar-11,115.55
22-Mar-11,115.7
21-Mar-11,114.96
18-Mar-11,113.93
17-Mar-11,114.9
16-Mar-11,110.62
15-Mar-11,108.52
14-Mar-11,113.67
11-Mar-11,113.84
10-Mar-11,115.43
9-Mar-11,115.94
8-Mar-11,113.06
7-Mar-11,115.04
4-Mar-11,115.97
3-Mar-11,114.79
2-Mar-11,116.35
1-Mar-11,115.42
28-Feb-11,111.8
25-Feb-11,112.14
24-Feb-11,111.36
23-Feb-11,111.25
22-Feb-11,105.78
21-Feb-11,105.74
18-Feb-11,102.52
17-Feb-11,102.59
16-Feb-11,103.78
15-Feb-11,101.64
14-Feb-11,103.08
11-Feb-11,101.43
10-Feb-11,100.87
9-Feb-11,101.82
8-Feb-11,99.92
7-Feb-11,99.25
4-Feb-11,99.83
3-Feb-11,101.76
2-Feb-11,102.34
1-Feb-11,101.74
31-Jan-11,101.01
28-Jan-11,99.42
27-Jan-11,97.39
26-Jan-11,97.91
25-Jan-11,95.25
24-Jan-11,96.61
21-Jan-11,97.6
20-Jan-11,96.58
19-Jan-11,98.16
18-Jan-11,97.8
17-Jan-11,97.43
14-Jan-11,98.68
13-Jan-11,98.06
12-Jan-11,98.12
11-Jan-11,97.61
10-Jan-11,95.7
7-Jan-11,93.33
6-Jan-11,94.52
5-Jan-11,95.5
4-Jan-11,93.53
3-Jan-11,94.84
31-Dec-10,94.75
30-Dec-10,93.09
29-Dec-10,94.14
28-Dec-10,94.38
27-Dec-10,93.85
24-Dec-10,93.77
23-Dec-10,94.25
22-Dec-10,93.65
21-Dec-10,93.2
20-Dec-10,92.74
17-Dec-10,91.67
16-Dec-10,91.71
15-Dec-10,92.2
14-Dec-10,91.21
13-Dec-10,91.19
10-Dec-10,90.48
9-Dec-10,90.99
8-Dec-10,90.77
7-Dec-10,91.39
6-Dec-10,91.45
3-Dec-10,91.42
2-Dec-10,90.69
1-Dec-10,88.87
30-Nov-10,85.92
29-Nov-10,87.34
26-Nov-10,85.58
25-Nov-10,86.1
24-Nov-10,85.84
23-Nov-10,83.25
22-Nov-10,83.96
19-Nov-10,84.34
18-Nov-10,85.05
17-Nov-10,83.28
16-Nov-10,84.73
15-Nov-10,86.7
12-Nov-10,86.34
11-Nov-10,88.81
10-Nov-10,88.96
9-Nov-10,88.33
8-Nov-10,88.46
5-Nov-10,88.11
4-Nov-10,88
3-Nov-10,86.38
2-Nov-10,85.41
1-Nov-10,84.62
29-Oct-10,83.15
28-Oct-10,83.59
27-Oct-10,83.23
26-Oct-10,83.66
25-Oct-10,83.54
22-Oct-10,82.96
21-Oct-10,81.83
20-Oct-10,83.6
19-Oct-10,81.1
18-Oct-10,84.37
15-Oct-10,82.45
14-Oct-10,84.53
13-Oct-10,84.64
12-Oct-10,83.5
11-Oct-10,83.72
8-Oct-10,84.03
7-Oct-10,83.43
6-Oct-10,85.06
5-Oct-10,84.84
4-Oct-10,83.28
1-Oct-10,83.75
30-Sep-10,82.31
29-Sep-10,80.77
28-Sep-10,78.71
27-Sep-10,78.57
24-Sep-10,78.87
23-Sep-10,78.11
22-Sep-10,77.95
21-Sep-10,78.42
20-Sep-10,79.32
17-Sep-10,78.21
16-Sep-10,78.48
15-Sep-10,78.91
14-Sep-10,79.16
13-Sep-10,79.03
10-Sep-10,78.16
9-Sep-10,77.47
8-Sep-10,78.17
7-Sep-10,77.74
6-Sep-10,76.87
3-Sep-10,76.67
2-Sep-10,76.93
1-Sep-10,76.35
31-Aug-10,74.64
30-Aug-10,76.6
27-Aug-10,76.65
26-Aug-10,75.02
25-Aug-10,73.48
24-Aug-10,72.38
23-Aug-10,73.62
20-Aug-10,74.26
19-Aug-10,75.3
18-Aug-10,76.47
17-Aug-10,76.93
16-Aug-10,74.85
13-Aug-10,75.11
12-Aug-10,75.52
11-Aug-10,77.64
10-Aug-10,79.6
9-Aug-10,80.99
6-Aug-10,80.16
5-Aug-10,81.61
4-Aug-10,82.2
3-Aug-10,82.68
2-Aug-10,80.82
30-Jul-10,78.18
29-Jul-10,77.59
28-Jul-10,76.06
27-Jul-10,76.13
26-Jul-10,77.5
23-Jul-10,77.45
22-Jul-10,77.82
21-Jul-10,75.37
20-Jul-10,76.22
19-Jul-10,75.62
16-Jul-10,75.37
15-Jul-10,76.19
14-Jul-10,76.77
13-Jul-10,76.65
12-Jul-10,74.37
9-Jul-10,75.42
8-Jul-10,74.71
7-Jul-10,73.51
6-Jul-10,71.45
5-Jul-10,71.47
2-Jul-10,71.65
1-Jul-10,72.34
30-Jun-10,75.01
29-Jun-10,75.44
28-Jun-10,77.59
25-Jun-10,78.12
24-Jun-10,76.47
23-Jun-10,76.27
22-Jun-10,78.04
21-Jun-10,78.82
18-Jun-10,78.22
17-Jun-10,78.68
16-Jun-10,78.14
15-Jun-10,76.2
14-Jun-10,75.2
11-Jun-10,74.35
10-Jun-10,75.29
9-Jun-10,74.27
8-Jun-10,72.3
7-Jun-10,72.12
4-Jun-10,72.09
3-Jun-10,75.41
2-Jun-10,73.75
1-Jun-10,72.71
31-May-10,74.65
28-May-10,74.02
27-May-10,74.66
26-May-10,71.74
25-May-10,69.55
24-May-10,71.17
21-May-10,71.68
20-May-10,71.84
19-May-10,73.69
18-May-10,74.43
17-May-10,75.1
14-May-10,77.18
13-May-10,80.11
12-May-10,81.2
11-May-10,80.49
10-May-10,80.12
7-May-10,78.27
6-May-10,79.83
5-May-10,82.61
4-May-10,85.67
3-May-10,88.94
30-Apr-10,87.44
29-Apr-10,86.9
28-Apr-10,86.16
27-Apr-10,85.78
26-Apr-10,86.83
23-Apr-10,87.25
22-Apr-10,85.67
21-Apr-10,85.7
20-Apr-10,84.8
19-Apr-10,84.23
16-Apr-10,85.99
15-Apr-10,87.17
14-Apr-10,86.15
13-Apr-10,84.72
12-Apr-10,84.77
9-Apr-10,84.83
8-Apr-10,84.81
7-Apr-10,85.59
6-Apr-10,86.15
5-Apr-10,85.88
1-Apr-10,84.01
31-Mar-10,82.7
30-Mar-10,81.28
29-Mar-10,81.17
26-Mar-10,79.29
25-Mar-10,79.61
24-Mar-10,79.62
23-Mar-10,80.7
22-Mar-10,80.54
19-Mar-10,79.88
18-Mar-10,81.48
17-Mar-10,81.96
16-Mar-10,79.02
15-Mar-10,77.89
12-Mar-10,79.39
11-Mar-10,80.28
10-Mar-10,80.48
9-Mar-10,79.91
8-Mar-10,80.47
5-Mar-10,79.89
4-Mar-10,78.54
3-Mar-10,79.25
2-Mar-10,78.18
1-Mar-10,76.89
26-Feb-10,77.59
25-Feb-10,76.29
24-Feb-10,78.09
23-Feb-10,77.25
22-Feb-10,78.61
19-Feb-10,78.19
18-Feb-10,77.78
17-Feb-10,76.27
16-Feb-10,75.68
15-Feb-10,72.51
12-Feb-10,72.9
11-Feb-10,73.05
10-Feb-10,72.54
9-Feb-10,72.13
8-Feb-10,70.11
5-Feb-10,69.59
4-Feb-10,72.13
3-Feb-10,75.92
2-Feb-10,76.06
1-Feb-10,73.11
29-Jan-10,71.46
28-Jan-10,72.13
27-Jan-10,72.24
26-Jan-10,73.29
25-Jan-10,73.69
22-Jan-10,72.83
21-Jan-10,74.58
20-Jan-10,76.32
19-Jan-10,77.63
18-Jan-10,77.1
15-Jan-10,77.11
14-Jan-10,77.82
13-Jan-10,78.31
12-Jan-10,79.3
11-Jan-10,80.97
8-Jan-10,81.37
7-Jan-10,81.51
6-Jan-10,81.89
5-Jan-10,80.59
4-Jan-10,80.12
31-Dec-09,77.93
30-Dec-09,78.03
29-Dec-09,77.64
28-Dec-09,77.32
24-Dec-09,76.31
23-Dec-09,75.45
22-Dec-09,73.46
21-Dec-09,72.99
18-Dec-09,73.75
17-Dec-09,73.37
16-Dec-09,73.55
15-Dec-09,72.05
14-Dec-09,71.89
11-Dec-09,71.88
10-Dec-09,71.86
9-Dec-09,72.39
8-Dec-09,75.19
7-Dec-09,76.43
4-Dec-09,77.52
3-Dec-09,78.36
2-Dec-09,77.88
1-Dec-09,79.35
30-Nov-09,78.47
27-Nov-09,77.18
26-Nov-09,76.99
25-Nov-09,78.44
24-Nov-09,76.46
23-Nov-09,77.46
20-Nov-09,77.2
19-Nov-09,77.64
18-Nov-09,79.47
17-Nov-09,78.97
16-Nov-09,78.76
13-Nov-09,75.55
12-Nov-09,76.02
11-Nov-09,77.95
10-Nov-09,77.5
9-Nov-09,77.77
6-Nov-09,75.87
5-Nov-09,77.99
4-Nov-09,78.89
3-Nov-09,78.11
2-Nov-09,76.55
30-Oct-09,75.2
29-Oct-09,78.04
28-Oct-09,75.86
27-Oct-09,77.92
26-Oct-09,77.26
23-Oct-09,78.92
22-Oct-09,79.51
21-Oct-09,79.69
20-Oct-09,77.24
19-Oct-09,77.77
16-Oct-09,76.99
15-Oct-09,74.45
14-Oct-09,73.1
13-Oct-09,72.4
12-Oct-09,71.36
9-Oct-09,70
8-Oct-09,69.77
7-Oct-09,67.2
6-Oct-09,68.56
5-Oct-09,68.04
2-Oct-09,68.07
1-Oct-09,69.19
30-Sep-09,69.07
29-Sep-09,65.49
28-Sep-09,65.54
25-Sep-09,65.11
24-Sep-09,64.82
23-Sep-09,67.99
22-Sep-09,70.53
21-Sep-09,68.69
18-Sep-09,71.32
17-Sep-09,71.55
16-Sep-09,71.67
15-Sep-09,67.35
14-Sep-09,67.44
11-Sep-09,67.69
10-Sep-09,69.86
9-Sep-09,69.83
8-Sep-09,69.42
7-Sep-09,66.53
4-Sep-09,66.82
3-Sep-09,67.12
2-Sep-09,67.66
1-Sep-09,67.73
31-Aug-09,69.65
28-Aug-09,72.79
27-Aug-09,72.51
26-Aug-09,71.65
25-Aug-09,71.82
24-Aug-09,74.26
21-Aug-09,74.19
20-Aug-09,73.33
19-Aug-09,74.59
18-Aug-09,72.37
17-Aug-09,70.54
14-Aug-09,72.41
13-Aug-09,73.48
12-Aug-09,72.89
11-Aug-09,72.46
10-Aug-09,73.5
7-Aug-09,73.59
6-Aug-09,74.83
5-Aug-09,75.51
4-Aug-09,74.28
3-Aug-09,73.55
31-Jul-09,71.7
30-Jul-09,70.11
29-Jul-09,66.53
28-Jul-09,69.88
27-Jul-09,70.81
24-Jul-09,70.32
23-Jul-09,69.25
22-Jul-09,67.21
21-Jul-09,66.87
20-Jul-09,66.44
17-Jul-09,65.38
16-Jul-09,62.75
15-Jul-09,63.09
14-Jul-09,60.86
13-Jul-09,60.69
10-Jul-09,60.52
9-Jul-09,61.1
8-Jul-09,60.43
7-Jul-09,63.23
6-Jul-09,64.05
3-Jul-09,65.61
2-Jul-09,66.65
1-Jul-09,68.79
30-Jun-09,69.3
29-Jun-09,70.99
26-Jun-09,68.92
25-Jun-09,69.78
24-Jun-09,68.33
23-Jun-09,68.8
22-Jun-09,66.98
19-Jun-09,69.19
18-Jun-09,71.06
17-Jun-09,70.85
16-Jun-09,70.24
15-Jun-09,69.44
12-Jun-09,70.92
11-Jun-09,71.79
10-Jun-09,70.8
9-Jun-09,69.62
8-Jun-09,67.88
5-Jun-09,68.34
4-Jun-09,68.71
3-Jun-09,65.88
2-Jun-09,68.17
1-Jun-09,67.97
29-May-09,65.52
28-May-09,64.39
27-May-09,62.5
26-May-09,61.24
25-May-09,60.21
22-May-09,60.78
21-May-09,59.93
20-May-09,60.59
19-May-09,58.92
18-May-09,58.47
15-May-09,55.98
14-May-09,56.69
13-May-09,57.34
12-May-09,57.94
11-May-09,57.48
8-May-09,58.14
7-May-09,56.47
6-May-09,56.15
5-May-09,54.12
4-May-09,54.58
1-May-09,52.85
30-Apr-09,50.8
29-Apr-09,50.78
28-Apr-09,49.99
27-Apr-09,50.32
24-Apr-09,51.67
23-Apr-09,50.11
22-Apr-09,49.81
21-Apr-09,49.82
20-Apr-09,49.86
17-Apr-09,53.35
16-Apr-09,53.06
15-Apr-09,51.79
14-Apr-09,51.96
13-Apr-09,52.14
9-Apr-09,54.06
8-Apr-09,51.59
7-Apr-09,51.22
6-Apr-09,52.24
3-Apr-09,53.47
2-Apr-09,52.75
1-Apr-09,48.44
31-Mar-09,49.23
30-Mar-09,47.99
27-Mar-09,51.98
26-Mar-09,53.46
25-Mar-09,51.75
24-Mar-09,53.5
23-Mar-09,53.47
20-Mar-09,51.22
19-Mar-09,50.67
18-Mar-09,47.66
17-Mar-09,48.24
16-Mar-09,43.98
13-Mar-09,44.93
12-Mar-09,45.09
11-Mar-09,41.4
10-Mar-09,43.96
9-Mar-09,44.13
6-Mar-09,44.85
5-Mar-09,43.64
4-Mar-09,46.12
3-Mar-09,43.7
2-Mar-09,42.21
27-Feb-09,46.35
26-Feb-09,46.51
25-Feb-09,44.29
24-Feb-09,42.5
23-Feb-09,40.99
20-Feb-09,41.89
19-Feb-09,41.99
18-Feb-09,39.55
17-Feb-09,41.03
16-Feb-09,43.28
13-Feb-09,44.81
12-Feb-09,44.65
11-Feb-09,44.28
10-Feb-09,44.61
9-Feb-09,46.02
6-Feb-09,46.21
5-Feb-09,46.46
4-Feb-09,44.15
3-Feb-09,44.08
2-Feb-09,43.82
30-Jan-09,45.88
29-Jan-09,45.4
28-Jan-09,44.9
27-Jan-09,43.73
26-Jan-09,46.96
23-Jan-09,48.37
22-Jan-09,45.39
21-Jan-09,45.02
20-Jan-09,43.62
19-Jan-09,44.5
16-Jan-09,46.57
15-Jan-09,44.69
14-Jan-09,45.08
13-Jan-09,44.83
12-Jan-09,42.91
9-Jan-09,44.42
8-Jan-09,44.67
7-Jan-09,45.86
6-Jan-09,50.53
5-Jan-09,49.62
2-Jan-09,46.91
31-Dec-08,45.59
30-Dec-08,40.15
29-Dec-08,40.55
26-Dec-08,38.37
24-Dec-08,36.61
23-Dec-08,40.36
22-Dec-08,41.45
19-Dec-08,44
18-Dec-08,43.36
17-Dec-08,45.53
16-Dec-08,44.56
15-Dec-08,44.6
12-Dec-08,46.41
11-Dec-08,47.39
10-Dec-08,42.4
9-Dec-08,41.53
8-Dec-08,43.42
5-Dec-08,39.74
4-Dec-08,42.28
3-Dec-08,45.44
2-Dec-08,45.44
1-Dec-08,47.97
28-Nov-08,53.49
27-Nov-08,53.13
26-Nov-08,53.92
25-Nov-08,50.35
24-Nov-08,53.93
21-Nov-08,49.19
20-Nov-08,48.08
19-Nov-08,51.72
18-Nov-08,51.84
17-Nov-08,52.31
14-Nov-08,54.24
13-Nov-08,51.99
12-Nov-08,52.37
11-Nov-08,55.71
10-Nov-08,59.08
7-Nov-08,57.35
6-Nov-08,57.43
5-Nov-08,61.87
4-Nov-08,66.44
3-Nov-08,60.48
31-Oct-08,65.32
30-Oct-08,63.71
29-Oct-08,65.47
28-Oct-08,60.29
27-Oct-08,61.41
24-Oct-08,62.05
23-Oct-08,65.92
22-Oct-08,64.52
21-Oct-08,69.72
20-Oct-08,72.03
17-Oct-08,69.6
16-Oct-08,66.32
15-Oct-08,70.8
14-Oct-08,74.53
13-Oct-08,77.46
10-Oct-08,74.09
9-Oct-08,82.66
8-Oct-08,84.36
7-Oct-08,84.66
6-Oct-08,83.68
3-Oct-08,90.25
2-Oct-08,90.56
1-Oct-08,95.33
30-Sep-08,98.17
29-Sep-08,93.98
26-Sep-08,103.54
25-Sep-08,104.6
24-Sep-08,102.45
23-Sep-08,103.08
22-Sep-08,106.04
19-Sep-08,99.61
18-Sep-08,95.19
17-Sep-08,94.84
16-Sep-08,89.22
15-Sep-08,92.38
12-Sep-08,97.58
11-Sep-08,97.64
10-Sep-08,98.97
9-Sep-08,100.34
8-Sep-08,103.44
5-Sep-08,104.09
4-Sep-08,106.3
3-Sep-08,108.06
2-Sep-08,108.34
1-Sep-08,109.41
29-Aug-08,114.05
28-Aug-08,114.17
27-Aug-08,116.22
26-Aug-08,114.63
25-Aug-08,114.03
22-Aug-08,113.92
21-Aug-08,120.16
20-Aug-08,114.36
19-Aug-08,113.25
18-Aug-08,111.94
15-Aug-08,112.55
14-Aug-08,112.64
13-Aug-08,113.47
12-Aug-08,111.15
11-Aug-08,112.67
8-Aug-08,113.33
7-Aug-08,117.86
6-Aug-08,117
5-Aug-08,117.7
4-Aug-08,120.68
1-Aug-08,124.18
31-Jul-08,123.98
30-Jul-08,127.1
29-Jul-08,122.71
28-Jul-08,125.84
25-Jul-08,124.52
24-Jul-08,126.44
23-Jul-08,125.29
22-Jul-08,129.55
21-Jul-08,132.61
18-Jul-08,130.19
17-Jul-08,131.07
16-Jul-08,136.19
15-Jul-08,138.75
14-Jul-08,143.92
11-Jul-08,144.49
10-Jul-08,142.03
9-Jul-08,136.58
8-Jul-08,136.43
7-Jul-08,141.87
4-Jul-08,144.42
3-Jul-08,146.08
2-Jul-08,144.26
1-Jul-08,140.67
30-Jun-08,139.83
27-Jun-08,140.31
26-Jun-08,139.83
25-Jun-08,134.33
24-Jun-08,136.46
23-Jun-08,135.91
20-Jun-08,134.86
19-Jun-08,132
18-Jun-08,136.44
17-Jun-08,133.72
16-Jun-08,134.71
13-Jun-08,134.25
12-Jun-08,136.09
11-Jun-08,135.02
10-Jun-08,131.02
9-Jun-08,133.91
6-Jun-08,137.69
5-Jun-08,127.54
4-Jun-08,122.1
3-Jun-08,124.58
2-Jun-08,128.02
30-May-08,127.78
29-May-08,126.89
28-May-08,130.93
27-May-08,128.31
26-May-08,132.37
23-May-08,131.57
22-May-08,130.51
21-May-08,132.7
20-May-08,127.84
19-May-08,125.06
16-May-08,124.99
15-May-08,121.25
14-May-08,121.86
13-May-08,124.1
12-May-08,122.91
9-May-08,125.4
8-May-08,122.84
7-May-08,122.32
6-May-08,120.31
5-May-08,117.99
2-May-08,114.56
1-May-08,110.5
30-Apr-08,111.36
29-Apr-08,113.43
28-Apr-08,116.74
25-Apr-08,116.34
24-Apr-08,114.34
23-Apr-08,116.46
22-Apr-08,115.95
21-Apr-08,114.43
18-Apr-08,113.92
17-Apr-08,112.43
16-Apr-08,112.66
15-Apr-08,111.31
14-Apr-08,109.84
11-Apr-08,108.75
10-Apr-08,108.2
9-Apr-08,108.47
8-Apr-08,106.34
7-Apr-08,107.14
4-Apr-08,104.9
3-Apr-08,102.52
2-Apr-08,103.75
1-Apr-08,100.17
31-Mar-08,100.3
28-Mar-08,103.77
27-Mar-08,105
26-Mar-08,103.99
25-Mar-08,100.6
24-Mar-08,99.86
20-Mar-08,100.38
19-Mar-08,100.72
18-Mar-08,105.56
17-Mar-08,101.75
14-Mar-08,107.55
13-Mar-08,107.54
12-Mar-08,106.27
11-Mar-08,105.25
10-Mar-08,104.16
7-Mar-08,102.38
6-Mar-08,102.61
5-Mar-08,101.64
4-Mar-08,97.52
3-Mar-08,100.48
29-Feb-08,100.1
28-Feb-08,100.9
27-Feb-08,98.27
26-Feb-08,99.47
25-Feb-08,97.69
22-Feb-08,97.01
21-Feb-08,96.24
20-Feb-08,98.42
19-Feb-08,98.56
18-Feb-08,94.91
15-Feb-08,94.63
14-Feb-08,95.09
13-Feb-08,93.32
12-Feb-08,92.86
11-Feb-08,93.53
8-Feb-08,91.94
7-Feb-08,88.51
6-Feb-08,87.78
5-Feb-08,88.82
4-Feb-08,90.47
1-Feb-08,89.44
31-Jan-08,92.21
30-Jan-08,92.53
29-Jan-08,92
28-Jan-08,91.38
25-Jan-08,90.9
24-Jan-08,89.07
23-Jan-08,86.62
22-Jan-08,88.45
21-Jan-08,87.51
18-Jan-08,89.23
17-Jan-08,88.75
16-Jan-08,89.75
15-Jan-08,90.98
14-Jan-08,92.92
11-Jan-08,91.07
10-Jan-08,92.22
9-Jan-08,94.37
8-Jan-08,95.54
7-Jan-08,94.39
4-Jan-08,96.79
3-Jan-08,97.6
2-Jan-08,97.84
31-Dec-07,93.85
28-Dec-07,93.88
27-Dec-07,94.78
26-Dec-07,93.94
24-Dec-07,92.7
21-Dec-07,92.46
20-Dec-07,90.88
19-Dec-07,91.48
18-Dec-07,90.12
17-Dec-07,91.29
14-Dec-07,92.67
13-Dec-07,92.12
12-Dec-07,94.02
11-Dec-07,89.99
10-Dec-07,88.04
7-Dec-07,88.64
6-Dec-07,90.18
5-Dec-07,88.49
4-Dec-07,89.53
3-Dec-07,89.8
30-Nov-07,88.26
29-Nov-07,90.22
28-Nov-07,89.81
27-Nov-07,92.52
26-Nov-07,95.32
23-Nov-07,95.76
22-Nov-07,94.5
21-Nov-07,94.84
20-Nov-07,95.49
19-Nov-07,92.28
16-Nov-07,91.62
15-Nov-07,90.94
14-Nov-07,91.36
13-Nov-07,88.83
12-Nov-07,91.98
9-Nov-07,93.18
8-Nov-07,92.79
7-Nov-07,93.24
6-Nov-07,93.26
5-Nov-07,90.49
2-Nov-07,92.08
1-Nov-07,89.72
31-Oct-07,90.63
30-Oct-07,87.44
29-Oct-07,90.32
26-Oct-07,88.69
25-Oct-07,87.48
24-Oct-07,84.37
23-Oct-07,82.85
22-Oct-07,83.27
19-Oct-07,83.79
18-Oct-07,84.6
17-Oct-07,83.13
16-Oct-07,84.16
15-Oct-07,82.75
12-Oct-07,80.55
11-Oct-07,80.15
10-Oct-07,78.6
9-Oct-07,77.49
8-Oct-07,76.58
5-Oct-07,78.9
4-Oct-07,78.97
3-Oct-07,77.19
2-Oct-07,77.38
1-Oct-07,77.64
28-Sep-07,79.17
27-Sep-07,80.03
26-Sep-07,77.43
25-Sep-07,77.62
24-Sep-07,78.91
21-Sep-07,79.3
20-Sep-07,79.09
19-Sep-07,78.47
18-Sep-07,77.59
17-Sep-07,76.98
14-Sep-07,76.22
13-Sep-07,77.4
12-Sep-07,77.68
11-Sep-07,76.38
10-Sep-07,75.48
7-Sep-07,75.07
6-Sep-07,74.77
5-Sep-07,74.34
4-Sep-07,73.92
3-Sep-07,73.41
31-Aug-07,72.69
30-Aug-07,71.9
29-Aug-07,72.13
28-Aug-07,70.55
27-Aug-07,70.95
24-Aug-07,70.62
23-Aug-07,69.86
22-Aug-07,68.7
21-Aug-07,68.69
20-Aug-07,69.85
17-Aug-07,70.44
16-Aug-07,69.42
15-Aug-07,71.64
14-Aug-07,70.51
13-Aug-07,70.23
10-Aug-07,70.39
9-Aug-07,70.21
8-Aug-07,70.99
7-Aug-07,71.8
6-Aug-07,71.17
3-Aug-07,74.75
2-Aug-07,75.76
1-Aug-07,75.35
31-Jul-07,77.05
30-Jul-07,75.74
27-Jul-07,76.26
26-Jul-07,75.18
25-Jul-07,76.32
24-Jul-07,75.08
23-Jul-07,76.86
20-Jul-07,77.64
19-Jul-07,77.67
18-Jul-07,76.76
17-Jul-07,75.53
16-Jul-07,77.33
13-Jul-07,77.57
12-Jul-07,76.4
11-Jul-07,75.44
10-Jul-07,76.4
9-Jul-07,75.78
6-Jul-07,75.62
5-Jul-07,74.75
4-Jul-07,73.05
3-Jul-07,72.93
2-Jul-07,72.63
29-Jun-07,71.41
28-Jun-07,70.52
27-Jun-07,70.53
26-Jun-07,70.17
25-Jun-07,71.36
22-Jun-07,71.18
21-Jun-07,70.22
20-Jun-07,70.42
19-Jun-07,71.84
18-Jun-07,72.18
15-Jun-07,71.47
14-Jun-07,70.96
13-Jun-07,69.94
12-Jun-07,68.79
11-Jun-07,69.56
8-Jun-07,68.6
7-Jun-07,71.22
6-Jun-07,71.02
5-Jun-07,70.45
4-Jun-07,70.4
1-Jun-07,69.07
31-May-07,68.04
30-May-07,67.84
29-May-07,68.13
28-May-07,69.71
25-May-07,70.69
24-May-07,70.72
23-May-07,70.6
22-May-07,69.52
21-May-07,70.49
18-May-07,69.42
17-May-07,70.27
16-May-07,68.01
15-May-07,68.11
14-May-07,66.83
11-May-07,66.83
10-May-07,65.79
9-May-07,65.2
8-May-07,65.54
7-May-07,64.44
4-May-07,65.31
3-May-07,66.05
2-May-07,66.25
1-May-07,67
30-Apr-07,67.65
27-Apr-07,68.41
26-Apr-07,67.65
25-Apr-07,68.57
24-Apr-07,67.16
23-Apr-07,68.15
20-Apr-07,66.49
19-Apr-07,65.94
18-Apr-07,66.04
17-Apr-07,65.93
16-Apr-07,67.25
13-Apr-07,68.97
12-Apr-07,68.72
11-Apr-07,67.84
10-Apr-07,67.42
9-Apr-07,66.59
5-Apr-07,68.24
4-Apr-07,68.4
3-Apr-07,67.81
2-Apr-07,68.74
30-Mar-07,68.1
29-Mar-07,67.88
28-Mar-07,65.78
27-Mar-07,64.6
26-Mar-07,64.41
23-Mar-07,63.18
22-Mar-07,62.51
21-Mar-07,60.77
20-Mar-07,60.2
19-Mar-07,60.52
16-Mar-07,60.3
15-Mar-07,60.98
14-Mar-07,61.06
13-Mar-07,60.9
12-Mar-07,60.74
9-Mar-07,61.13
8-Mar-07,62.33
7-Mar-07,62.5
6-Mar-07,61.39
5-Mar-07,60.54
2-Mar-07,62.08
1-Mar-07,62.11
28-Feb-07,61.89
27-Feb-07,61.36
26-Feb-07,61.33
23-Feb-07,60.88
22-Feb-07,60.62
21-Feb-07,59.35
20-Feb-07,57.98
19-Feb-07,58.14
16-Feb-07,58.95
15-Feb-07,57.6
14-Feb-07,57.43
13-Feb-07,57.03
12-Feb-07,56.6
9-Feb-07,59.01
8-Feb-07,59.03
7-Feb-07,57.23
6-Feb-07,58.42
5-Feb-07,58.1
2-Feb-07,58.41
1-Feb-07,56.72
31-Jan-07,57.4
30-Jan-07,56.39
29-Jan-07,53.68
26-Jan-07,55.29
25-Jan-07,54.12
24-Jan-07,55.43
23-Jan-07,55.1
22-Jan-07,52.7
19-Jan-07,53.44
18-Jan-07,51.75
17-Jan-07,52.78
16-Jan-07,52.26
15-Jan-07,53.12
12-Jan-07,52.95
11-Jan-07,51.7
10-Jan-07,53.69
9-Jan-07,55.18
8-Jan-07,55.6
5-Jan-07,55.64
4-Jan-07,55.11
3-Jan-07,57.96
2-Jan-07,60.44
29-Dec-06,60.86
28-Dec-06,60.67
27-Dec-06,60.52
26-Dec-06,61.1
22-Dec-06,62.42
21-Dec-06,62.46
20-Dec-06,63.23
19-Dec-06,62.81
18-Dec-06,62.13
15-Dec-06,63.49
14-Dec-06,62.12
13-Dec-06,61.33
12-Dec-06,61.52
11-Dec-06,61.84
8-Dec-06,62.2
7-Dec-06,62.57
6-Dec-06,63.07
5-Dec-06,63.32
4-Dec-06,63.45
1-Dec-06,64.62
30-Nov-06,64.26
29-Nov-06,63.07
28-Nov-06,61.21
27-Nov-06,60.44
24-Nov-06,60.03
23-Nov-06,59.35
22-Nov-06,59.49
21-Nov-06,60.39
20-Nov-06,58.98
17-Nov-06,58.99
16-Nov-06,58.54
15-Nov-06,59.46
14-Nov-06,58.84
13-Nov-06,59.05
10-Nov-06,59.71
9-Nov-06,61.32
8-Nov-06,59.59
7-Nov-06,58.48
6-Nov-06,59.75
3-Nov-06,59.15
2-Nov-06,57.87
1-Nov-06,58.98
31-Oct-06,59.03
30-Oct-06,58.68
27-Oct-06,61.08
26-Oct-06,60.77
25-Oct-06,62.05
24-Oct-06,59.86
23-Oct-06,59.21
20-Oct-06,59.68
19-Oct-06,60.87
18-Oct-06,59.58
17-Oct-06,60.94
16-Oct-06,59.96
13-Oct-06,59.52
12-Oct-06,58.76
11-Oct-06,58.65
10-Oct-06,59.34
9-Oct-06,60.54
6-Oct-06,59.83
5-Oct-06,60
4-Oct-06,59.22
3-Oct-06,58.43
2-Oct-06,60.45
29-Sep-06,62.48
28-Sep-06,62.54
27-Sep-06,62.21
26-Sep-06,60.12
25-Sep-06,60.8
22-Sep-06,60.41
21-Sep-06,61.34
20-Sep-06,60.47
19-Sep-06,62.17
18-Sep-06,64.05
15-Sep-06,63.33
14-Sep-06,62.24
13-Sep-06,62.99
12-Sep-06,62.99
11-Sep-06,64.55
8-Sep-06,65.33
7-Sep-06,66.53
6-Sep-06,66.93
5-Sep-06,68.09
4-Sep-06,67.71
1-Sep-06,69.15
31-Aug-06,70.25
30-Aug-06,70.18
29-Aug-06,69.86
28-Aug-06,70.82
25-Aug-06,72.7
24-Aug-06,72.68
23-Aug-06,72.02
22-Aug-06,73.24
21-Aug-06,73.38
18-Aug-06,72.3
17-Aug-06,71.58
16-Aug-06,73.08
15-Aug-06,73.8
14-Aug-06,74.3
11-Aug-06,75.63
10-Aug-06,75.28
9-Aug-06,77.28
8-Aug-06,77.55
7-Aug-06,78.3
4-Aug-06,76.17
3-Aug-06,76.56
2-Aug-06,76.89
1-Aug-06,75.89
31-Jul-06,75.15
28-Jul-06,73.39
27-Jul-06,75.01
26-Jul-06,74
25-Jul-06,73.28
24-Jul-06,74.61
21-Jul-06,73.75
20-Jul-06,73.72
19-Jul-06,73.9
18-Jul-06,74.36
17-Jul-06,75.92
14-Jul-06,77.27
13-Jul-06,76.69
12-Jul-06,74.39
11-Jul-06,73.67
10-Jul-06,72.89
7-Jul-06,73.51
6-Jul-06,74.08
5-Jul-06,73.98
4-Jul-06,72.51
3-Jul-06,73.39
30-Jun-06,73.51
29-Jun-06,72.88
28-Jun-06,71.41
27-Jun-06,70.98
26-Jun-06,70.73
23-Jun-06,69.93
22-Jun-06,69.95
21-Jun-06,69.17
20-Jun-06,68.08
19-Jun-06,68.11
16-Jun-06,68.8
15-Jun-06,67.43
14-Jun-06,66.98
13-Jun-06,66.92
12-Jun-06,68.93
9-Jun-06,70.48
8-Jun-06,69.05
7-Jun-06,69.19
6-Jun-06,70.81
5-Jun-06,71.37
2-Jun-06,71.03
1-Jun-06,69.39
31-May-06,70.41
30-May-06,71.05
26-May-06,70.59
25-May-06,70.71
24-May-06,69.22
23-May-06,71
22-May-06,69.35
19-May-06,68.68
18-May-06,69.67
17-May-06,69.04
16-May-06,70.34
15-May-06,69.67
12-May-06,72.32
11-May-06,73.43
10-May-06,72.44
9-May-06,71.08
8-May-06,70.21
5-May-06,70.95
4-May-06,70.29
3-May-06,72.65
2-May-06,74.64
1-May-06,73.89
28-Apr-06,72.02
27-Apr-06,70.91
26-Apr-06,72.09
25-Apr-06,73.21
24-Apr-06,73
21-Apr-06,74.57
20-Apr-06,73.18
19-Apr-06,73.73
18-Apr-06,72.51
17-Apr-06,71.46
13-Apr-06,70.57
12-Apr-06,69.42
11-Apr-06,69.37
10-Apr-06,68.75
7-Apr-06,67.29
6-Apr-06,67.84
5-Apr-06,67.1
4-Apr-06,66.39
3-Apr-06,66.84
31-Mar-06,65.91
30-Mar-06,66.46
29-Mar-06,65.55
28-Mar-06,64.97
27-Mar-06,63.61
24-Mar-06,63.51
23-Mar-06,63.27
22-Mar-06,61.5
21-Mar-06,62.13
20-Mar-06,61.34
17-Mar-06,63.26
16-Mar-06,62.91
15-Mar-06,62.94
14-Mar-06,63.97
13-Mar-06,62.2
10-Mar-06,60.83
9-Mar-06,61.06
8-Mar-06,60.03
7-Mar-06,61.17
6-Mar-06,62.34
3-Mar-06,64.18
2-Mar-06,64.07
1-Mar-06,62.45
28-Feb-06,61.76
27-Feb-06,60.99
24-Feb-06,62.6
23-Feb-06,60.54
22-Feb-06,60.44
21-Feb-06,61.6
20-Feb-06,61.54
17-Feb-06,59.89
16-Feb-06,58.79
15-Feb-06,58.15
14-Feb-06,59.52
13-Feb-06,59.38
10-Feb-06,59.64
9-Feb-06,60.75
8-Feb-06,61.06
7-Feb-06,61.56
6-Feb-06,63.33
3-Feb-06,63.39
2-Feb-06,62.88
1-Feb-06,65.03
31-Jan-06,65.99
30-Jan-06,66.59
27-Jan-06,66.24
26-Jan-06,64.92
25-Jan-06,64.23
24-Jan-06,65.34
23-Jan-06,66.16
20-Jan-06,66.43
19-Jan-06,65.23
18-Jan-06,64.19
17-Jan-06,64.9
16-Jan-06,62.93
13-Jan-06,62.26
12-Jan-06,62.62
11-Jan-06,62.17
10-Jan-06,61.92
9-Jan-06,62.01
6-Jan-06,62.72
5-Jan-06,61.13
4-Jan-06,61.68
3-Jan-06,61.35
30-Dec-05,58.98
29-Dec-05,58.07
28-Dec-05,57.64
27-Dec-05,56.29
23-Dec-05,56.69
22-Dec-05,56.55
21-Dec-05,56.72
20-Dec-05,56.17
19-Dec-05,56.11
16-Dec-05,57.13
15-Dec-05,59.85
14-Dec-05,59.6
13-Dec-05,59.52
12-Dec-05,59.44
9-Dec-05,57.31
8-Dec-05,58.67
7-Dec-05,56.98
6-Dec-05,57.61
5-Dec-05,57.73
2-Dec-05,57.05
1-Dec-05,56.15
30-Nov-05,55.05
29-Nov-05,54.32
28-Nov-05,54.88
25-Nov-05,55.01
24-Nov-05,55.3
23-Nov-05,56.21
22-Nov-05,56.41
21-Nov-05,55.34
18-Nov-05,54.88
17-Nov-05,54.85
16-Nov-05,56
15-Nov-05,54.05
14-Nov-05,54.73
11-Nov-05,54.99
10-Nov-05,55.68
9-Nov-05,56.88
8-Nov-05,57.81
7-Nov-05,58.04
4-Nov-05,59.25
3-Nov-05,60.52
2-Nov-05,58.38
1-Nov-05,58.37
31-Oct-05,58.1
28-Oct-05,59.42
27-Oct-05,59.14
26-Oct-05,58.87
25-Oct-05,60.24
24-Oct-05,58.24
21-Oct-05,58.48
20-Oct-05,57.91
19-Oct-05,58.6
18-Oct-05,59.28
17-Oct-05,60.57
14-Oct-05,59.35
13-Oct-05,60.14
12-Oct-05,60.57
11-Oct-05,60.08
10-Oct-05,58.78
7-Oct-05,59.21
6-Oct-05,58.37
5-Oct-05,60.12
4-Oct-05,61.22
3-Oct-05,62.8
30-Sep-05,63.48
29-Sep-05,63.84
28-Sep-05,63.93
27-Sep-05,62.97
26-Sep-05,63.93
23-Sep-05,62.44
22-Sep-05,64.6
21-Sep-05,64.73
20-Sep-05,64.2
19-Sep-05,65.61
16-Sep-05,61.81
15-Sep-05,63.16
14-Sep-05,63.37
13-Sep-05,61.61
12-Sep-05,61.8
9-Sep-05,62.84
8-Sep-05,63.08
7-Sep-05,62.89
6-Sep-05,64.67
5-Sep-05,64.85
2-Sep-05,66.06
1-Sep-05,67.72
31-Aug-05,67.02
30-Aug-05,67.57
26-Aug-05,64.87
25-Aug-05,66.27
24-Aug-05,66.01
23-Aug-05,64.65
22-Aug-05,64.5
19-Aug-05,64.36
18-Aug-05,62.4
17-Aug-05,62.56
16-Aug-05,65.41
15-Aug-05,65.58
12-Aug-05,66.45
11-Aug-05,65.38
10-Aug-05,63.99
9-Aug-05,61.98
8-Aug-05,62.7
5-Aug-05,61.07
4-Aug-05,60.12
3-Aug-05,59.65
2-Aug-05,60.62
1-Aug-05,60.44
29-Jul-05,59.37
28-Jul-05,58.76
27-Jul-05,58.01
26-Jul-05,58.03
25-Jul-05,57.86
22-Jul-05,57.58
21-Jul-05,55.72
20-Jul-05,56.65
19-Jul-05,57.36
18-Jul-05,56.99
15-Jul-05,57.61
14-Jul-05,57.31
13-Jul-05,58.27
12-Jul-05,58.82
11-Jul-05,57.44
8-Jul-05,58.2
7-Jul-05,59.28
6-Jul-05,59.85
5-Jul-05,58.29
4-Jul-05,57.94
1-Jul-05,57.54
30-Jun-05,55.58
29-Jun-05,56.15
28-Jun-05,57.18
27-Jun-05,59.3
24-Jun-05,58.36
23-Jun-05,57.96
22-Jun-05,56.58
21-Jun-05,57.5
20-Jun-05,58.32
17-Jun-05,57.76
16-Jun-05,56.22
15-Jun-05,54.5
14-Jun-05,53.73
13-Jun-05,54.78
10-Jun-05,52.67
9-Jun-05,53.82
8-Jun-05,52.11
7-Jun-05,53.13
6-Jun-05,53.67
3-Jun-05,54.17
2-Jun-05,52.4
1-Jun-05,53.27
31-May-05,50.73
27-May-05,50.7
26-May-05,50.16
25-May-05,50.07
24-May-05,48.82
23-May-05,48.37
20-May-05,48.03
19-May-05,47.88
18-May-05,48.15
17-May-05,49.34
16-May-05,48.05
13-May-05,48.66
12-May-05,48.34
11-May-05,50.07
10-May-05,51.43
9-May-05,51.29
6-May-05,50.77
5-May-05,51.13
4-May-05,50.97
3-May-05,50.52
29-Apr-05,51.09
28-Apr-05,52.48
27-Apr-05,52.29
26-Apr-05,54.14
25-Apr-05,54.4
22-Apr-05,54.97
21-Apr-05,54.01
20-Apr-05,53.78
19-Apr-05,52.94
18-Apr-05,50.78
15-Apr-05,51.61
14-Apr-05,50.91
13-Apr-05,50.48
12-Apr-05,51.98
11-Apr-05,53.21
8-Apr-05,52.89
7-Apr-05,54.04
6-Apr-05,55.27
5-Apr-05,55.44
4-Apr-05,56.23
1-Apr-05,56.51
31-Mar-05,54.29
30-Mar-05,52.09
29-Mar-05,53.03
24-Mar-05,53.93
23-Mar-05,53.04
22-Mar-05,54.59
21-Mar-05,55.65
18-Mar-05,55.59
17-Mar-05,55.06
16-Mar-05,54.8
15-Mar-05,53.85
14-Mar-05,53.66
11-Mar-05,53.1
10-Mar-05,52.66
9-Mar-05,53.38
8-Mar-05,52.84
7-Mar-05,52.09
4-Mar-05,51.8
3-Mar-05,51.95
2-Mar-05,51.22
1-Mar-05,50.11
28-Feb-05,50.06
25-Feb-05,49.61
24-Feb-05,49.44
23-Feb-05,48.51
22-Feb-05,48.62
21-Feb-05,46.73
18-Feb-05,46.34
17-Feb-05,45.82
16-Feb-05,46.15
15-Feb-05,45.39
14-Feb-05,45.53
11-Feb-05,44.8
10-Feb-05,44.48
9-Feb-05,43.13
8-Feb-05,43.07
7-Feb-05,43.04
4-Feb-05,43.89
3-Feb-05,43.85
2-Feb-05,44.01
1-Feb-05,44.82
31-Jan-05,45.92
28-Jan-05,44.95
27-Jan-05,46.44
26-Jan-05,46.51
25-Jan-05,46.96
24-Jan-05,46.01
21-Jan-05,45.73
20-Jan-05,44.32
19-Jan-05,44.71
18-Jan-05,45.39
17-Jan-05,45.03
14-Jan-05,45.15
13-Jan-05,45.21
12-Jan-05,43.68
11-Jan-05,43.12
10-Jan-05,42.92
7-Jan-05,43.18
6-Jan-05,42.85
5-Jan-05,40.51
4-Jan-05,41.04
