Date,Dow Price
21-Jun-19,"26,719.13"
20-Jun-19,"26,753.17"
19-Jun-19,"26,504.00"
18-Jun-19,"26,465.54"
17-Jun-19,"26,112.53"
14-Jun-19,"26,089.61"
13-Jun-19,"26,106.77"
12-Jun-19,"26,004.83"
11-Jun-19,"26,048.51"
10-Jun-19,"26,062.68"
7-Jun-19,"25,983.94"
6-Jun-19,"25,720.66"
5-Jun-19,"25,539.57"
4-Jun-19,"25,332.18"
3-Jun-19,"24,819.78"
31-May-19,"24,815.04"
30-May-19,"25,169.88"
29-May-19,"25,126.41"
28-May-19,"25,347.77"
24-May-19,"25,585.69"
23-May-19,"25,490.47"
22-May-19,"25,776.61"
21-May-19,"25,877.33"
20-May-19,"25,679.90"
17-May-19,"25,764.00"
16-May-19,"25,862.68"
15-May-19,"25,648.02"
14-May-19,"25,532.05"
13-May-19,"25,324.99"
10-May-19,"25,942.37"
9-May-19,"25,828.36"
8-May-19,"25,967.33"
7-May-19,"25,965.09"
6-May-19,"26,438.48"
3-May-19,"26,504.95"
2-May-19,"26,307.79"
1-May-19,"26,430.14"
30-Apr-19,"26,592.91"
29-Apr-19,"26,554.39"
26-Apr-19,"26,543.33"
25-Apr-19,"26,462.08"
24-Apr-19,"26,597.05"
23-Apr-19,"26,656.39"
22-Apr-19,"26,511.05"
18-Apr-19,"26,559.54"
17-Apr-19,"26,449.54"
16-Apr-19,"26,452.66"
15-Apr-19,"26,384.77"
12-Apr-19,"26,412.30"
11-Apr-19,"26,143.05"
10-Apr-19,"26,157.16"
9-Apr-19,"26,150.58"
8-Apr-19,"26,341.02"
5-Apr-19,"26,424.99"
4-Apr-19,"26,384.63"
3-Apr-19,"26,218.13"
2-Apr-19,"26,179.13"
1-Apr-19,"26,258.42"
29-Mar-19,"25,928.68"
28-Mar-19,"25,717.46"
27-Mar-19,"25,625.59"
26-Mar-19,"25,657.73"
25-Mar-19,"25,516.83"
22-Mar-19,"25,502.32"
21-Mar-19,"25,962.51"
20-Mar-19,"25,745.67"
19-Mar-19,"25,887.38"
18-Mar-19,"25,914.10"
15-Mar-19,"25,848.87"
14-Mar-19,"25,709.94"
13-Mar-19,"25,702.89"
12-Mar-19,"25,554.66"
11-Mar-19,"25,650.88"
8-Mar-19,"25,450.24"
7-Mar-19,"25,473.23"
6-Mar-19,"25,673.46"
5-Mar-19,"25,806.63"
4-Mar-19,"25,819.65"
1-Mar-19,"26,026.32"
28-Feb-19,"25,916.00"
27-Feb-19,"25,985.16"
26-Feb-19,"26,057.98"
25-Feb-19,"26,091.95"
22-Feb-19,"26,031.81"
21-Feb-19,"25,850.63"
20-Feb-19,"25,954.44"
19-Feb-19,"25,891.32"
15-Feb-19,"25,883.25"
14-Feb-19,"25,439.39"
13-Feb-19,"25,543.27"
12-Feb-19,"25,425.76"
11-Feb-19,"25,053.11"
8-Feb-19,"25,106.33"
7-Feb-19,"25,169.53"
6-Feb-19,"25,390.30"
5-Feb-19,"25,411.52"
4-Feb-19,"25,239.37"
1-Feb-19,"25,063.89"
31-Jan-19,"24,999.67"
30-Jan-19,"25,014.86"
29-Jan-19,"24,579.96"
28-Jan-19,"24,528.22"
25-Jan-19,"24,737.20"
24-Jan-19,"24,553.24"
23-Jan-19,"24,575.62"
22-Jan-19,"24,404.48"
18-Jan-19,"24,706.35"
17-Jan-19,"24,370.10"
16-Jan-19,"24,207.16"
15-Jan-19,"24,065.59"
14-Jan-19,"23,909.84"
11-Jan-19,"23,995.95"
10-Jan-19,"24,001.92"
9-Jan-19,"23,879.12"
8-Jan-19,"23,787.45"
7-Jan-19,"23,531.35"
4-Jan-19,"23,433.16"
3-Jan-19,"22,686.22"
2-Jan-19,"23,346.24"
31-Dec-18,"23,327.46"
28-Dec-18,"23,062.40"
27-Dec-18,"23,138.82"
26-Dec-18,"22,878.45"
24-Dec-18,"21,792.20"
21-Dec-18,"22,445.37"
20-Dec-18,"22,859.60"
19-Dec-18,"23,323.66"
18-Dec-18,"23,675.64"
17-Dec-18,"23,592.98"
14-Dec-18,"24,100.51"
13-Dec-18,"24,597.38"
12-Dec-18,"24,527.27"
11-Dec-18,"24,370.24"
10-Dec-18,"24,423.26"
7-Dec-18,"24,388.95"
6-Dec-18,"24,947.67"
4-Dec-18,"25,027.07"
3-Dec-18,"25,826.43"
30-Nov-18,"25,538.46"
29-Nov-18,"25,338.84"
28-Nov-18,"25,366.43"
27-Nov-18,"24,748.73"
26-Nov-18,"24,640.24"
23-Nov-18,"24,285.95"
21-Nov-18,"24,464.69"
20-Nov-18,"24,465.64"
19-Nov-18,"25,017.44"
16-Nov-18,"25,413.22"
15-Nov-18,"25,289.27"
14-Nov-18,"25,080.50"
13-Nov-18,"25,286.49"
12-Nov-18,"25,387.18"
9-Nov-18,"25,989.30"
8-Nov-18,"26,191.22"
7-Nov-18,"26,180.30"
6-Nov-18,"25,635.01"
5-Nov-18,"25,461.70"
2-Nov-18,"25,270.83"
1-Nov-18,"25,380.74"
31-Oct-18,"25,115.76"
30-Oct-18,"24,874.64"
29-Oct-18,"24,442.92"
26-Oct-18,"24,688.31"
25-Oct-18,"24,984.55"
24-Oct-18,"24,583.42"
23-Oct-18,"25,191.43"
22-Oct-18,"25,317.41"
19-Oct-18,"25,444.34"
18-Oct-18,"25,379.45"
17-Oct-18,"25,706.68"
16-Oct-18,"25,798.42"
15-Oct-18,"25,250.55"
12-Oct-18,"25,339.99"
11-Oct-18,"25,052.83"
10-Oct-18,"25,598.74"
9-Oct-18,"26,430.57"
8-Oct-18,"26,486.78"
5-Oct-18,"26,447.05"
4-Oct-18,"26,627.48"
3-Oct-18,"26,828.39"
2-Oct-18,"26,773.94"
1-Oct-18,"26,651.21"
28-Sep-18,"26,458.31"
27-Sep-18,"26,439.93"
26-Sep-18,"26,385.28"
25-Sep-18,"26,492.21"
24-Sep-18,"26,562.05"
21-Sep-18,"26,743.50"
20-Sep-18,"26,656.98"
19-Sep-18,"26,405.76"
18-Sep-18,"26,246.96"
17-Sep-18,"26,062.12"
14-Sep-18,"26,154.67"
13-Sep-18,"26,145.99"
12-Sep-18,"25,998.92"
11-Sep-18,"25,971.06"
10-Sep-18,"25,857.07"
7-Sep-18,"25,916.54"
6-Sep-18,"25,995.87"
5-Sep-18,"25,974.99"
4-Sep-18,"25,952.48"
31-Aug-18,"25,964.82"
30-Aug-18,"25,986.92"
29-Aug-18,"26,124.57"
28-Aug-18,"26,064.02"
27-Aug-18,"26,049.64"
24-Aug-18,"25,790.35"
23-Aug-18,"25,656.98"
22-Aug-18,"25,733.60"
21-Aug-18,"25,822.29"
20-Aug-18,"25,758.69"
17-Aug-18,"25,669.32"
16-Aug-18,"25,558.73"
15-Aug-18,"25,162.41"
14-Aug-18,"25,299.92"
13-Aug-18,"25,187.70"
10-Aug-18,"25,313.14"
9-Aug-18,"25,509.23"
8-Aug-18,"25,583.75"
7-Aug-18,"25,628.91"
6-Aug-18,"25,502.18"
3-Aug-18,"25,462.58"
2-Aug-18,"25,326.16"
1-Aug-18,"25,333.82"
31-Jul-18,"25,415.19"
30-Jul-18,"25,306.83"
27-Jul-18,"25,451.06"
26-Jul-18,"25,527.07"
25-Jul-18,"25,414.10"
24-Jul-18,"25,241.94"
23-Jul-18,"25,044.29"
20-Jul-18,"25,058.12"
19-Jul-18,"25,064.50"
18-Jul-18,"25,199.29"
17-Jul-18,"25,119.89"
16-Jul-18,"25,064.36"
13-Jul-18,"25,019.41"
12-Jul-18,"24,924.89"
11-Jul-18,"24,700.45"
10-Jul-18,"24,919.66"
9-Jul-18,"24,776.59"
6-Jul-18,"24,456.48"
5-Jul-18,"24,356.74"
3-Jul-18,"24,174.82"
2-Jul-18,"24,307.18"
29-Jun-18,"24,271.41"
28-Jun-18,"24,216.05"
27-Jun-18,"24,117.59"
26-Jun-18,"24,283.11"
25-Jun-18,"24,252.80"
22-Jun-18,"24,580.89"
21-Jun-18,"24,461.70"
20-Jun-18,"24,657.80"
19-Jun-18,"24,700.21"
18-Jun-18,"24,987.47"
15-Jun-18,"25,090.48"
14-Jun-18,"25,175.31"
13-Jun-18,"25,201.20"
12-Jun-18,"25,320.73"
11-Jun-18,"25,322.31"
8-Jun-18,"25,316.53"
7-Jun-18,"25,241.41"
6-Jun-18,"25,146.39"
5-Jun-18,"24,799.98"
4-Jun-18,"24,813.69"
1-Jun-18,"24,635.21"
31-May-18,"24,415.84"
30-May-18,"24,667.78"
29-May-18,"24,361.45"
25-May-18,"24,753.09"
24-May-18,"24,811.76"
23-May-18,"24,886.81"
22-May-18,"24,834.41"
21-May-18,"25,013.29"
18-May-18,"24,715.09"
17-May-18,"24,713.98"
16-May-18,"24,768.93"
15-May-18,"24,706.41"
14-May-18,"24,899.41"
11-May-18,"24,831.17"
10-May-18,"24,739.53"
9-May-18,"24,542.54"
8-May-18,"24,360.21"
7-May-18,"24,357.32"
4-May-18,"24,262.51"
3-May-18,"23,930.15"
2-May-18,"23,924.98"
1-May-18,"24,099.05"
30-Apr-18,"24,163.15"
27-Apr-18,"24,311.19"
26-Apr-18,"24,322.34"
25-Apr-18,"24,083.83"
24-Apr-18,"24,024.13"
23-Apr-18,"24,448.69"
20-Apr-18,"24,462.94"
19-Apr-18,"24,664.89"
18-Apr-18,"24,748.07"
17-Apr-18,"24,786.63"
16-Apr-18,"24,573.04"
13-Apr-18,"24,360.14"
12-Apr-18,"24,483.05"
11-Apr-18,"24,189.45"
10-Apr-18,"24,408.00"
9-Apr-18,"23,979.10"
6-Apr-18,"23,932.76"
5-Apr-18,"24,505.22"
4-Apr-18,"24,264.30"
3-Apr-18,"24,033.36"
2-Apr-18,"23,644.19"
29-Mar-18,"24,103.11"
28-Mar-18,"23,848.42"
27-Mar-18,"23,857.71"
26-Mar-18,"24,202.60"
23-Mar-18,"23,533.20"
22-Mar-18,"23,957.89"
21-Mar-18,"24,682.31"
20-Mar-18,"24,727.27"
19-Mar-18,"24,610.91"
16-Mar-18,"24,946.51"
15-Mar-18,"24,873.66"
14-Mar-18,"24,758.12"
13-Mar-18,"25,007.03"
12-Mar-18,"25,178.61"
9-Mar-18,"25,335.74"
8-Mar-18,"24,895.21"
7-Mar-18,"24,801.36"
6-Mar-18,"24,884.12"
5-Mar-18,"24,874.76"
2-Mar-18,"24,538.06"
1-Mar-18,"24,608.98"
28-Feb-18,"25,029.20"
27-Feb-18,"25,410.03"
26-Feb-18,"25,709.27"
23-Feb-18,"25,309.99"
22-Feb-18,"24,962.48"
21-Feb-18,"24,797.78"
20-Feb-18,"24,964.75"
16-Feb-18,"25,219.38"
15-Feb-18,"25,200.37"
14-Feb-18,"24,893.49"
13-Feb-18,"24,640.45"
12-Feb-18,"24,601.27"
9-Feb-18,"24,190.90"
8-Feb-18,"23,860.46"
7-Feb-18,"24,893.35"
6-Feb-18,"24,912.77"
5-Feb-18,"24,345.75"
2-Feb-18,"25,520.96"
1-Feb-18,"26,186.71"
31-Jan-18,"26,149.39"
30-Jan-18,"26,076.89"
29-Jan-18,"26,439.48"
26-Jan-18,"26,616.71"
25-Jan-18,"26,392.79"
24-Jan-18,"26,252.12"
23-Jan-18,"26,210.81"
22-Jan-18,"26,214.60"
19-Jan-18,"26,071.72"
18-Jan-18,"26,017.81"
17-Jan-18,"26,115.65"
16-Jan-18,"25,792.86"
12-Jan-18,"25,803.19"
11-Jan-18,"25,574.73"
10-Jan-18,"25,369.13"
9-Jan-18,"25,385.80"
8-Jan-18,"25,283.00"
5-Jan-18,"25,295.87"
4-Jan-18,"25,075.13"
3-Jan-18,"24,922.68"
2-Jan-18,"24,824.01"
29-Dec-17,"24,719.22"
28-Dec-17,"24,837.51"
27-Dec-17,"24,774.30"
26-Dec-17,"24,746.21"
22-Dec-17,"24,754.06"
21-Dec-17,"24,782.29"
20-Dec-17,"24,726.65"
19-Dec-17,"24,754.75"
18-Dec-17,"24,792.20"
15-Dec-17,"24,651.74"
14-Dec-17,"24,508.66"
13-Dec-17,"24,585.43"
12-Dec-17,"24,504.80"
11-Dec-17,"24,386.03"
8-Dec-17,"24,329.16"
7-Dec-17,"24,211.48"
6-Dec-17,"24,140.91"
5-Dec-17,"24,180.64"
4-Dec-17,"24,290.05"
1-Dec-17,"24,231.59"
30-Nov-17,"24,272.35"
29-Nov-17,"23,940.68"
28-Nov-17,"23,836.71"
27-Nov-17,"23,580.78"
24-Nov-17,"23,557.99"
22-Nov-17,"23,526.18"
21-Nov-17,"23,590.83"
20-Nov-17,"23,430.33"
17-Nov-17,"23,358.24"
16-Nov-17,"23,458.36"
15-Nov-17,"23,271.28"
14-Nov-17,"23,409.47"
13-Nov-17,"23,439.70"
10-Nov-17,"23,422.21"
9-Nov-17,"23,461.94"
8-Nov-17,"23,563.36"
7-Nov-17,"23,557.23"
6-Nov-17,"23,548.42"
3-Nov-17,"23,539.19"
2-Nov-17,"23,516.26"
1-Nov-17,"23,435.01"
31-Oct-17,"23,377.24"
30-Oct-17,"23,348.74"
27-Oct-17,"23,434.19"
26-Oct-17,"23,400.86"
25-Oct-17,"23,329.46"
24-Oct-17,"23,441.76"
23-Oct-17,"23,273.96"
20-Oct-17,"23,328.63"
19-Oct-17,"23,163.04"
18-Oct-17,"23,157.60"
17-Oct-17,"22,997.44"
16-Oct-17,"22,956.96"
13-Oct-17,"22,871.72"
12-Oct-17,"22,841.01"
11-Oct-17,"22,872.89"
10-Oct-17,"22,830.68"
9-Oct-17,"22,761.07"
6-Oct-17,"22,773.67"
5-Oct-17,"22,775.39"
4-Oct-17,"22,661.64"
3-Oct-17,"22,641.67"
2-Oct-17,"22,557.60"
29-Sep-17,"22,405.09"
28-Sep-17,"22,381.20"
27-Sep-17,"22,340.71"
26-Sep-17,"22,284.32"
25-Sep-17,"22,296.09"
22-Sep-17,"22,349.59"
21-Sep-17,"22,359.23"
20-Sep-17,"22,412.59"
19-Sep-17,"22,370.80"
18-Sep-17,"22,331.35"
15-Sep-17,"22,268.34"
14-Sep-17,"22,203.48"
13-Sep-17,"22,158.18"
12-Sep-17,"22,118.86"
11-Sep-17,"22,057.37"
8-Sep-17,"21,797.79"
7-Sep-17,"21,784.78"
6-Sep-17,"21,807.64"
5-Sep-17,"21,753.31"
1-Sep-17,"21,987.56"
31-Aug-17,"21,948.10"
30-Aug-17,"21,892.43"
29-Aug-17,"21,865.37"
28-Aug-17,"21,808.40"
25-Aug-17,"21,813.67"
24-Aug-17,"21,783.40"
23-Aug-17,"21,812.09"
22-Aug-17,"21,899.89"
21-Aug-17,"21,703.75"
18-Aug-17,"21,674.51"
17-Aug-17,"21,750.73"
16-Aug-17,"22,024.87"
15-Aug-17,"21,998.99"
14-Aug-17,"21,993.71"
11-Aug-17,"21,858.32"
10-Aug-17,"21,844.01"
9-Aug-17,"22,048.70"
8-Aug-17,"22,085.34"
7-Aug-17,"22,118.42"
4-Aug-17,"22,092.81"
3-Aug-17,"22,026.10"
2-Aug-17,"22,016.24"
1-Aug-17,"21,963.92"
31-Jul-17,"21,891.12"
28-Jul-17,"21,830.31"
27-Jul-17,"21,796.55"
26-Jul-17,"21,711.01"
25-Jul-17,"21,613.43"
24-Jul-17,"21,513.17"
21-Jul-17,"21,580.07"
20-Jul-17,"21,611.78"
19-Jul-17,"21,640.75"
18-Jul-17,"21,574.73"
17-Jul-17,"21,629.72"
14-Jul-17,"21,637.74"
13-Jul-17,"21,553.09"
12-Jul-17,"21,532.14"
11-Jul-17,"21,409.07"
10-Jul-17,"21,408.52"
7-Jul-17,"21,414.34"
6-Jul-17,"21,320.04"
5-Jul-17,"21,478.17"
3-Jul-17,"21,479.27"
30-Jun-17,"21,349.63"
29-Jun-17,"21,287.03"
28-Jun-17,"21,454.61"
27-Jun-17,"21,310.66"
26-Jun-17,"21,409.55"
23-Jun-17,"21,394.76"
22-Jun-17,"21,397.29"
21-Jun-17,"21,410.03"
20-Jun-17,"21,467.14"
19-Jun-17,"21,528.99"
16-Jun-17,"21,384.28"
15-Jun-17,"21,359.90"
14-Jun-17,"21,374.56"
13-Jun-17,"21,328.47"
12-Jun-17,"21,235.67"
9-Jun-17,"21,271.97"
8-Jun-17,"21,182.53"
7-Jun-17,"21,173.69"
6-Jun-17,"21,136.23"
5-Jun-17,"21,184.04"
2-Jun-17,"21,206.29"
1-Jun-17,"21,144.18"
31-May-17,"21,008.65"
30-May-17,"21,029.47"
26-May-17,"21,080.28"
25-May-17,"21,082.95"
24-May-17,"21,012.42"
23-May-17,"20,937.91"
22-May-17,"20,894.83"
19-May-17,"20,804.84"
18-May-17,"20,663.02"
17-May-17,"20,606.93"
16-May-17,"20,979.75"
15-May-17,"20,981.94"
12-May-17,"20,896.61"
11-May-17,"20,919.42"
10-May-17,"20,943.11"
9-May-17,"20,975.78"
8-May-17,"21,012.28"
5-May-17,"21,006.94"
4-May-17,"20,951.47"
3-May-17,"20,957.90"
2-May-17,"20,949.89"
1-May-17,"20,913.46"
28-Apr-17,"20,940.51"
27-Apr-17,"20,981.33"
26-Apr-17,"20,975.09"
25-Apr-17,"20,996.12"
24-Apr-17,"20,763.89"
21-Apr-17,"20,547.76"
20-Apr-17,"20,578.71"
19-Apr-17,"20,404.49"
18-Apr-17,"20,523.28"
17-Apr-17,"20,636.92"
13-Apr-17,"20,453.25"
12-Apr-17,"20,591.86"
11-Apr-17,"20,651.30"
10-Apr-17,"20,658.02"
7-Apr-17,"20,656.10"
6-Apr-17,"20,662.95"
5-Apr-17,"20,648.15"
4-Apr-17,"20,689.24"
3-Apr-17,"20,650.21"
31-Mar-17,"20,663.22"
30-Mar-17,"20,728.49"
29-Mar-17,"20,659.32"
28-Mar-17,"20,701.50"
27-Mar-17,"20,550.98"
24-Mar-17,"20,596.72"
23-Mar-17,"20,656.58"
22-Mar-17,"20,661.30"
21-Mar-17,"20,668.01"
20-Mar-17,"20,905.86"
17-Mar-17,"20,914.62"
16-Mar-17,"20,934.55"
15-Mar-17,"20,950.10"
14-Mar-17,"20,837.37"
13-Mar-17,"20,881.48"
10-Mar-17,"20,902.98"
9-Mar-17,"20,858.19"
8-Mar-17,"20,855.73"
7-Mar-17,"20,924.76"
6-Mar-17,"20,954.34"
3-Mar-17,"21,005.71"
2-Mar-17,"21,002.97"
1-Mar-17,"21,115.55"
28-Feb-17,"20,812.24"
27-Feb-17,"20,837.44"
24-Feb-17,"20,821.76"
23-Feb-17,"20,810.32"
22-Feb-17,"20,775.60"
21-Feb-17,"20,743.00"
17-Feb-17,"20,624.05"
16-Feb-17,"20,619.77"
15-Feb-17,"20,611.86"
14-Feb-17,"20,504.41"
13-Feb-17,"20,412.16"
10-Feb-17,"20,269.37"
9-Feb-17,"20,172.40"
8-Feb-17,"20,054.34"
7-Feb-17,"20,090.29"
6-Feb-17,"20,052.42"
3-Feb-17,"20,071.46"
2-Feb-17,"19,884.91"
1-Feb-17,"19,890.94"
31-Jan-17,"19,864.09"
30-Jan-17,"19,971.13"
27-Jan-17,"20,093.78"
26-Jan-17,"20,100.91"
25-Jan-17,"20,068.51"
24-Jan-17,"19,912.71"
23-Jan-17,"19,799.85"
20-Jan-17,"19,827.25"
19-Jan-17,"19,732.40"
18-Jan-17,"19,804.72"
17-Jan-17,"19,826.77"
13-Jan-17,"19,885.73"
12-Jan-17,"19,891.00"
11-Jan-17,"19,954.28"
10-Jan-17,"19,855.53"
9-Jan-17,"19,887.38"
6-Jan-17,"19,963.80"
5-Jan-17,"19,899.29"
4-Jan-17,"19,942.16"
3-Jan-17,"19,881.76"
30-Dec-16,"19,762.60"
29-Dec-16,"19,819.78"
28-Dec-16,"19,833.68"
27-Dec-16,"19,945.04"
23-Dec-16,"19,933.81"
22-Dec-16,"19,918.88"
21-Dec-16,"19,941.96"
20-Dec-16,"19,974.62"
19-Dec-16,"19,883.06"
16-Dec-16,"19,843.41"
15-Dec-16,"19,852.24"
14-Dec-16,"19,792.53"
13-Dec-16,"19,911.21"
12-Dec-16,"19,796.43"
9-Dec-16,"19,756.85"
8-Dec-16,"19,614.81"
7-Dec-16,"19,549.62"
6-Dec-16,"19,251.78"
5-Dec-16,"19,216.24"
2-Dec-16,"19,170.42"
1-Dec-16,"19,191.93"
30-Nov-16,"19,123.58"
29-Nov-16,"19,121.60"
28-Nov-16,"19,097.90"
25-Nov-16,"19,152.14"
23-Nov-16,"19,083.18"
22-Nov-16,"19,023.87"
21-Nov-16,"18,956.69"
18-Nov-16,"18,867.93"
17-Nov-16,"18,903.82"
16-Nov-16,"18,868.14"
15-Nov-16,"18,923.06"
14-Nov-16,"18,868.69"
11-Nov-16,"18,847.66"
10-Nov-16,"18,807.88"
9-Nov-16,"18,589.69"
8-Nov-16,"18,332.74"
7-Nov-16,"18,259.60"
4-Nov-16,"17,888.28"
3-Nov-16,"17,930.67"
2-Nov-16,"17,959.64"
1-Nov-16,"18,037.10"
31-Oct-16,"18,142.42"
28-Oct-16,"18,161.19"
27-Oct-16,"18,169.68"
26-Oct-16,"18,199.33"
25-Oct-16,"18,169.27"
24-Oct-16,"18,223.03"
21-Oct-16,"18,145.71"
20-Oct-16,"18,162.35"
19-Oct-16,"18,202.62"
18-Oct-16,"18,161.94"
17-Oct-16,"18,086.40"
14-Oct-16,"18,138.38"
13-Oct-16,"18,098.94"
12-Oct-16,"18,144.20"
11-Oct-16,"18,128.66"
10-Oct-16,"18,329.04"
7-Oct-16,"18,240.49"
6-Oct-16,"18,268.50"
5-Oct-16,"18,281.03"
4-Oct-16,"18,168.45"
3-Oct-16,"18,253.85"
30-Sep-16,"18,308.15"
29-Sep-16,"18,143.45"
28-Sep-16,"18,339.24"
27-Sep-16,"18,228.30"
26-Sep-16,"18,094.83"
23-Sep-16,"18,261.45"
22-Sep-16,"18,392.46"
21-Sep-16,"18,293.70"
20-Sep-16,"18,129.96"
19-Sep-16,"18,120.17"
16-Sep-16,"18,123.80"
15-Sep-16,"18,212.48"
14-Sep-16,"18,034.77"
13-Sep-16,"18,066.75"
12-Sep-16,"18,325.07"
9-Sep-16,"18,085.45"
8-Sep-16,"18,479.91"
7-Sep-16,"18,526.14"
6-Sep-16,"18,538.12"
2-Sep-16,"18,491.96"
1-Sep-16,"18,419.30"
31-Aug-16,"18,400.88"
30-Aug-16,"18,454.30"
29-Aug-16,"18,502.99"
26-Aug-16,"18,395.40"
25-Aug-16,"18,448.41"
24-Aug-16,"18,481.48"
23-Aug-16,"18,547.30"
22-Aug-16,"18,529.42"
19-Aug-16,"18,552.57"
18-Aug-16,"18,597.70"
17-Aug-16,"18,573.94"
16-Aug-16,"18,552.02"
15-Aug-16,"18,636.05"
12-Aug-16,"18,576.47"
11-Aug-16,"18,613.52"
10-Aug-16,"18,495.66"
9-Aug-16,"18,533.05"
8-Aug-16,"18,529.29"
5-Aug-16,"18,543.53"
4-Aug-16,"18,352.05"
3-Aug-16,"18,355.00"
2-Aug-16,"18,313.77"
1-Aug-16,"18,404.51"
29-Jul-16,"18,432.24"
28-Jul-16,"18,456.35"
27-Jul-16,"18,472.17"
26-Jul-16,"18,473.75"
25-Jul-16,"18,493.06"
22-Jul-16,"18,570.85"
21-Jul-16,"18,517.23"
20-Jul-16,"18,595.03"
19-Jul-16,"18,559.01"
18-Jul-16,"18,533.05"
15-Jul-16,"18,516.55"
14-Jul-16,"18,506.41"
13-Jul-16,"18,372.12"
12-Jul-16,"18,347.67"
11-Jul-16,"18,226.93"
8-Jul-16,"18,146.74"
7-Jul-16,"17,895.88"
6-Jul-16,"17,918.62"
5-Jul-16,"17,840.62"
1-Jul-16,"17,949.37"
30-Jun-16,"17,929.99"
29-Jun-16,"17,694.68"
28-Jun-16,"17,409.72"
27-Jun-16,"17,140.24"
24-Jun-16,"17,400.75"
23-Jun-16,"18,011.07"
22-Jun-16,"17,780.83"
21-Jun-16,"17,829.73"
20-Jun-16,"17,804.87"
17-Jun-16,"17,675.16"
16-Jun-16,"17,733.10"
15-Jun-16,"17,640.17"
14-Jun-16,"17,674.82"
13-Jun-16,"17,732.48"
10-Jun-16,"17,865.34"
9-Jun-16,"17,985.19"
8-Jun-16,"18,005.05"
7-Jun-16,"17,938.28"
6-Jun-16,"17,920.33"
3-Jun-16,"17,807.06"
2-Jun-16,"17,838.56"
1-Jun-16,"17,789.67"
31-May-16,"17,787.20"
27-May-16,"17,873.22"
26-May-16,"17,828.29"
25-May-16,"17,851.51"
24-May-16,"17,706.05"
23-May-16,"17,492.93"
20-May-16,"17,500.94"
19-May-16,"17,435.40"
18-May-16,"17,526.62"
17-May-16,"17,529.98"
16-May-16,"17,710.71"
13-May-16,"17,535.32"
12-May-16,"17,720.50"
11-May-16,"17,711.12"
10-May-16,"17,928.35"
9-May-16,"17,705.91"
6-May-16,"17,740.63"
5-May-16,"17,660.71"
4-May-16,"17,651.26"
3-May-16,"17,750.91"
2-May-16,"17,891.16"
29-Apr-16,"17,773.64"
28-Apr-16,"17,830.76"
27-Apr-16,"18,041.55"
26-Apr-16,"17,990.32"
25-Apr-16,"17,977.24"
22-Apr-16,"18,003.75"
21-Apr-16,"17,982.52"
20-Apr-16,"18,096.27"
19-Apr-16,"18,053.60"
18-Apr-16,"18,004.16"
15-Apr-16,"17,897.46"
14-Apr-16,"17,926.43"
13-Apr-16,"17,908.28"
12-Apr-16,"17,721.25"
11-Apr-16,"17,556.41"
8-Apr-16,"17,576.96"
7-Apr-16,"17,541.96"
6-Apr-16,"17,716.05"
5-Apr-16,"17,603.32"
4-Apr-16,"17,737.00"
1-Apr-16,"17,792.75"
31-Mar-16,"17,685.09"
30-Mar-16,"17,716.66"
29-Mar-16,"17,633.11"
28-Mar-16,"17,535.39"
24-Mar-16,"17,515.73"
23-Mar-16,"17,502.59"
22-Mar-16,"17,582.57"
21-Mar-16,"17,623.87"
18-Mar-16,"17,602.30"
17-Mar-16,"17,481.49"
16-Mar-16,"17,325.76"
15-Mar-16,"17,251.53"
14-Mar-16,"17,229.13"
11-Mar-16,"17,213.31"
10-Mar-16,"16,995.13"
9-Mar-16,"17,000.36"
8-Mar-16,"16,964.10"
7-Mar-16,"17,073.95"
4-Mar-16,"17,006.77"
3-Mar-16,"16,943.90"
2-Mar-16,"16,899.32"
1-Mar-16,"16,865.08"
29-Feb-16,"16,516.50"
26-Feb-16,"16,639.97"
25-Feb-16,"16,697.29"
24-Feb-16,"16,484.99"
23-Feb-16,"16,431.78"
22-Feb-16,"16,620.66"
19-Feb-16,"16,391.99"
18-Feb-16,"16,413.43"
17-Feb-16,"16,453.83"
16-Feb-16,"16,196.41"
12-Feb-16,"15,973.84"
11-Feb-16,"15,660.18"
10-Feb-16,"15,914.74"
9-Feb-16,"16,014.38"
8-Feb-16,"16,027.05"
5-Feb-16,"16,204.97"
4-Feb-16,"16,416.58"
3-Feb-16,"16,336.66"
2-Feb-16,"16,153.54"
1-Feb-16,"16,449.18"
29-Jan-16,"16,466.30"
28-Jan-16,"16,069.64"
27-Jan-16,"15,944.46"
26-Jan-16,"16,167.23"
25-Jan-16,"15,885.22"
22-Jan-16,"16,093.51"
21-Jan-16,"15,882.68"
20-Jan-16,"15,766.74"
19-Jan-16,"16,016.02"
15-Jan-16,"15,988.08"
14-Jan-16,"16,379.05"
13-Jan-16,"16,151.41"
12-Jan-16,"16,516.22"
11-Jan-16,"16,398.57"
8-Jan-16,"16,346.45"
7-Jan-16,"16,514.10"
6-Jan-16,"16,906.51"
5-Jan-16,"17,158.66"
4-Jan-16,"17,148.94"
31-Dec-15,"17,425.03"
30-Dec-15,"17,603.87"
29-Dec-15,"17,720.98"
28-Dec-15,"17,528.27"
24-Dec-15,"17,552.17"
23-Dec-15,"17,602.61"
22-Dec-15,"17,417.27"
21-Dec-15,"17,251.62"
18-Dec-15,"17,128.55"
17-Dec-15,"17,495.84"
16-Dec-15,"17,749.09"
15-Dec-15,"17,524.91"
14-Dec-15,"17,368.50"
11-Dec-15,"17,265.21"
10-Dec-15,"17,574.75"
9-Dec-15,"17,492.30"
8-Dec-15,"17,568.00"
7-Dec-15,"17,730.51"
4-Dec-15,"17,847.63"
3-Dec-15,"17,477.67"
2-Dec-15,"17,729.68"
1-Dec-15,"17,888.35"
30-Nov-15,"17,719.92"
27-Nov-15,"17,798.49"
25-Nov-15,"17,813.39"
24-Nov-15,"17,812.19"
23-Nov-15,"17,792.68"
20-Nov-15,"17,823.81"
19-Nov-15,"17,732.75"
18-Nov-15,"17,737.16"
17-Nov-15,"17,489.50"
16-Nov-15,"17,483.01"
13-Nov-15,"17,245.24"
12-Nov-15,"17,448.07"
11-Nov-15,"17,702.22"
10-Nov-15,"17,758.21"
9-Nov-15,"17,730.48"
6-Nov-15,"17,910.33"
5-Nov-15,"17,863.43"
4-Nov-15,"17,867.58"
3-Nov-15,"17,918.15"
2-Nov-15,"17,828.76"
30-Oct-15,"17,663.54"
29-Oct-15,"17,755.80"
28-Oct-15,"17,779.52"
27-Oct-15,"17,581.43"
26-Oct-15,"17,623.05"
23-Oct-15,"17,646.70"
22-Oct-15,"17,489.16"
21-Oct-15,"17,168.61"
20-Oct-15,"17,217.11"
19-Oct-15,"17,230.54"
16-Oct-15,"17,215.97"
15-Oct-15,"17,141.75"
14-Oct-15,"16,924.75"
13-Oct-15,"17,081.89"
12-Oct-15,"17,131.86"
9-Oct-15,"17,084.49"
8-Oct-15,"17,050.75"
7-Oct-15,"16,912.29"
6-Oct-15,"16,790.19"
5-Oct-15,"16,776.43"
2-Oct-15,"16,472.37"
1-Oct-15,"16,272.01"
30-Sep-15,"16,284.70"
29-Sep-15,"16,049.13"
28-Sep-15,"16,001.89"
25-Sep-15,"16,314.67"
24-Sep-15,"16,201.32"
23-Sep-15,"16,279.89"
22-Sep-15,"16,330.47"
21-Sep-15,"16,510.19"
18-Sep-15,"16,384.58"
17-Sep-15,"16,674.74"
16-Sep-15,"16,739.95"
15-Sep-15,"16,599.85"
14-Sep-15,"16,370.96"
11-Sep-15,"16,433.09"
10-Sep-15,"16,330.40"
9-Sep-15,"16,253.57"
8-Sep-15,"16,492.68"
4-Sep-15,"16,102.38"
3-Sep-15,"16,374.76"
2-Sep-15,"16,351.38"
1-Sep-15,"16,058.35"
31-Aug-15,"16,528.03"
28-Aug-15,"16,643.01"
27-Aug-15,"16,654.77"
26-Aug-15,"16,285.51"
25-Aug-15,"15,666.44"
24-Aug-15,"15,871.35"
21-Aug-15,"16,459.75"
20-Aug-15,"16,990.69"
19-Aug-15,"17,348.73"
18-Aug-15,"17,511.34"
17-Aug-15,"17,545.18"
14-Aug-15,"17,477.40"
13-Aug-15,"17,408.25"
12-Aug-15,"17,402.51"
11-Aug-15,"17,402.84"
10-Aug-15,"17,615.17"
7-Aug-15,"17,373.38"
6-Aug-15,"17,419.75"
5-Aug-15,"17,540.47"
4-Aug-15,"17,550.69"
3-Aug-15,"17,598.20"
31-Jul-15,"17,689.86"
30-Jul-15,"17,745.98"
29-Jul-15,"17,751.39"
28-Jul-15,"17,630.27"
27-Jul-15,"17,440.59"
24-Jul-15,"17,568.53"
23-Jul-15,"17,731.92"
22-Jul-15,"17,851.04"
21-Jul-15,"17,919.29"
20-Jul-15,"18,100.41"
17-Jul-15,"18,086.45"
16-Jul-15,"18,120.25"
15-Jul-15,"18,050.17"
14-Jul-15,"18,053.58"
13-Jul-15,"17,977.68"
10-Jul-15,"17,760.41"
9-Jul-15,"17,548.62"
8-Jul-15,"17,515.42"
7-Jul-15,"17,776.91"
6-Jul-15,"17,683.58"
2-Jul-15,"17,730.11"
1-Jul-15,"17,757.91"
30-Jun-15,"17,619.51"
29-Jun-15,"17,596.35"
26-Jun-15,"17,946.68"
25-Jun-15,"17,890.36"
24-Jun-15,"17,966.07"
23-Jun-15,"18,144.07"
22-Jun-15,"18,119.78"
19-Jun-15,"18,015.95"
18-Jun-15,"18,115.84"
17-Jun-15,"17,935.74"
16-Jun-15,"17,904.48"
15-Jun-15,"17,791.17"
12-Jun-15,"17,898.84"
11-Jun-15,"18,039.37"
10-Jun-15,"18,000.40"
9-Jun-15,"17,764.04"
8-Jun-15,"17,766.55"
5-Jun-15,"17,849.46"
4-Jun-15,"17,905.58"
3-Jun-15,"18,076.27"
2-Jun-15,"18,011.94"
1-Jun-15,"18,040.37"
29-May-15,"18,010.68"
28-May-15,"18,126.12"
27-May-15,"18,162.99"
26-May-15,"18,041.54"
22-May-15,"18,232.02"
21-May-15,"18,285.74"
20-May-15,"18,285.40"
19-May-15,"18,312.39"
18-May-15,"18,298.88"
15-May-15,"18,272.56"
14-May-15,"18,252.24"
13-May-15,"18,060.49"
12-May-15,"18,068.23"
11-May-15,"18,105.17"
8-May-15,"18,191.11"
7-May-15,"17,924.06"
6-May-15,"17,841.98"
5-May-15,"17,928.20"
4-May-15,"18,070.40"
1-May-15,"18,024.06"
30-Apr-15,"17,840.52"
29-Apr-15,"18,035.53"
28-Apr-15,"18,110.14"
27-Apr-15,"18,037.97"
24-Apr-15,"18,080.14"
23-Apr-15,"18,058.69"
22-Apr-15,"18,038.27"
21-Apr-15,"17,949.59"
20-Apr-15,"18,034.93"
17-Apr-15,"17,826.30"
16-Apr-15,"18,105.77"
15-Apr-15,"18,112.61"
14-Apr-15,"18,036.70"
13-Apr-15,"17,977.04"
10-Apr-15,"18,057.65"
9-Apr-15,"17,958.73"
8-Apr-15,"17,902.51"
7-Apr-15,"17,875.42"
6-Apr-15,"17,880.85"
2-Apr-15,"17,763.24"
1-Apr-15,"17,698.18"
31-Mar-15,"17,776.12"
30-Mar-15,"17,976.31"
27-Mar-15,"17,712.66"
26-Mar-15,"17,678.23"
25-Mar-15,"17,718.54"
24-Mar-15,"18,011.14"
23-Mar-15,"18,116.04"
20-Mar-15,"18,127.65"
19-Mar-15,"17,959.03"
18-Mar-15,"18,076.19"
17-Mar-15,"17,849.08"
16-Mar-15,"17,977.42"
13-Mar-15,"17,749.31"
12-Mar-15,"17,895.22"
11-Mar-15,"17,635.39"
10-Mar-15,"17,662.94"
9-Mar-15,"17,995.72"
6-Mar-15,"17,856.78"
5-Mar-15,"18,135.72"
4-Mar-15,"18,096.90"
3-Mar-15,"18,203.37"
2-Mar-15,"18,288.63"
27-Feb-15,"18,132.70"
26-Feb-15,"18,214.42"
25-Feb-15,"18,224.57"
24-Feb-15,"18,209.19"
23-Feb-15,"18,116.84"
20-Feb-15,"18,140.44"
19-Feb-15,"17,985.77"
18-Feb-15,"18,029.85"
17-Feb-15,"18,047.58"
13-Feb-15,"18,019.35"
12-Feb-15,"17,972.38"
11-Feb-15,"17,862.14"
10-Feb-15,"17,868.76"
9-Feb-15,"17,729.21"
6-Feb-15,"17,824.29"
5-Feb-15,"17,884.88"
4-Feb-15,"17,673.02"
3-Feb-15,"17,666.40"
2-Feb-15,"17,361.04"
30-Jan-15,"17,164.95"
29-Jan-15,"17,416.85"
28-Jan-15,"17,191.37"
27-Jan-15,"17,387.21"
26-Jan-15,"17,678.70"
23-Jan-15,"17,672.60"
22-Jan-15,"17,813.98"
21-Jan-15,"17,554.28"
20-Jan-15,"17,515.23"
16-Jan-15,"17,511.57"
15-Jan-15,"17,320.71"
14-Jan-15,"17,427.09"
13-Jan-15,"17,613.68"
12-Jan-15,"17,640.84"
9-Jan-15,"17,737.37"
8-Jan-15,"17,907.87"
7-Jan-15,"17,584.52"
6-Jan-15,"17,371.64"
5-Jan-15,"17,501.65"
2-Jan-15,"17,832.99"
31-Dec-14,"17,823.07"
30-Dec-14,"17,983.07"
29-Dec-14,"18,038.23"
26-Dec-14,"18,053.71"
24-Dec-14,"18,030.21"
23-Dec-14,"18,024.17"
22-Dec-14,"17,959.44"
19-Dec-14,"17,804.80"
18-Dec-14,"17,778.15"
17-Dec-14,"17,356.87"
16-Dec-14,"17,068.87"
15-Dec-14,"17,180.84"
12-Dec-14,"17,280.83"
11-Dec-14,"17,596.34"
10-Dec-14,"17,533.15"
9-Dec-14,"17,801.20"
8-Dec-14,"17,852.48"
5-Dec-14,"17,958.79"
4-Dec-14,"17,900.10"
3-Dec-14,"17,912.62"
2-Dec-14,"17,879.55"
1-Dec-14,"17,776.80"
28-Nov-14,"17,828.24"
26-Nov-14,"17,827.75"
25-Nov-14,"17,814.94"
24-Nov-14,"17,817.90"
21-Nov-14,"17,810.06"
20-Nov-14,"17,719.00"
19-Nov-14,"17,685.73"
18-Nov-14,"17,687.82"
17-Nov-14,"17,647.75"
14-Nov-14,"17,634.74"
13-Nov-14,"17,652.79"
12-Nov-14,"17,612.20"
11-Nov-14,"17,614.90"
10-Nov-14,"17,613.74"
7-Nov-14,"17,573.93"
6-Nov-14,"17,554.47"
5-Nov-14,"17,484.53"
4-Nov-14,"17,383.84"
3-Nov-14,"17,366.24"
31-Oct-14,"17,390.52"
30-Oct-14,"17,195.42"
29-Oct-14,"16,974.31"
28-Oct-14,"17,005.75"
27-Oct-14,"16,817.94"
24-Oct-14,"16,805.41"
23-Oct-14,"16,677.90"
22-Oct-14,"16,461.32"
21-Oct-14,"16,614.81"
20-Oct-14,"16,399.67"
17-Oct-14,"16,380.41"
16-Oct-14,"16,117.24"
15-Oct-14,"16,141.74"
14-Oct-14,"16,315.19"
13-Oct-14,"16,321.07"
10-Oct-14,"16,544.10"
9-Oct-14,"16,659.25"
8-Oct-14,"16,994.22"
7-Oct-14,"16,719.39"
6-Oct-14,"16,991.91"
3-Oct-14,"17,009.69"
2-Oct-14,"16,801.05"
1-Oct-14,"16,804.71"
30-Sep-14,"17,042.90"
29-Sep-14,"17,071.22"
26-Sep-14,"17,113.15"
25-Sep-14,"16,945.80"
24-Sep-14,"17,210.06"
23-Sep-14,"17,055.87"
22-Sep-14,"17,172.68"
19-Sep-14,"17,279.74"
18-Sep-14,"17,265.99"
17-Sep-14,"17,156.85"
16-Sep-14,"17,131.97"
15-Sep-14,"17,031.14"
12-Sep-14,"16,987.51"
11-Sep-14,"17,049.00"
10-Sep-14,"17,068.71"
9-Sep-14,"17,013.87"
8-Sep-14,"17,111.42"
5-Sep-14,"17,137.36"
4-Sep-14,"17,069.58"
3-Sep-14,"17,078.28"
2-Sep-14,"17,067.56"
29-Aug-14,"17,098.45"
28-Aug-14,"17,079.57"
27-Aug-14,"17,122.01"
26-Aug-14,"17,106.70"
25-Aug-14,"17,076.87"
22-Aug-14,"17,001.22"
21-Aug-14,"17,039.49"
20-Aug-14,"16,979.13"
19-Aug-14,"16,919.59"
18-Aug-14,"16,838.74"
15-Aug-14,"16,662.91"
14-Aug-14,"16,713.58"
13-Aug-14,"16,651.80"
12-Aug-14,"16,560.54"
11-Aug-14,"16,569.98"
8-Aug-14,"16,553.93"
7-Aug-14,"16,368.27"
6-Aug-14,"16,443.34"
5-Aug-14,"16,429.47"
4-Aug-14,"16,569.28"
1-Aug-14,"16,493.37"
31-Jul-14,"16,563.30"
30-Jul-14,"16,880.36"
29-Jul-14,"16,912.11"
28-Jul-14,"16,982.59"
25-Jul-14,"16,960.57"
24-Jul-14,"17,083.80"
23-Jul-14,"17,086.63"
22-Jul-14,"17,113.54"
21-Jul-14,"17,051.73"
18-Jul-14,"17,100.18"
17-Jul-14,"16,976.81"
16-Jul-14,"17,138.20"
15-Jul-14,"17,060.68"
14-Jul-14,"17,055.42"
11-Jul-14,"16,943.81"
10-Jul-14,"16,915.07"
9-Jul-14,"16,985.61"
8-Jul-14,"16,906.62"
7-Jul-14,"17,024.21"
3-Jul-14,"17,068.26"
2-Jul-14,"16,976.24"
1-Jul-14,"16,956.07"
30-Jun-14,"16,826.60"
27-Jun-14,"16,851.84"
26-Jun-14,"16,846.13"
25-Jun-14,"16,867.51"
24-Jun-14,"16,818.13"
23-Jun-14,"16,937.26"
20-Jun-14,"16,947.08"
19-Jun-14,"16,921.46"
18-Jun-14,"16,906.62"
17-Jun-14,"16,808.49"
16-Jun-14,"16,781.01"
13-Jun-14,"16,775.74"
12-Jun-14,"16,734.19"
11-Jun-14,"16,843.88"
10-Jun-14,"16,945.92"
9-Jun-14,"16,943.10"
6-Jun-14,"16,924.28"
5-Jun-14,"16,836.11"
4-Jun-14,"16,737.53"
3-Jun-14,"16,722.34"
2-Jun-14,"16,743.63"
30-May-14,"16,717.17"
29-May-14,"16,698.74"
28-May-14,"16,633.18"
27-May-14,"16,675.50"
23-May-14,"16,606.27"
22-May-14,"16,543.08"
21-May-14,"16,533.06"
20-May-14,"16,374.31"
19-May-14,"16,511.86"
16-May-14,"16,491.31"
15-May-14,"16,446.81"
14-May-14,"16,613.97"
13-May-14,"16,715.44"
12-May-14,"16,695.47"
9-May-14,"16,583.34"
8-May-14,"16,550.97"
7-May-14,"16,518.54"
6-May-14,"16,401.02"
5-May-14,"16,530.55"
2-May-14,"16,512.89"
1-May-14,"16,558.87"
30-Apr-14,"16,580.84"
29-Apr-14,"16,535.37"
28-Apr-14,"16,448.74"
25-Apr-14,"16,361.46"
24-Apr-14,"16,501.65"
23-Apr-14,"16,501.65"
22-Apr-14,"16,514.37"
21-Apr-14,"16,449.25"
17-Apr-14,"16,408.54"
16-Apr-14,"16,424.85"
15-Apr-14,"16,262.56"
14-Apr-14,"16,173.24"
11-Apr-14,"16,026.75"
10-Apr-14,"16,170.22"
9-Apr-14,"16,437.18"
8-Apr-14,"16,256.14"
7-Apr-14,"16,245.87"
4-Apr-14,"16,412.71"
3-Apr-14,"16,572.55"
2-Apr-14,"16,573.00"
1-Apr-14,"16,532.61"
31-Mar-14,"16,457.66"
28-Mar-14,"16,323.06"
27-Mar-14,"16,264.23"
26-Mar-14,"16,268.99"
25-Mar-14,"16,367.88"
24-Mar-14,"16,276.69"
21-Mar-14,"16,302.77"
20-Mar-14,"16,331.05"
19-Mar-14,"16,222.17"
18-Mar-14,"16,336.19"
17-Mar-14,"16,247.22"
14-Mar-14,"16,065.67"
13-Mar-14,"16,108.89"
12-Mar-14,"16,340.08"
11-Mar-14,"16,351.25"
10-Mar-14,"16,418.68"
7-Mar-14,"16,452.72"
6-Mar-14,"16,421.89"
5-Mar-14,"16,360.18"
4-Mar-14,"16,395.88"
3-Mar-14,"16,168.03"
28-Feb-14,"16,321.71"
27-Feb-14,"16,272.65"
26-Feb-14,"16,198.41"
25-Feb-14,"16,179.66"
24-Feb-14,"16,207.14"
21-Feb-14,"16,103.30"
20-Feb-14,"16,133.23"
19-Feb-14,"16,040.56"
18-Feb-14,"16,130.40"
14-Feb-14,"16,154.39"
13-Feb-14,"16,027.59"
12-Feb-14,"15,963.94"
11-Feb-14,"15,994.77"
10-Feb-14,"15,801.79"
7-Feb-14,"15,794.08"
6-Feb-14,"15,628.53"
5-Feb-14,"15,440.23"
4-Feb-14,"15,445.24"
3-Feb-14,"15,372.80"
31-Jan-14,"15,698.85"
30-Jan-14,"15,848.61"
29-Jan-14,"15,738.79"
28-Jan-14,"15,928.56"
27-Jan-14,"15,837.88"
24-Jan-14,"15,879.11"
23-Jan-14,"16,197.35"
22-Jan-14,"16,373.34"
21-Jan-14,"16,414.44"
17-Jan-14,"16,458.56"
16-Jan-14,"16,417.01"
15-Jan-14,"16,481.94"
14-Jan-14,"16,373.86"
13-Jan-14,"16,257.94"
10-Jan-14,"16,437.05"
9-Jan-14,"16,444.76"
8-Jan-14,"16,462.74"
7-Jan-14,"16,530.94"
6-Jan-14,"16,425.10"
3-Jan-14,"16,469.99"
2-Jan-14,"16,441.35"
31-Dec-13,"16,576.66"
30-Dec-13,"16,504.29"
27-Dec-13,"16,478.41"
26-Dec-13,"16,479.88"
24-Dec-13,"16,357.55"
23-Dec-13,"16,294.61"
20-Dec-13,"16,221.14"
19-Dec-13,"16,179.08"
18-Dec-13,"16,167.97"
17-Dec-13,"15,875.26"
16-Dec-13,"15,884.57"
13-Dec-13,"15,755.36"
12-Dec-13,"15,739.43"
11-Dec-13,"15,843.53"
10-Dec-13,"15,973.13"
9-Dec-13,"16,025.53"
6-Dec-13,"16,020.20"
5-Dec-13,"15,821.51"
4-Dec-13,"15,889.77"
3-Dec-13,"15,914.62"
2-Dec-13,"16,008.77"
29-Nov-13,"16,086.41"
27-Nov-13,"16,097.33"
26-Nov-13,"16,072.80"
25-Nov-13,"16,072.54"
22-Nov-13,"16,064.77"
21-Nov-13,"16,009.99"
20-Nov-13,"15,900.82"
19-Nov-13,"15,967.03"
18-Nov-13,"15,976.02"
15-Nov-13,"15,961.70"
14-Nov-13,"15,876.22"
13-Nov-13,"15,821.63"
12-Nov-13,"15,750.67"
11-Nov-13,"15,783.10"
8-Nov-13,"15,761.78"
7-Nov-13,"15,593.98"
6-Nov-13,"15,746.88"
5-Nov-13,"15,618.22"
4-Nov-13,"15,639.12"
1-Nov-13,"15,615.55"
31-Oct-13,"15,545.75"
30-Oct-13,"15,618.76"
29-Oct-13,"15,680.35"
28-Oct-13,"15,568.93"
25-Oct-13,"15,570.28"
24-Oct-13,"15,509.21"
23-Oct-13,"15,413.33"
22-Oct-13,"15,467.66"
21-Oct-13,"15,392.20"
18-Oct-13,"15,399.65"
17-Oct-13,"15,371.65"
16-Oct-13,"15,373.83"
15-Oct-13,"15,168.01"
14-Oct-13,"15,301.26"
11-Oct-13,"15,237.11"
10-Oct-13,"15,126.07"
9-Oct-13,"14,802.98"
8-Oct-13,"14,776.53"
7-Oct-13,"14,936.24"
4-Oct-13,"15,072.58"
3-Oct-13,"14,996.48"
2-Oct-13,"15,133.14"
1-Oct-13,"15,191.70"
30-Sep-13,"15,129.67"
27-Sep-13,"15,258.24"
26-Sep-13,"15,328.30"
25-Sep-13,"15,273.26"
24-Sep-13,"15,334.59"
23-Sep-13,"15,401.38"
20-Sep-13,"15,451.09"
19-Sep-13,"15,636.55"
18-Sep-13,"15,676.94"
17-Sep-13,"15,529.73"
16-Sep-13,"15,494.78"
13-Sep-13,"15,376.06"
12-Sep-13,"15,300.64"
11-Sep-13,"15,326.60"
10-Sep-13,"15,191.06"
9-Sep-13,"15,063.12"
6-Sep-13,"14,922.50"
5-Sep-13,"14,937.48"
4-Sep-13,"14,930.87"
3-Sep-13,"14,833.96"
30-Aug-13,"14,810.31"
29-Aug-13,"14,840.95"
28-Aug-13,"14,824.51"
27-Aug-13,"14,776.13"
26-Aug-13,"14,946.46"
23-Aug-13,"15,010.51"
22-Aug-13,"14,963.74"
21-Aug-13,"14,897.55"
20-Aug-13,"15,002.99"
19-Aug-13,"15,010.74"
16-Aug-13,"15,081.47"
15-Aug-13,"15,112.19"
14-Aug-13,"15,337.66"
13-Aug-13,"15,451.01"
12-Aug-13,"15,419.68"
9-Aug-13,"15,425.51"
8-Aug-13,"15,498.32"
7-Aug-13,"15,470.67"
6-Aug-13,"15,518.74"
5-Aug-13,"15,612.13"
2-Aug-13,"15,658.36"
1-Aug-13,"15,628.02"
31-Jul-13,"15,499.54"
30-Jul-13,"15,520.59"
29-Jul-13,"15,521.97"
26-Jul-13,"15,558.83"
25-Jul-13,"15,555.61"
24-Jul-13,"15,542.24"
23-Jul-13,"15,567.74"
22-Jul-13,"15,545.55"
19-Jul-13,"15,543.74"
18-Jul-13,"15,548.54"
17-Jul-13,"15,470.52"
16-Jul-13,"15,451.85"
15-Jul-13,"15,484.26"
12-Jul-13,"15,464.30"
11-Jul-13,"15,460.92"
10-Jul-13,"15,291.66"
9-Jul-13,"15,300.34"
8-Jul-13,"15,224.69"
5-Jul-13,"15,135.84"
3-Jul-13,"14,988.55"
2-Jul-13,"14,932.41"
1-Jul-13,"14,974.96"
28-Jun-13,"14,909.60"
27-Jun-13,"15,024.49"
26-Jun-13,"14,910.14"
25-Jun-13,"14,760.31"
24-Jun-13,"14,659.56"
21-Jun-13,"14,799.40"
20-Jun-13,"14,758.32"
19-Jun-13,"15,112.19"
18-Jun-13,"15,318.23"
17-Jun-13,"15,179.85"
14-Jun-13,"15,070.18"
13-Jun-13,"15,176.08"
12-Jun-13,"14,995.23"
11-Jun-13,"15,122.02"
10-Jun-13,"15,238.59"
7-Jun-13,"15,248.12"
6-Jun-13,"15,040.62"
5-Jun-13,"14,960.59"
4-Jun-13,"15,177.54"
3-Jun-13,"15,254.03"
31-May-13,"15,115.57"
30-May-13,"15,324.53"
29-May-13,"15,302.80"
28-May-13,"15,409.39"
24-May-13,"15,303.10"
23-May-13,"15,294.50"
22-May-13,"15,307.17"
21-May-13,"15,387.58"
20-May-13,"15,335.28"
17-May-13,"15,354.40"
16-May-13,"15,233.22"
15-May-13,"15,275.69"
14-May-13,"15,215.25"
13-May-13,"15,091.68"
10-May-13,"15,118.49"
9-May-13,"15,082.62"
8-May-13,"15,105.12"
7-May-13,"15,056.20"
6-May-13,"14,968.89"
3-May-13,"14,973.96"
2-May-13,"14,831.58"
1-May-13,"14,700.95"
30-Apr-13,"14,839.80"
29-Apr-13,"14,818.75"
26-Apr-13,"14,712.55"
25-Apr-13,"14,700.80"
24-Apr-13,"14,676.30"
23-Apr-13,"14,719.46"
22-Apr-13,"14,567.17"
19-Apr-13,"14,547.51"
18-Apr-13,"14,537.14"
17-Apr-13,"14,618.59"
16-Apr-13,"14,756.78"
15-Apr-13,"14,599.20"
12-Apr-13,"14,865.06"
11-Apr-13,"14,865.14"
10-Apr-13,"14,802.24"
9-Apr-13,"14,673.46"
8-Apr-13,"14,613.48"
5-Apr-13,"14,565.25"
4-Apr-13,"14,606.11"
3-Apr-13,"14,550.35"
2-Apr-13,"14,662.01"
1-Apr-13,"14,572.85"
28-Mar-13,"14,578.54"
27-Mar-13,"14,526.16"
26-Mar-13,"14,559.65"
25-Mar-13,"14,447.75"
22-Mar-13,"14,512.03"
21-Mar-13,"14,421.49"
20-Mar-13,"14,511.73"
19-Mar-13,"14,455.82"
18-Mar-13,"14,452.06"
15-Mar-13,"14,514.11"
14-Mar-13,"14,539.14"
13-Mar-13,"14,455.28"
12-Mar-13,"14,450.06"
11-Mar-13,"14,447.29"
8-Mar-13,"14,397.07"
7-Mar-13,"14,329.49"
6-Mar-13,"14,296.24"
5-Mar-13,"14,253.77"
4-Mar-13,"14,127.82"
1-Mar-13,"14,089.66"
28-Feb-13,"14,054.49"
27-Feb-13,"14,075.37"
26-Feb-13,"13,900.13"
25-Feb-13,"13,784.17"
22-Feb-13,"14,000.57"
21-Feb-13,"13,880.62"
20-Feb-13,"13,927.54"
19-Feb-13,"14,035.67"
15-Feb-13,"13,981.76"
14-Feb-13,"13,973.39"
13-Feb-13,"13,982.91"
12-Feb-13,"14,018.70"
11-Feb-13,"13,971.24"
8-Feb-13,"13,992.97"
7-Feb-13,"13,944.05"
6-Feb-13,"13,986.52"
5-Feb-13,"13,979.30"
4-Feb-13,"13,880.08"
1-Feb-13,"14,009.79"
31-Jan-13,"13,860.58"
30-Jan-13,"13,910.42"
29-Jan-13,"13,954.42"
28-Jan-13,"13,881.93"
25-Jan-13,"13,895.98"
24-Jan-13,"13,825.33"
23-Jan-13,"13,779.33"
22-Jan-13,"13,712.21"
18-Jan-13,"13,649.70"
17-Jan-13,"13,596.02"
16-Jan-13,"13,511.23"
15-Jan-13,"13,534.89"
14-Jan-13,"13,507.32"
11-Jan-13,"13,488.43"
10-Jan-13,"13,471.22"
9-Jan-13,"13,390.51"
8-Jan-13,"13,328.85"
7-Jan-13,"13,384.29"
4-Jan-13,"13,435.21"
3-Jan-13,"13,391.36"
2-Jan-13,"13,412.55"
31-Dec-12,"13,104.14"
28-Dec-12,"12,938.11"
27-Dec-12,"13,096.31"
26-Dec-12,"13,114.59"
24-Dec-12,"13,139.08"
21-Dec-12,"13,190.84"
20-Dec-12,"13,311.72"
19-Dec-12,"13,251.97"
18-Dec-12,"13,350.96"
17-Dec-12,"13,235.39"
14-Dec-12,"13,135.01"
13-Dec-12,"13,170.72"
12-Dec-12,"13,245.45"
11-Dec-12,"13,248.44"
10-Dec-12,"13,169.88"
7-Dec-12,"13,155.13"
6-Dec-12,"13,074.04"
5-Dec-12,"13,034.49"
4-Dec-12,"12,951.78"
3-Dec-12,"12,965.60"
30-Nov-12,"13,025.58"
29-Nov-12,"13,021.82"
28-Nov-12,"12,985.11"
27-Nov-12,"12,878.13"
26-Nov-12,"12,967.37"
23-Nov-12,"13,009.68"
21-Nov-12,"12,836.89"
20-Nov-12,"12,788.51"
19-Nov-12,"12,795.96"
16-Nov-12,"12,588.31"
15-Nov-12,"12,542.38"
14-Nov-12,"12,570.95"
13-Nov-12,"12,756.18"
12-Nov-12,"12,815.08"
9-Nov-12,"12,815.39"
8-Nov-12,"12,811.32"
7-Nov-12,"12,932.73"
6-Nov-12,"13,245.68"
5-Nov-12,"13,112.44"
2-Nov-12,"13,093.16"
1-Nov-12,"13,232.62"
31-Oct-12,"13,096.46"
26-Oct-12,"13,107.21"
25-Oct-12,"13,103.68"
24-Oct-12,"13,077.34"
23-Oct-12,"13,102.53"
22-Oct-12,"13,345.89"
19-Oct-12,"13,343.51"
18-Oct-12,"13,548.94"
17-Oct-12,"13,557.00"
16-Oct-12,"13,551.78"
15-Oct-12,"13,424.23"
12-Oct-12,"13,328.85"
11-Oct-12,"13,326.39"
10-Oct-12,"13,344.97"
9-Oct-12,"13,473.53"
8-Oct-12,"13,583.65"
5-Oct-12,"13,610.15"
4-Oct-12,"13,575.36"
3-Oct-12,"13,494.61"
2-Oct-12,"13,482.36"
1-Oct-12,"13,515.11"
28-Sep-12,"13,437.13"
27-Sep-12,"13,485.97"
26-Sep-12,"13,413.51"
25-Sep-12,"13,457.55"
24-Sep-12,"13,558.92"
21-Sep-12,"13,579.47"
20-Sep-12,"13,596.93"
19-Sep-12,"13,577.96"
18-Sep-12,"13,564.64"
17-Sep-12,"13,553.10"
14-Sep-12,"13,593.37"
13-Sep-12,"13,539.86"
12-Sep-12,"13,333.35"
11-Sep-12,"13,323.36"
10-Sep-12,"13,254.29"
7-Sep-12,"13,306.64"
6-Sep-12,"13,292.00"
5-Sep-12,"13,047.48"
4-Sep-12,"13,035.94"
31-Aug-12,"13,090.84"
30-Aug-12,"13,000.71"
29-Aug-12,"13,107.48"
28-Aug-12,"13,102.99"
27-Aug-12,"13,124.67"
24-Aug-12,"13,157.97"
23-Aug-12,"13,057.46"
22-Aug-12,"13,172.76"
21-Aug-12,"13,203.58"
20-Aug-12,"13,271.64"
17-Aug-12,"13,275.20"
16-Aug-12,"13,250.11"
15-Aug-12,"13,164.78"
14-Aug-12,"13,172.14"
13-Aug-12,"13,169.43"
10-Aug-12,"13,207.95"
9-Aug-12,"13,165.19"
8-Aug-12,"13,175.64"
7-Aug-12,"13,168.60"
6-Aug-12,"13,117.51"
3-Aug-12,"13,096.17"
2-Aug-12,"12,878.88"
1-Aug-12,"12,971.06"
31-Jul-12,"13,008.68"
30-Jul-12,"13,073.01"
27-Jul-12,"13,075.66"
26-Jul-12,"12,887.93"
25-Jul-12,"12,676.05"
24-Jul-12,"12,617.32"
23-Jul-12,"12,721.46"
20-Jul-12,"12,822.57"
19-Jul-12,"12,943.36"
18-Jul-12,"12,908.70"
17-Jul-12,"12,805.54"
16-Jul-12,"12,727.21"
13-Jul-12,"12,777.09"
12-Jul-12,"12,573.27"
11-Jul-12,"12,604.53"
10-Jul-12,"12,653.12"
9-Jul-12,"12,736.29"
6-Jul-12,"12,772.47"
5-Jul-12,"12,896.67"
3-Jul-12,"12,943.82"
2-Jul-12,"12,871.39"
29-Jun-12,"12,880.09"
28-Jun-12,"12,602.26"
27-Jun-12,"12,627.01"
26-Jun-12,"12,534.67"
25-Jun-12,"12,502.66"
22-Jun-12,"12,640.78"
21-Jun-12,"12,573.57"
20-Jun-12,"12,824.39"
19-Jun-12,"12,837.33"
18-Jun-12,"12,741.82"
15-Jun-12,"12,767.17"
14-Jun-12,"12,651.91"
13-Jun-12,"12,496.38"
12-Jun-12,"12,573.80"
11-Jun-12,"12,411.23"
8-Jun-12,"12,554.20"
7-Jun-12,"12,460.96"
6-Jun-12,"12,414.79"
5-Jun-12,"12,127.95"
4-Jun-12,"12,101.46"
1-Jun-12,"12,118.57"
31-May-12,"12,393.45"
30-May-12,"12,419.86"
29-May-12,"12,580.69"
25-May-12,"12,454.83"
24-May-12,"12,529.75"
23-May-12,"12,496.15"
22-May-12,"12,502.81"
21-May-12,"12,504.48"
18-May-12,"12,369.38"
17-May-12,"12,442.49"
16-May-12,"12,598.55"
15-May-12,"12,632.00"
14-May-12,"12,695.35"
11-May-12,"12,820.60"
10-May-12,"12,855.04"
9-May-12,"12,835.06"
8-May-12,"12,932.09"
7-May-12,"13,008.53"
4-May-12,"13,038.27"
3-May-12,"13,206.59"
2-May-12,"13,268.57"
1-May-12,"13,279.32"
30-Apr-12,"13,213.63"
27-Apr-12,"13,228.31"
26-Apr-12,"13,204.62"
25-Apr-12,"13,090.72"
24-Apr-12,"13,001.56"
23-Apr-12,"12,927.17"
20-Apr-12,"13,029.26"
19-Apr-12,"12,964.10"
18-Apr-12,"13,032.75"
17-Apr-12,"13,115.54"
16-Apr-12,"12,921.41"
13-Apr-12,"12,849.59"
12-Apr-12,"12,986.58"
11-Apr-12,"12,805.39"
10-Apr-12,"12,715.93"
9-Apr-12,"12,929.59"
5-Apr-12,"13,060.14"
4-Apr-12,"13,074.75"
3-Apr-12,"13,199.55"
2-Apr-12,"13,264.49"
30-Mar-12,"13,212.04"
29-Mar-12,"13,145.82"
28-Mar-12,"13,126.21"
27-Mar-12,"13,197.73"
26-Mar-12,"13,241.63"
23-Mar-12,"13,080.73"
22-Mar-12,"13,046.14"
21-Mar-12,"13,124.62"
20-Mar-12,"13,170.19"
19-Mar-12,"13,239.13"
16-Mar-12,"13,232.62"
15-Mar-12,"13,252.76"
14-Mar-12,"13,194.10"
13-Mar-12,"13,177.68"
12-Mar-12,"12,959.71"
9-Mar-12,"12,922.02"
8-Mar-12,"12,907.94"
7-Mar-12,"12,837.33"
6-Mar-12,"12,759.15"
5-Mar-12,"12,962.81"
2-Mar-12,"12,977.57"
1-Mar-12,"12,980.30"
29-Feb-12,"12,952.07"
28-Feb-12,"13,005.12"
27-Feb-12,"12,981.51"
24-Feb-12,"12,982.95"
23-Feb-12,"12,984.69"
22-Feb-12,"12,938.67"
21-Feb-12,"12,965.69"
17-Feb-12,"12,949.87"
16-Feb-12,"12,904.08"
15-Feb-12,"12,780.95"
14-Feb-12,"12,878.28"
13-Feb-12,"12,874.04"
10-Feb-12,"12,801.23"
9-Feb-12,"12,890.46"
8-Feb-12,"12,883.95"
7-Feb-12,"12,878.20"
6-Feb-12,"12,845.13"
3-Feb-12,"12,862.23"
2-Feb-12,"12,705.41"
1-Feb-12,"12,716.46"
31-Jan-12,"12,632.91"
30-Jan-12,"12,653.72"
27-Jan-12,"12,660.46"
26-Jan-12,"12,734.63"
25-Jan-12,"12,756.96"
24-Jan-12,"12,675.75"
23-Jan-12,"12,708.82"
20-Jan-12,"12,720.48"
19-Jan-12,"12,623.98"
18-Jan-12,"12,578.95"
17-Jan-12,"12,482.07"
13-Jan-12,"12,422.06"
12-Jan-12,"12,471.02"
11-Jan-12,"12,449.45"
10-Jan-12,"12,462.47"
9-Jan-12,"12,392.69"
6-Jan-12,"12,359.92"
5-Jan-12,"12,415.70"
4-Jan-12,"12,418.42"
3-Jan-12,"12,397.38"
30-Dec-11,"12,217.56"
29-Dec-11,"12,287.04"
28-Dec-11,"12,151.41"
27-Dec-11,"12,291.35"
23-Dec-11,"12,294.00"
22-Dec-11,"12,169.65"
21-Dec-11,"12,107.74"
20-Dec-11,"12,103.58"
19-Dec-11,"11,766.26"
16-Dec-11,"11,866.39"
15-Dec-11,"11,868.81"
14-Dec-11,"11,823.48"
13-Dec-11,"11,954.94"
12-Dec-11,"12,021.39"
9-Dec-11,"12,184.26"
8-Dec-11,"11,997.70"
7-Dec-11,"12,196.37"
6-Dec-11,"12,150.13"
5-Dec-11,"12,097.83"
2-Dec-11,"12,019.42"
1-Dec-11,"12,020.03"
30-Nov-11,"12,045.68"
29-Nov-11,"11,555.63"
28-Nov-11,"11,523.01"
25-Nov-11,"11,231.78"
23-Nov-11,"11,257.55"
22-Nov-11,"11,493.72"
21-Nov-11,"11,547.31"
18-Nov-11,"11,796.16"
17-Nov-11,"11,770.73"
16-Nov-11,"11,905.59"
15-Nov-11,"12,096.16"
14-Nov-11,"12,078.98"
11-Nov-11,"12,153.68"
10-Nov-11,"11,893.79"
9-Nov-11,"11,780.94"
8-Nov-11,"12,170.18"
7-Nov-11,"12,068.39"
4-Nov-11,"11,983.24"
3-Nov-11,"12,044.47"
2-Nov-11,"11,836.04"
1-Nov-11,"11,657.96"
31-Oct-11,"11,955.01"
28-Oct-11,"12,231.11"
27-Oct-11,"12,208.55"
26-Oct-11,"11,869.04"
25-Oct-11,"11,706.62"
24-Oct-11,"11,913.62"
21-Oct-11,"11,808.79"
20-Oct-11,"11,541.78"
19-Oct-11,"11,504.62"
18-Oct-11,"11,577.05"
17-Oct-11,"11,397.00"
14-Oct-11,"11,644.49"
13-Oct-11,"11,478.13"
12-Oct-11,"11,518.85"
11-Oct-11,"11,416.30"
10-Oct-11,"11,433.18"
7-Oct-11,"11,103.12"
6-Oct-11,"11,123.33"
5-Oct-11,"10,939.95"
4-Oct-11,"10,808.71"
3-Oct-11,"10,655.30"
30-Sep-11,"10,913.38"
29-Sep-11,"11,153.98"
28-Sep-11,"11,010.90"
27-Sep-11,"11,190.69"
26-Sep-11,"11,043.86"
23-Sep-11,"10,771.48"
22-Sep-11,"10,733.83"
21-Sep-11,"11,124.84"
20-Sep-11,"11,408.66"
19-Sep-11,"11,401.01"
16-Sep-11,"11,509.09"
15-Sep-11,"11,433.18"
14-Sep-11,"11,246.73"
13-Sep-11,"11,105.85"
12-Sep-11,"11,061.12"
9-Sep-11,"10,992.13"
8-Sep-11,"11,295.81"
7-Sep-11,"11,414.86"
6-Sep-11,"11,139.30"
2-Sep-11,"11,240.26"
1-Sep-11,"11,493.57"
31-Aug-11,"11,613.53"
30-Aug-11,"11,559.95"
29-Aug-11,"11,539.25"
26-Aug-11,"11,284.54"
25-Aug-11,"11,149.82"
24-Aug-11,"11,320.71"
23-Aug-11,"11,176.76"
22-Aug-11,"10,854.65"
19-Aug-11,"10,817.65"
18-Aug-11,"10,990.58"
17-Aug-11,"11,410.21"
16-Aug-11,"11,405.93"
15-Aug-11,"11,482.90"
12-Aug-11,"11,269.02"
11-Aug-11,"11,143.31"
10-Aug-11,"10,719.94"
9-Aug-11,"11,239.77"
8-Aug-11,"10,809.85"
5-Aug-11,"11,444.61"
4-Aug-11,"11,383.68"
3-Aug-11,"11,896.44"
2-Aug-11,"11,866.62"
1-Aug-11,"12,132.49"
29-Jul-11,"12,143.24"
28-Jul-11,"12,240.11"
27-Jul-11,"12,302.55"
26-Jul-11,"12,501.30"
25-Jul-11,"12,592.80"
22-Jul-11,"12,681.16"
21-Jul-11,"12,724.41"
20-Jul-11,"12,571.91"
19-Jul-11,"12,587.42"
18-Jul-11,"12,385.16"
15-Jul-11,"12,479.73"
14-Jul-11,"12,437.12"
13-Jul-11,"12,491.61"
12-Jul-11,"12,446.88"
11-Jul-11,"12,505.76"
8-Jul-11,"12,657.20"
7-Jul-11,"12,719.49"
6-Jul-11,"12,626.02"
5-Jul-11,"12,569.87"
1-Jul-11,"12,582.77"
30-Jun-11,"12,414.34"
29-Jun-11,"12,261.42"
28-Jun-11,"12,188.69"
27-Jun-11,"12,043.56"
24-Jun-11,"11,934.58"
23-Jun-11,"12,050.00"
22-Jun-11,"12,109.67"
21-Jun-11,"12,190.01"
20-Jun-11,"12,080.38"
17-Jun-11,"12,004.36"
16-Jun-11,"11,961.52"
15-Jun-11,"11,897.27"
14-Jun-11,"12,076.11"
13-Jun-11,"11,952.97"
10-Jun-11,"11,951.91"
9-Jun-11,"12,124.36"
8-Jun-11,"12,048.94"
7-Jun-11,"12,070.81"
6-Jun-11,"12,089.96"
3-Jun-11,"12,151.26"
2-Jun-11,"12,248.55"
1-Jun-11,"12,290.14"
31-May-11,"12,569.79"
27-May-11,"12,441.58"
26-May-11,"12,402.76"
25-May-11,"12,394.66"
24-May-11,"12,356.21"
23-May-11,"12,381.26"
20-May-11,"12,512.04"
19-May-11,"12,605.32"
18-May-11,"12,560.18"
17-May-11,"12,479.58"
16-May-11,"12,548.37"
13-May-11,"12,595.75"
12-May-11,"12,695.92"
11-May-11,"12,630.03"
10-May-11,"12,760.36"
9-May-11,"12,684.68"
6-May-11,"12,638.74"
5-May-11,"12,584.17"
4-May-11,"12,723.58"
3-May-11,"12,807.51"
2-May-11,"12,807.36"
29-Apr-11,"12,810.54"
28-Apr-11,"12,763.31"
27-Apr-11,"12,690.96"
26-Apr-11,"12,595.37"
25-Apr-11,"12,479.88"
21-Apr-11,"12,505.99"
20-Apr-11,"12,453.54"
19-Apr-11,"12,266.75"
18-Apr-11,"12,201.59"
15-Apr-11,"12,341.83"
14-Apr-11,"12,285.15"
13-Apr-11,"12,270.99"
12-Apr-11,"12,263.58"
11-Apr-11,"12,381.11"
8-Apr-11,"12,380.05"
7-Apr-11,"12,409.49"
6-Apr-11,"12,426.75"
5-Apr-11,"12,393.90"
4-Apr-11,"12,400.03"
1-Apr-11,"12,376.72"
31-Mar-11,"12,319.73"
30-Mar-11,"12,350.61"
29-Mar-11,"12,279.01"
28-Mar-11,"12,197.88"
25-Mar-11,"12,220.59"
24-Mar-11,"12,170.56"
23-Mar-11,"12,086.02"
22-Mar-11,"12,018.63"
21-Mar-11,"12,036.53"
18-Mar-11,"11,858.52"
17-Mar-11,"11,774.59"
16-Mar-11,"11,613.30"
15-Mar-11,"11,855.42"
14-Mar-11,"11,993.16"
11-Mar-11,"12,044.40"
10-Mar-11,"11,984.61"
9-Mar-11,"12,213.09"
8-Mar-11,"12,214.38"
7-Mar-11,"12,090.03"
4-Mar-11,"12,169.88"
3-Mar-11,"12,258.20"
2-Mar-11,"12,066.80"
1-Mar-11,"12,058.02"
28-Feb-11,"12,226.34"
25-Feb-11,"12,130.45"
24-Feb-11,"12,068.50"
23-Feb-11,"12,105.78"
22-Feb-11,"12,212.79"
18-Feb-11,"12,391.25"
16-Feb-11,"12,288.17"
15-Feb-11,"12,226.64"
14-Feb-11,"12,268.19"
11-Feb-11,"12,273.26"
10-Feb-11,"12,229.29"
9-Feb-11,"12,239.89"
8-Feb-11,"12,233.15"
7-Feb-11,"12,161.63"
4-Feb-11,"12,092.15"
3-Feb-11,"12,062.26"
2-Feb-11,"12,041.97"
1-Feb-11,"12,040.16"
31-Jan-11,"11,891.93"
28-Jan-11,"11,823.70"
27-Jan-11,"11,989.83"
26-Jan-11,"11,985.44"
25-Jan-11,"11,977.19"
24-Jan-11,"11,980.52"
21-Jan-11,"11,871.84"
20-Jan-11,"11,822.80"
19-Jan-11,"11,825.29"
18-Jan-11,"11,837.93"
14-Jan-11,"11,787.38"
13-Jan-11,"11,731.90"
12-Jan-11,"11,755.44"
11-Jan-11,"11,671.88"
10-Jan-11,"11,637.45"
7-Jan-11,"11,674.76"
6-Jan-11,"11,697.31"
5-Jan-11,"11,722.89"
4-Jan-11,"11,691.18"
3-Jan-11,"11,670.75"
31-Dec-10,"11,577.51"
30-Dec-10,"11,569.71"
29-Dec-10,"11,585.38"
28-Dec-10,"11,575.54"
27-Dec-10,"11,555.03"
23-Dec-10,"11,573.49"
22-Dec-10,"11,559.49"
21-Dec-10,"11,533.16"
20-Dec-10,"11,478.13"
17-Dec-10,"11,491.91"
16-Dec-10,"11,499.25"
15-Dec-10,"11,457.47"
14-Dec-10,"11,476.54"
13-Dec-10,"11,428.56"
10-Dec-10,"11,410.32"
9-Dec-10,"11,370.06"
8-Dec-10,"11,372.48"
7-Dec-10,"11,359.16"
6-Dec-10,"11,362.19"
3-Dec-10,"11,382.09"
2-Dec-10,"11,362.41"
1-Dec-10,"11,255.78"
30-Nov-10,"11,006.02"
29-Nov-10,"11,052.49"
26-Nov-10,"11,092.00"
24-Nov-10,"11,187.28"
23-Nov-10,"11,036.37"
22-Nov-10,"11,178.58"
19-Nov-10,"11,203.55"
18-Nov-10,"11,181.23"
17-Nov-10,"11,007.88"
16-Nov-10,"11,023.50"
15-Nov-10,"11,201.97"
12-Nov-10,"11,192.58"
11-Nov-10,"11,283.10"
10-Nov-10,"11,357.04"
9-Nov-10,"11,346.75"
8-Nov-10,"11,406.84"
5-Nov-10,"11,444.08"
4-Nov-10,"11,434.84"
3-Nov-10,"11,215.13"
2-Nov-10,"11,188.72"
1-Nov-10,"11,124.62"
29-Oct-10,"11,118.40"
28-Oct-10,"11,113.95"
27-Oct-10,"11,126.28"
26-Oct-10,"11,169.46"
25-Oct-10,"11,164.05"
22-Oct-10,"11,132.56"
21-Oct-10,"11,146.57"
20-Oct-10,"11,107.97"
19-Oct-10,"10,978.62"
18-Oct-10,"11,143.69"
15-Oct-10,"11,062.78"
14-Oct-10,"11,096.92"
13-Oct-10,"11,096.08"
12-Oct-10,"11,020.40"
11-Oct-10,"11,010.34"
8-Oct-10,"11,006.48"
7-Oct-10,"10,948.58"
6-Oct-10,"10,967.65"
5-Oct-10,"10,944.72"
4-Oct-10,"10,751.27"
1-Oct-10,"10,829.68"
30-Sep-10,"10,788.05"
29-Sep-10,"10,835.28"
28-Sep-10,"10,858.14"
27-Sep-10,"10,812.04"
24-Sep-10,"10,860.26"
23-Sep-10,"10,662.42"
22-Sep-10,"10,739.31"
21-Sep-10,"10,761.03"
20-Sep-10,"10,753.62"
17-Sep-10,"10,607.85"
16-Sep-10,"10,594.83"
15-Sep-10,"10,572.73"
14-Sep-10,"10,526.49"
13-Sep-10,"10,544.13"
10-Sep-10,"10,462.77"
9-Sep-10,"10,415.24"
8-Sep-10,"10,387.01"
7-Sep-10,"10,340.69"
3-Sep-10,"10,447.93"
2-Sep-10,"10,320.10"
1-Sep-10,"10,269.47"
31-Aug-10,"10,014.72"
30-Aug-10,"10,009.73"
27-Aug-10,"10,150.65"
26-Aug-10,"9,985.81"
25-Aug-10,"10,060.06"
24-Aug-10,"10,040.45"
23-Aug-10,"10,174.41"
20-Aug-10,"10,213.62"
19-Aug-10,"10,271.21"
18-Aug-10,"10,415.54"
17-Aug-10,"10,405.85"
16-Aug-10,"10,302.01"
13-Aug-10,"10,303.15"
12-Aug-10,"10,319.95"
11-Aug-10,"10,378.83"
10-Aug-10,"10,644.25"
9-Aug-10,"10,698.75"
6-Aug-10,"10,653.56"
5-Aug-10,"10,674.98"
4-Aug-10,"10,680.43"
3-Aug-10,"10,636.38"
2-Aug-10,"10,674.38"
30-Jul-10,"10,465.94"
29-Jul-10,"10,467.16"
28-Jul-10,"10,497.88"
27-Jul-10,"10,537.69"
26-Jul-10,"10,525.43"
23-Jul-10,"10,424.62"
22-Jul-10,"10,322.30"
21-Jul-10,"10,120.53"
20-Jul-10,"10,229.96"
19-Jul-10,"10,154.43"
16-Jul-10,"10,097.90"
15-Jul-10,"10,359.31"
14-Jul-10,"10,366.72"
13-Jul-10,"10,363.02"
12-Jul-10,"10,216.27"
9-Jul-10,"10,198.03"
8-Jul-10,"10,138.99"
7-Jul-10,"10,018.28"
6-Jul-10,"9,743.62"
2-Jul-10,"9,686.48"
1-Jul-10,"9,732.53"
30-Jun-10,"9,774.02"
29-Jun-10,"9,870.30"
28-Jun-10,"10,138.52"
25-Jun-10,"10,143.81"
24-Jun-10,"10,152.80"
23-Jun-10,"10,298.44"
22-Jun-10,"10,293.52"
21-Jun-10,"10,442.41"
18-Jun-10,"10,450.64"
17-Jun-10,"10,434.17"
16-Jun-10,"10,409.46"
15-Jun-10,"10,404.77"
14-Jun-10,"10,190.89"
11-Jun-10,"10,211.07"
10-Jun-10,"10,172.53"
9-Jun-10,"9,899.25"
8-Jun-10,"9,939.98"
7-Jun-10,"9,816.49"
4-Jun-10,"9,931.97"
3-Jun-10,"10,255.28"
2-Jun-10,"10,249.54"
1-Jun-10,"10,024.02"
28-May-10,"10,136.63"
27-May-10,"10,258.99"
26-May-10,"9,974.45"
25-May-10,"10,043.75"
24-May-10,"10,066.57"
21-May-10,"10,193.39"
20-May-10,"10,068.01"
19-May-10,"10,444.37"
18-May-10,"10,510.95"
17-May-10,"10,625.83"
14-May-10,"10,620.16"
13-May-10,"10,782.95"
12-May-10,"10,896.91"
11-May-10,"10,748.26"
10-May-10,"10,785.14"
7-May-10,"10,380.43"
6-May-10,"10,520.32"
5-May-10,"10,868.12"
4-May-10,"10,926.77"
3-May-10,"11,151.83"
30-Apr-10,"11,008.61"
29-Apr-10,"11,167.32"
28-Apr-10,"11,045.27"
27-Apr-10,"10,991.99"
26-Apr-10,"11,205.03"
23-Apr-10,"11,204.28"
22-Apr-10,"11,134.29"
21-Apr-10,"11,124.92"
20-Apr-10,"11,117.06"
19-Apr-10,"11,092.05"
16-Apr-10,"11,018.66"
15-Apr-10,"11,144.57"
14-Apr-10,"11,123.11"
13-Apr-10,"11,019.42"
12-Apr-10,"11,005.97"
9-Apr-10,"10,997.35"
8-Apr-10,"10,927.07"
7-Apr-10,"10,897.52"
6-Apr-10,"10,969.99"
5-Apr-10,"10,973.55"
1-Apr-10,"10,927.07"
31-Mar-10,"10,856.63"
30-Mar-10,"10,907.42"
29-Mar-10,"10,895.86"
26-Mar-10,"10,850.36"
25-Mar-10,"10,841.21"
24-Mar-10,"10,836.15"
23-Mar-10,"10,888.83"
22-Mar-10,"10,785.89"
19-Mar-10,"10,741.98"
18-Mar-10,"10,779.17"
17-Mar-10,"10,733.67"
16-Mar-10,"10,685.98"
15-Mar-10,"10,642.15"
12-Mar-10,"10,624.69"
11-Mar-10,"10,611.84"
10-Mar-10,"10,567.33"
9-Mar-10,"10,564.38"
8-Mar-10,"10,552.52"
5-Mar-10,"10,566.20"
4-Mar-10,"10,444.14"
3-Mar-10,"10,396.76"
2-Mar-10,"10,405.98"
1-Mar-10,"10,403.79"
26-Feb-10,"10,325.26"
25-Feb-10,"10,321.03"
24-Feb-10,"10,374.16"
23-Feb-10,"10,282.41"
22-Feb-10,"10,383.38"
19-Feb-10,"10,402.35"
18-Feb-10,"10,392.90"
17-Feb-10,"10,309.24"
16-Feb-10,"10,268.81"
12-Feb-10,"10,099.14"
11-Feb-10,"10,144.19"
10-Feb-10,"10,038.38"
9-Feb-10,"10,058.64"
8-Feb-10,"9,908.39"
5-Feb-10,"10,012.23"
4-Feb-10,"10,002.18"
3-Feb-10,"10,270.55"
2-Feb-10,"10,296.85"
1-Feb-10,"10,185.53"
29-Jan-10,"10,067.33"
28-Jan-10,"10,120.46"
27-Jan-10,"10,236.16"
26-Jan-10,"10,194.29"
25-Jan-10,"10,196.86"
22-Jan-10,"10,172.98"
21-Jan-10,"10,389.88"
20-Jan-10,"10,603.15"
19-Jan-10,"10,725.43"
15-Jan-10,"10,609.65"
14-Jan-10,"10,710.55"
13-Jan-10,"10,680.77"
12-Jan-10,"10,627.26"
11-Jan-10,"10,663.99"
8-Jan-10,"10,618.19"
7-Jan-10,"10,606.86"
6-Jan-10,"10,573.68"
5-Jan-10,"10,572.02"
4-Jan-10,"10,583.96"
31-Dec-09,"10,428.05"
30-Dec-09,"10,548.51"
29-Dec-09,"10,545.41"
28-Dec-09,"10,547.08"
24-Dec-09,"10,520.10"
23-Dec-09,"10,466.44"
22-Dec-09,"10,464.93"
21-Dec-09,"10,414.14"
18-Dec-09,"10,328.89"
17-Dec-09,"10,308.26"
16-Dec-09,"10,441.12"
15-Dec-09,"10,452.00"
14-Dec-09,"10,501.05"
11-Dec-09,"10,471.50"
10-Dec-09,"10,405.83"
9-Dec-09,"10,337.05"
8-Dec-09,"10,285.97"
7-Dec-09,"10,390.11"
4-Dec-09,"10,388.90"
3-Dec-09,"10,366.15"
2-Dec-09,"10,452.68"
1-Dec-09,"10,471.58"
30-Nov-09,"10,344.84"
27-Nov-09,"10,309.92"
25-Nov-09,"10,464.40"
24-Nov-09,"10,433.71"
23-Nov-09,"10,450.95"
20-Nov-09,"10,318.16"
19-Nov-09,"10,332.44"
18-Nov-09,"10,426.31"
17-Nov-09,"10,437.42"
16-Nov-09,"10,406.96"
13-Nov-09,"10,270.47"
12-Nov-09,"10,197.47"
11-Nov-09,"10,291.26"
10-Nov-09,"10,246.97"
9-Nov-09,"10,226.94"
6-Nov-09,"10,023.42"
5-Nov-09,"10,005.96"
4-Nov-09,"9,802.14"
3-Nov-09,"9,771.91"
2-Nov-09,"9,789.44"
30-Oct-09,"9,712.73"
29-Oct-09,"9,962.58"
28-Oct-09,"9,762.69"
27-Oct-09,"9,882.17"
26-Oct-09,"9,867.96"
23-Oct-09,"9,972.18"
22-Oct-09,"10,081.31"
21-Oct-09,"9,949.36"
20-Oct-09,"10,041.48"
19-Oct-09,"10,092.19"
16-Oct-09,"9,995.91"
15-Oct-09,"10,062.94"
14-Oct-09,"10,015.86"
13-Oct-09,"9,871.06"
12-Oct-09,"9,885.80"
9-Oct-09,"9,864.94"
8-Oct-09,"9,786.87"
7-Oct-09,"9,725.58"
6-Oct-09,"9,731.25"
5-Oct-09,"9,599.75"
2-Oct-09,"9,487.67"
1-Oct-09,"9,509.28"
30-Sep-09,"9,712.28"
29-Sep-09,"9,742.20"
28-Sep-09,"9,789.36"
25-Sep-09,"9,665.19"
24-Sep-09,"9,707.44"
23-Sep-09,"9,748.55"
22-Sep-09,"9,829.87"
21-Sep-09,"9,778.86"
18-Sep-09,"9,820.20"
17-Sep-09,"9,783.92"
16-Sep-09,"9,791.71"
15-Sep-09,"9,683.41"
14-Sep-09,"9,626.80"
11-Sep-09,"9,605.41"
10-Sep-09,"9,627.48"
9-Sep-09,"9,547.22"
8-Sep-09,"9,497.34"
4-Sep-09,"9,441.27"
3-Sep-09,"9,344.61"
2-Sep-09,"9,280.67"
1-Sep-09,"9,310.60"
31-Aug-09,"9,496.28"
28-Aug-09,"9,544.20"
27-Aug-09,"9,580.63"
26-Aug-09,"9,543.52"
25-Aug-09,"9,539.29"
24-Aug-09,"9,509.28"
21-Aug-09,"9,505.96"
20-Aug-09,"9,350.05"
19-Aug-09,"9,279.16"
18-Aug-09,"9,217.94"
17-Aug-09,"9,135.34"
14-Aug-09,"9,321.40"
13-Aug-09,"9,398.19"
12-Aug-09,"9,361.61"
11-Aug-09,"9,241.45"
10-Aug-09,"9,337.95"
7-Aug-09,"9,370.07"
6-Aug-09,"9,256.26"
5-Aug-09,"9,280.97"
4-Aug-09,"9,320.19"
3-Aug-09,"9,286.56"
31-Jul-09,"9,171.61"
30-Jul-09,"9,154.46"
29-Jul-09,"9,070.72"
28-Jul-09,"9,096.72"
27-Jul-09,"9,108.51"
24-Jul-09,"9,093.24"
23-Jul-09,"9,069.29"
22-Jul-09,"8,881.26"
21-Jul-09,"8,915.94"
20-Jul-09,"8,848.15"
17-Jul-09,"8,743.94"
16-Jul-09,"8,711.82"
15-Jul-09,"8,616.21"
14-Jul-09,"8,359.49"
13-Jul-09,"8,331.68"
10-Jul-09,"8,146.52"
9-Jul-09,"8,183.17"
8-Jul-09,"8,178.41"
7-Jul-09,"8,163.60"
6-Jul-09,"8,324.87"
2-Jul-09,"8,280.74"
1-Jul-09,"8,504.06"
30-Jun-09,"8,447.00"
29-Jun-09,"8,529.38"
26-Jun-09,"8,438.39"
25-Jun-09,"8,472.40"
24-Jun-09,"8,299.86"
23-Jun-09,"8,322.91"
22-Jun-09,"8,339.01"
19-Jun-09,"8,539.73"
18-Jun-09,"8,555.60"
17-Jun-09,"8,497.18"
16-Jun-09,"8,504.67"
15-Jun-09,"8,612.13"
12-Jun-09,"8,799.26"
11-Jun-09,"8,770.92"
10-Jun-09,"8,739.02"
9-Jun-09,"8,763.06"
8-Jun-09,"8,764.49"
5-Jun-09,"8,763.13"
4-Jun-09,"8,750.24"
3-Jun-09,"8,675.24"
2-Jun-09,"8,740.87"
1-Jun-09,"8,721.44"
29-May-09,"8,500.33"
28-May-09,"8,403.80"
27-May-09,"8,300.02"
26-May-09,"8,473.49"
22-May-09,"8,277.32"
21-May-09,"8,292.13"
20-May-09,"8,422.04"
19-May-09,"8,474.85"
18-May-09,"8,504.08"
15-May-09,"8,268.64"
14-May-09,"8,331.32"
13-May-09,"8,284.89"
12-May-09,"8,469.11"
11-May-09,"8,418.77"
8-May-09,"8,574.65"
7-May-09,"8,409.85"
6-May-09,"8,512.28"
5-May-09,"8,410.65"
4-May-09,"8,426.74"
1-May-09,"8,212.41"
30-Apr-09,"8,168.12"
29-Apr-09,"8,185.73"
28-Apr-09,"8,016.95"
27-Apr-09,"8,025.00"
24-Apr-09,"8,076.29"
23-Apr-09,"7,957.06"
22-Apr-09,"7,886.57"
21-Apr-09,"7,969.56"
20-Apr-09,"7,841.73"
17-Apr-09,"8,131.33"
16-Apr-09,"8,125.43"
15-Apr-09,"8,029.62"
14-Apr-09,"7,920.18"
13-Apr-09,"8,057.81"
9-Apr-09,"8,083.38"
8-Apr-09,"7,837.11"
7-Apr-09,"7,789.56"
6-Apr-09,"7,975.85"
3-Apr-09,"8,017.59"
2-Apr-09,"7,978.08"
1-Apr-09,"7,761.60"
31-Mar-09,"7,608.92"
30-Mar-09,"7,522.02"
27-Mar-09,"7,776.18"
26-Mar-09,"7,924.56"
25-Mar-09,"7,749.81"
24-Mar-09,"7,660.21"
23-Mar-09,"7,775.86"
20-Mar-09,"7,278.38"
19-Mar-09,"7,400.80"
18-Mar-09,"7,486.58"
17-Mar-09,"7,395.70"
16-Mar-09,"7,216.97"
13-Mar-09,"7,223.98"
12-Mar-09,"7,170.06"
11-Mar-09,"6,930.40"
10-Mar-09,"6,926.49"
9-Mar-09,"6,547.05"
6-Mar-09,"6,626.94"
5-Mar-09,"6,594.44"
4-Mar-09,"6,875.84"
3-Mar-09,"6,726.02"
2-Mar-09,"6,763.29"
27-Feb-09,"7,062.93"
26-Feb-09,"7,182.08"
25-Feb-09,"7,270.89"
24-Feb-09,"7,350.94"
23-Feb-09,"7,114.78"
20-Feb-09,"7,365.67"
19-Feb-09,"7,465.95"
18-Feb-09,"7,555.63"
17-Feb-09,"7,552.60"
13-Feb-09,"7,850.41"
12-Feb-09,"7,932.76"
11-Feb-09,"7,939.53"
10-Feb-09,"7,888.88"
9-Feb-09,"8,270.87"
6-Feb-09,"8,280.59"
5-Feb-09,"8,063.07"
4-Feb-09,"7,956.66"
3-Feb-09,"8,078.36"
2-Feb-09,"7,936.83"
30-Jan-09,"8,000.86"
29-Jan-09,"8,149.01"
28-Jan-09,"8,375.45"
27-Jan-09,"8,174.73"
26-Jan-09,"8,116.03"
23-Jan-09,"8,077.56"
22-Jan-09,"8,122.80"
21-Jan-09,"8,228.10"
20-Jan-09,"7,949.09"
16-Jan-09,"8,281.22"
15-Jan-09,"8,212.49"
14-Jan-09,"8,200.14"
13-Jan-09,"8,448.56"
12-Jan-09,"8,473.97"
9-Jan-09,"8,599.18"
8-Jan-09,"8,742.46"
7-Jan-09,"8,769.70"
6-Jan-09,"9,015.10"
5-Jan-09,"8,952.89"
2-Jan-09,"9,034.69"
31-Dec-08,"8,776.39"
30-Dec-08,"8,668.39"
29-Dec-08,"8,483.93"
26-Dec-08,"8,515.55"
24-Dec-08,"8,468.48"
23-Dec-08,"8,419.49"
22-Dec-08,"8,519.69"
19-Dec-08,"8,579.11"
18-Dec-08,"8,604.99"
17-Dec-08,"8,824.34"
16-Dec-08,"8,924.14"
15-Dec-08,"8,564.53"
12-Dec-08,"8,629.68"
11-Dec-08,"8,565.09"
10-Dec-08,"8,761.42"
9-Dec-08,"8,691.33"
8-Dec-08,"8,934.18"
5-Dec-08,"8,635.42"
4-Dec-08,"8,376.24"
3-Dec-08,"8,591.69"
2-Dec-08,"8,419.09"
1-Dec-08,"8,149.09"
28-Nov-08,"8,829.04"
26-Nov-08,"8,726.61"
25-Nov-08,"8,479.47"
24-Nov-08,"8,443.39"
21-Nov-08,"8,046.42"
20-Nov-08,"7,552.29"
19-Nov-08,"7,997.28"
18-Nov-08,"8,424.75"
17-Nov-08,"8,273.58"
14-Nov-08,"8,497.31"
13-Nov-08,"8,835.25"
12-Nov-08,"8,282.66"
11-Nov-08,"8,693.96"
10-Nov-08,"8,870.54"
7-Nov-08,"8,943.81"
6-Nov-08,"8,695.79"
5-Nov-08,"9,139.27"
4-Nov-08,"9,625.28"
3-Nov-08,"9,319.83"
31-Oct-08,"9,325.01"
30-Oct-08,"9,180.69"
29-Oct-08,"8,990.96"
28-Oct-08,"9,065.12"
27-Oct-08,"8,175.77"
24-Oct-08,"8,378.95"
23-Oct-08,"8,691.25"
22-Oct-08,"8,519.21"
21-Oct-08,"9,045.21"
20-Oct-08,"9,265.43"
17-Oct-08,"8,852.22"
16-Oct-08,"8,979.26"
15-Oct-08,"8,577.91"
14-Oct-08,"9,310.99"
13-Oct-08,"9,387.61"
10-Oct-08,"8,451.19"
9-Oct-08,"8,579.19"
8-Oct-08,"9,258.10"
7-Oct-08,"9,447.11"
6-Oct-08,"9,955.50"
3-Oct-08,"10,325.38"
2-Oct-08,"10,482.85"
1-Oct-08,"10,831.07"
30-Sep-08,"10,850.66"
29-Sep-08,"10,365.45"
26-Sep-08,"11,143.13"
25-Sep-08,"11,022.06"
24-Sep-08,"10,825.17"
23-Sep-08,"10,854.17"
22-Sep-08,"11,015.69"
19-Sep-08,"11,388.44"
18-Sep-08,"11,019.69"
17-Sep-08,"10,609.66"
16-Sep-08,"11,059.02"
15-Sep-08,"10,917.51"
12-Sep-08,"11,421.99"
11-Sep-08,"11,433.71"
10-Sep-08,"11,268.92"
9-Sep-08,"11,230.73"
8-Sep-08,"11,510.74"
5-Sep-08,"11,220.96"
4-Sep-08,"11,188.23"
3-Sep-08,"11,532.88"
2-Sep-08,"11,516.92"
29-Aug-08,"11,543.55"
28-Aug-08,"11,715.18"
27-Aug-08,"11,502.51"
26-Aug-08,"11,412.87"
25-Aug-08,"11,386.25"
22-Aug-08,"11,628.06"
21-Aug-08,"11,430.21"
20-Aug-08,"11,417.43"
19-Aug-08,"11,348.55"
18-Aug-08,"11,479.39"
15-Aug-08,"11,659.90"
14-Aug-08,"11,615.93"
13-Aug-08,"11,532.96"
12-Aug-08,"11,642.47"
11-Aug-08,"11,782.35"
8-Aug-08,"11,734.32"
7-Aug-08,"11,431.43"
6-Aug-08,"11,656.07"
5-Aug-08,"11,615.77"
4-Aug-08,"11,284.15"
1-Aug-08,"11,326.32"
31-Jul-08,"11,378.02"
30-Jul-08,"11,583.69"
29-Jul-08,"11,397.56"
28-Jul-08,"11,131.08"
25-Jul-08,"11,370.69"
24-Jul-08,"11,349.28"
23-Jul-08,"11,632.38"
22-Jul-08,"11,602.50"
21-Jul-08,"11,467.34"
18-Jul-08,"11,496.57"
17-Jul-08,"11,446.66"
16-Jul-08,"11,239.28"
15-Jul-08,"10,962.54"
14-Jul-08,"11,055.19"
11-Jul-08,"11,100.54"
10-Jul-08,"11,229.02"
9-Jul-08,"11,147.44"
8-Jul-08,"11,384.21"
7-Jul-08,"11,231.96"
3-Jul-08,"11,288.53"
2-Jul-08,"11,215.51"
1-Jul-08,"11,382.26"
30-Jun-08,"11,350.01"
27-Jun-08,"11,346.51"
26-Jun-08,"11,453.42"
25-Jun-08,"11,811.83"
24-Jun-08,"11,807.43"
23-Jun-08,"11,842.36"
20-Jun-08,"11,842.69"
19-Jun-08,"12,063.09"
18-Jun-08,"12,029.06"
17-Jun-08,"12,160.30"
16-Jun-08,"12,269.08"
13-Jun-08,"12,307.35"
12-Jun-08,"12,141.58"
11-Jun-08,"12,083.77"
10-Jun-08,"12,289.76"
9-Jun-08,"12,280.32"
6-Jun-08,"12,209.81"
5-Jun-08,"12,604.45"
4-Jun-08,"12,390.48"
3-Jun-08,"12,402.85"
2-Jun-08,"12,503.82"
30-May-08,"12,638.32"
29-May-08,"12,646.22"
28-May-08,"12,594.03"
27-May-08,"12,548.35"
23-May-08,"12,479.63"
22-May-08,"12,625.62"
21-May-08,"12,601.19"
20-May-08,"12,828.68"
19-May-08,"13,028.16"
16-May-08,"12,986.80"
15-May-08,"12,992.66"
14-May-08,"12,898.38"
13-May-08,"12,832.18"
12-May-08,"12,876.05"
9-May-08,"12,745.88"
8-May-08,"12,866.78"
7-May-08,"12,814.35"
6-May-08,"13,020.83"
5-May-08,"12,969.54"
2-May-08,"13,058.20"
1-May-08,"13,010.00"
30-Apr-08,"12,820.13"
29-Apr-08,"12,831.94"
28-Apr-08,"12,871.75"
25-Apr-08,"12,891.86"
24-Apr-08,"12,848.95"
23-Apr-08,"12,763.22"
22-Apr-08,"12,720.23"
21-Apr-08,"12,825.02"
18-Apr-08,"12,849.36"
17-Apr-08,"12,620.49"
16-Apr-08,"12,619.27"
15-Apr-08,"12,362.47"
14-Apr-08,"12,302.06"
11-Apr-08,"12,325.42"
10-Apr-08,"12,581.98"
9-Apr-08,"12,527.26"
8-Apr-08,"12,576.44"
7-Apr-08,"12,612.43"
4-Apr-08,"12,609.42"
3-Apr-08,"12,626.03"
2-Apr-08,"12,608.92"
1-Apr-08,"12,654.36"
31-Mar-08,"12,262.89"
28-Mar-08,"12,216.40"
27-Mar-08,"12,302.46"
26-Mar-08,"12,422.86"
25-Mar-08,"12,532.60"
24-Mar-08,"12,548.64"
20-Mar-08,"12,361.32"
19-Mar-08,"12,099.66"
18-Mar-08,"12,392.66"
17-Mar-08,"11,972.25"
14-Mar-08,"11,951.09"
13-Mar-08,"12,145.74"
12-Mar-08,"12,110.24"
11-Mar-08,"12,156.81"
10-Mar-08,"11,740.15"
7-Mar-08,"11,893.69"
6-Mar-08,"12,040.39"
5-Mar-08,"12,254.99"
4-Mar-08,"12,213.80"
3-Mar-08,"12,258.90"
29-Feb-08,"12,266.39"
28-Feb-08,"12,582.18"
27-Feb-08,"12,694.28"
26-Feb-08,"12,684.92"
25-Feb-08,"12,570.22"
22-Feb-08,"12,381.02"
21-Feb-08,"12,284.30"
20-Feb-08,"12,427.26"
19-Feb-08,"12,337.22"
15-Feb-08,"12,348.21"
14-Feb-08,"12,376.98"
13-Feb-08,"12,552.24"
12-Feb-08,"12,373.41"
11-Feb-08,"12,240.01"
8-Feb-08,"12,182.13"
7-Feb-08,"12,247.00"
6-Feb-08,"12,200.10"
5-Feb-08,"12,265.13"
4-Feb-08,"12,635.16"
1-Feb-08,"12,743.19"
31-Jan-08,"12,650.36"
30-Jan-08,"12,442.83"
29-Jan-08,"12,480.30"
28-Jan-08,"12,383.89"
25-Jan-08,"12,207.17"
24-Jan-08,"12,378.61"
23-Jan-08,"12,270.17"
22-Jan-08,"11,971.19"
18-Jan-08,"12,099.30"
17-Jan-08,"12,159.21"
16-Jan-08,"12,466.16"
15-Jan-08,"12,501.11"
14-Jan-08,"12,778.15"
11-Jan-08,"12,606.30"
10-Jan-08,"12,853.09"
9-Jan-08,"12,735.31"
8-Jan-08,"12,589.07"
7-Jan-08,"12,827.49"
4-Jan-08,"12,800.18"
3-Jan-08,"13,056.72"
2-Jan-08,"13,043.96"
31-Dec-07,"13,264.82"
28-Dec-07,"13,365.87"
27-Dec-07,"13,359.61"
26-Dec-07,"13,551.69"
24-Dec-07,"13,550.04"
21-Dec-07,"13,450.65"
20-Dec-07,"13,245.64"
19-Dec-07,"13,207.27"
18-Dec-07,"13,232.47"
17-Dec-07,"13,167.20"
14-Dec-07,"13,339.85"
13-Dec-07,"13,517.96"
12-Dec-07,"13,473.90"
11-Dec-07,"13,432.77"
10-Dec-07,"13,727.03"
7-Dec-07,"13,625.58"
6-Dec-07,"13,619.89"
5-Dec-07,"13,444.96"
4-Dec-07,"13,248.73"
3-Dec-07,"13,314.57"
30-Nov-07,"13,371.72"
29-Nov-07,"13,311.73"
28-Nov-07,"13,289.45"
27-Nov-07,"12,958.44"
26-Nov-07,"12,743.44"
23-Nov-07,"12,980.88"
21-Nov-07,"12,799.04"
20-Nov-07,"13,010.14"
19-Nov-07,"12,958.44"
16-Nov-07,"13,176.79"
15-Nov-07,"13,110.05"
14-Nov-07,"13,231.01"
13-Nov-07,"13,307.09"
12-Nov-07,"12,987.55"
9-Nov-07,"13,042.74"
8-Nov-07,"13,266.29"
7-Nov-07,"13,300.02"
6-Nov-07,"13,660.94"
5-Nov-07,"13,543.40"
2-Nov-07,"13,595.10"
1-Nov-07,"13,567.87"
31-Oct-07,"13,930.01"
30-Oct-07,"13,792.47"
29-Oct-07,"13,870.26"
26-Oct-07,"13,806.70"
25-Oct-07,"13,671.92"
24-Oct-07,"13,675.25"
23-Oct-07,"13,676.23"
22-Oct-07,"13,566.97"
19-Oct-07,"13,522.02"
18-Oct-07,"13,888.96"
17-Oct-07,"13,892.54"
16-Oct-07,"13,912.94"
15-Oct-07,"13,984.80"
12-Oct-07,"14,093.08"
11-Oct-07,"14,015.12"
10-Oct-07,"14,078.69"
9-Oct-07,"14,164.53"
8-Oct-07,"14,043.73"
5-Oct-07,"14,066.01"
4-Oct-07,"13,974.31"
3-Oct-07,"13,968.05"
2-Oct-07,"14,047.31"
1-Oct-07,"14,087.55"
28-Sep-07,"13,895.63"
27-Sep-07,"13,912.94"
26-Sep-07,"13,878.15"
25-Sep-07,"13,778.65"
24-Sep-07,"13,759.06"
21-Sep-07,"13,820.19"
20-Sep-07,"13,766.70"
19-Sep-07,"13,815.56"
18-Sep-07,"13,739.39"
17-Sep-07,"13,403.42"
14-Sep-07,"13,442.52"
13-Sep-07,"13,424.88"
12-Sep-07,"13,291.65"
11-Sep-07,"13,308.39"
10-Sep-07,"13,127.85"
7-Sep-07,"13,113.38"
6-Sep-07,"13,363.35"
5-Sep-07,"13,305.47"
4-Sep-07,"13,448.86"
31-Aug-07,"13,357.74"
30-Aug-07,"13,238.73"
29-Aug-07,"13,289.29"
28-Aug-07,"13,041.85"
27-Aug-07,"13,322.13"
24-Aug-07,"13,378.87"
23-Aug-07,"13,235.88"
22-Aug-07,"13,236.13"
21-Aug-07,"13,090.86"
20-Aug-07,"13,121.35"
17-Aug-07,"13,079.08"
16-Aug-07,"12,845.78"
15-Aug-07,"12,861.47"
14-Aug-07,"13,028.92"
13-Aug-07,"13,236.53"
10-Aug-07,"13,239.54"
9-Aug-07,"13,270.68"
8-Aug-07,"13,657.86"
7-Aug-07,"13,504.30"
6-Aug-07,"13,468.78"
3-Aug-07,"13,181.91"
2-Aug-07,"13,463.33"
1-Aug-07,"13,362.37"
31-Jul-07,"13,211.99"
30-Jul-07,"13,358.31"
27-Jul-07,"13,265.47"
26-Jul-07,"13,473.57"
25-Jul-07,"13,785.07"
24-Jul-07,"13,716.95"
23-Jul-07,"13,943.42"
20-Jul-07,"13,851.08"
19-Jul-07,"14,000.41"
18-Jul-07,"13,918.22"
17-Jul-07,"13,971.55"
16-Jul-07,"13,950.98"
13-Jul-07,"13,907.25"
12-Jul-07,"13,861.73"
11-Jul-07,"13,577.87"
10-Jul-07,"13,501.70"
9-Jul-07,"13,649.97"
6-Jul-07,"13,611.68"
5-Jul-07,"13,565.84"
3-Jul-07,"13,577.30"
2-Jul-07,"13,535.43"
29-Jun-07,"13,408.62"
28-Jun-07,"13,422.28"
27-Jun-07,"13,427.73"
26-Jun-07,"13,337.66"
25-Jun-07,"13,352.05"
22-Jun-07,"13,360.26"
21-Jun-07,"13,545.84"
20-Jun-07,"13,489.42"
19-Jun-07,"13,635.42"
18-Jun-07,"13,612.98"
15-Jun-07,"13,639.48"
14-Jun-07,"13,553.73"
13-Jun-07,"13,482.35"
12-Jun-07,"13,295.01"
11-Jun-07,"13,424.96"
8-Jun-07,"13,424.39"
7-Jun-07,"13,266.73"
6-Jun-07,"13,465.67"
5-Jun-07,"13,595.46"
4-Jun-07,"13,676.32"
1-Jun-07,"13,668.11"
31-May-07,"13,627.64"
30-May-07,"13,633.08"
29-May-07,"13,521.34"
25-May-07,"13,507.28"
24-May-07,"13,441.13"
23-May-07,"13,525.65"
22-May-07,"13,539.95"
21-May-07,"13,542.88"
18-May-07,"13,556.53"
17-May-07,"13,476.72"
16-May-07,"13,487.53"
15-May-07,"13,383.84"
14-May-07,"13,346.78"
11-May-07,"13,326.22"
10-May-07,"13,215.13"
9-May-07,"13,362.87"
8-May-07,"13,309.07"
7-May-07,"13,312.97"
4-May-07,"13,264.62"
3-May-07,"13,241.38"
2-May-07,"13,211.88"
1-May-07,"13,136.14"
30-Apr-07,"13,062.91"
27-Apr-07,"13,120.94"
26-Apr-07,"13,105.50"
25-Apr-07,"13,089.89"
24-Apr-07,"12,953.94"
23-Apr-07,"12,919.40"
20-Apr-07,"12,961.98"
19-Apr-07,"12,808.63"
18-Apr-07,"12,803.84"
17-Apr-07,"12,773.04"
16-Apr-07,"12,720.46"
13-Apr-07,"12,612.13"
12-Apr-07,"12,552.96"
11-Apr-07,"12,484.62"
10-Apr-07,"12,573.85"
9-Apr-07,"12,569.14"
5-Apr-07,"12,560.83"
4-Apr-07,"12,530.05"
3-Apr-07,"12,510.93"
2-Apr-07,"12,382.30"
30-Mar-07,"12,354.35"
29-Mar-07,"12,348.75"
28-Mar-07,"12,300.36"
27-Mar-07,"12,397.29"
26-Mar-07,"12,469.07"
23-Mar-07,"12,481.01"
22-Mar-07,"12,461.14"
21-Mar-07,"12,447.52"
20-Mar-07,"12,288.10"
19-Mar-07,"12,226.17"
16-Mar-07,"12,110.41"
15-Mar-07,"12,159.68"
14-Mar-07,"12,133.40"
13-Mar-07,"12,075.96"
12-Mar-07,"12,318.62"
9-Mar-07,"12,276.32"
8-Mar-07,"12,260.70"
7-Mar-07,"12,192.45"
6-Mar-07,"12,207.59"
5-Mar-07,"12,050.41"
2-Mar-07,"12,114.10"
1-Mar-07,"12,234.34"
28-Feb-07,"12,268.63"
27-Feb-07,"12,216.24"
26-Feb-07,"12,632.26"
23-Feb-07,"12,647.48"
22-Feb-07,"12,686.02"
21-Feb-07,"12,738.41"
20-Feb-07,"12,786.64"
16-Feb-07,"12,767.57"
15-Feb-07,"12,765.01"
14-Feb-07,"12,741.86"
13-Feb-07,"12,654.85"
12-Feb-07,"12,552.55"
9-Feb-07,"12,580.83"
8-Feb-07,"12,637.63"
7-Feb-07,"12,666.87"
6-Feb-07,"12,666.31"
5-Feb-07,"12,661.74"
2-Feb-07,"12,653.49"
1-Feb-07,"12,673.68"
31-Jan-07,"12,621.69"
30-Jan-07,"12,523.31"
29-Jan-07,"12,490.78"
26-Jan-07,"12,487.02"
25-Jan-07,"12,502.56"
24-Jan-07,"12,621.77"
23-Jan-07,"12,533.80"
22-Jan-07,"12,477.16"
19-Jan-07,"12,565.53"
18-Jan-07,"12,567.93"
17-Jan-07,"12,577.15"
16-Jan-07,"12,582.59"
12-Jan-07,"12,556.08"
11-Jan-07,"12,514.98"
10-Jan-07,"12,442.16"
9-Jan-07,"12,416.60"
8-Jan-07,"12,423.49"
5-Jan-07,"12,398.01"
4-Jan-07,"12,480.69"
3-Jan-07,12474.51953
29-Dec-06,12463.15039
28-Dec-06,12501.51953
27-Dec-06,12510.57031
26-Dec-06,12407.62988
22-Dec-06,12343.21973
21-Dec-06,12421.25
20-Dec-06,12463.87012
19-Dec-06,12471.32031
18-Dec-06,12441.26953
15-Dec-06,12445.51953
14-Dec-06,12416.75977
13-Dec-06,12317.5
12-Dec-06,12315.58008
11-Dec-06,12328.48047
8-Dec-06,12307.49023
7-Dec-06,12278.41016
6-Dec-06,12309.25
5-Dec-06,12331.59961
4-Dec-06,12283.84961
1-Dec-06,12194.12988
30-Nov-06,12221.92969
29-Nov-06,12226.73047
28-Nov-06,12136.4502
27-Nov-06,12121.70996
24-Nov-06,12280.16992
22-Nov-06,12326.9502
21-Nov-06,12321.58984
20-Nov-06,12316.54004
17-Nov-06,12342.55957
16-Nov-06,12305.82031
15-Nov-06,12251.70996
14-Nov-06,12218.00977
13-Nov-06,12131.87988
10-Nov-06,12108.42969
9-Nov-06,12103.29981
8-Nov-06,12176.54004
7-Nov-06,12156.76953
6-Nov-06,12105.54981
3-Nov-06,11986.04004
2-Nov-06,12018.54004
1-Nov-06,12031.01953
31-Oct-06,12080.73047
30-Oct-06,12086.5
27-Oct-06,12090.25977
26-Oct-06,12163.66016
25-Oct-06,12134.67969
24-Oct-06,12127.87988
23-Oct-06,12116.91016
20-Oct-06,12002.37012
19-Oct-06,12011.73047
18-Oct-06,11992.67969
17-Oct-06,11950.01953
16-Oct-06,11980.59961
13-Oct-06,11960.50977
12-Oct-06,11947.7002
11-Oct-06,11852.12988
10-Oct-06,11867.16992
9-Oct-06,11857.80957
6-Oct-06,11850.20996
5-Oct-06,11866.69043
4-Oct-06,11850.61035
3-Oct-06,11727.33984
2-Oct-06,11670.34961
29-Sep-06,11679.07031
28-Sep-06,11718.4502
27-Sep-06,11689.24023
26-Sep-06,11669.38965
25-Sep-06,11575.80957
22-Sep-06,11508.09961
21-Sep-06,11533.23047
20-Sep-06,11613.19043
19-Sep-06,11540.91016
18-Sep-06,11555
15-Sep-06,11560.76953
14-Sep-06,11527.38965
13-Sep-06,11543.32031
12-Sep-06,11498.08984
11-Sep-06,11396.83984
8-Sep-06,11392.11035
7-Sep-06,11331.44043
6-Sep-06,11406.2002
5-Sep-06,11469.28027
1-Sep-06,11464.15039
31-Aug-06,11381.15039
30-Aug-06,11382.91016
29-Aug-06,11369.94043
28-Aug-06,11352.00977
25-Aug-06,11284.04981
24-Aug-06,11304.45996
23-Aug-06,11297.90039
22-Aug-06,11339.83984
21-Aug-06,11345.04981
18-Aug-06,11381.46973
17-Aug-06,11334.95996
16-Aug-06,11327.12012
15-Aug-06,11230.25977
14-Aug-06,11097.87012
11-Aug-06,11088.03027
10-Aug-06,11124.37012
9-Aug-06,11076.17969
8-Aug-06,11173.58984
7-Aug-06,11219.37988
4-Aug-06,11240.34961
3-Aug-06,11242.58984
2-Aug-06,11199.92969
1-Aug-06,11125.73047
31-Jul-06,11185.67969
28-Jul-06,11219.7002
27-Jul-06,11100.42969
26-Jul-06,11102.50977
25-Jul-06,11103.70996
24-Jul-06,11051.04981
21-Jul-06,10868.37988
20-Jul-06,10928.09961
19-Jul-06,11011.41992
18-Jul-06,10799.23047
17-Jul-06,10747.36035
14-Jul-06,10739.34961
13-Jul-06,10846.29004
12-Jul-06,11013.17969
11-Jul-06,11134.76953
10-Jul-06,11103.54981
7-Jul-06,11090.66992
6-Jul-06,11225.29981
5-Jul-06,11151.82031
3-Jul-06,11228.01953
30-Jun-06,11150.21973
29-Jun-06,11190.79981
28-Jun-06,10973.55957
27-Jun-06,10924.74023
26-Jun-06,11045.28027
23-Jun-06,10989.08984
22-Jun-06,11019.11035
21-Jun-06,11079.45996
20-Jun-06,10974.83984
19-Jun-06,10942.11035
16-Jun-06,11014.54981
15-Jun-06,11015.19043
14-Jun-06,10816.91992
13-Jun-06,10706.13965
12-Jun-06,10792.58008
9-Jun-06,10891.91992
8-Jun-06,10938.82031
7-Jun-06,10930.90039
6-Jun-06,11002.13965
5-Jun-06,11048.71973
2-Jun-06,11247.87012
1-Jun-06,11260.28027
31-May-06,11168.30957
30-May-06,11094.42969
26-May-06,11278.61035
25-May-06,11211.04981
24-May-06,11117.32031
23-May-06,11098.34961
22-May-06,11125.33008
19-May-06,11144.05957
18-May-06,11128.29004
17-May-06,11205.61035
16-May-06,11419.88965
15-May-06,11428.76953
12-May-06,11380.99023
11-May-06,11500.73047
10-May-06,11642.65039
9-May-06,11639.76953
8-May-06,11584.54004
5-May-06,11577.74023
4-May-06,11438.86035
3-May-06,11400.28027
2-May-06,11416.4502
1-May-06,11343.29004
28-Apr-06,11367.13965
27-Apr-06,11382.50977
26-Apr-06,11354.49023
25-Apr-06,11283.25
24-Apr-06,11336.32031
21-Apr-06,11347.4502
20-Apr-06,11342.88965
19-Apr-06,11278.76953
18-Apr-06,11268.76953
17-Apr-06,11073.78027
13-Apr-06,11137.65039
12-Apr-06,11129.96973
11-Apr-06,11089.62988
10-Apr-06,11141.33008
7-Apr-06,11120.04004
6-Apr-06,11216.5
5-Apr-06,11239.54981
4-Apr-06,11203.84961
3-Apr-06,11144.94043
31-Mar-06,11109.32031
30-Mar-06,11150.7002
29-Mar-06,11215.7002
28-Mar-06,11154.54004
27-Mar-06,11250.11035
24-Mar-06,11279.96973
23-Mar-06,11270.29004
22-Mar-06,11317.42969
21-Mar-06,11235.46973
20-Mar-06,11274.53027
17-Mar-06,11279.65039
16-Mar-06,11253.24023
15-Mar-06,11209.76953
14-Mar-06,11151.33984
13-Mar-06,11076.01953
10-Mar-06,11076.33984
9-Mar-06,10972.28027
8-Mar-06,11005.74023
7-Mar-06,10980.69043
6-Mar-06,10958.58984
3-Mar-06,11021.58984
2-Mar-06,11025.50977
1-Mar-06,11053.53027
28-Feb-06,10993.41016
27-Feb-06,11097.54981
24-Feb-06,11061.84961
23-Feb-06,11069.21973
22-Feb-06,11137.16992
21-Feb-06,11069.05957
17-Feb-06,11115.32031
16-Feb-06,11120.67969
15-Feb-06,11058.96973
14-Feb-06,11028.38965
13-Feb-06,10892.32031
10-Feb-06,10919.04981
9-Feb-06,10883.34961
8-Feb-06,10858.62012
7-Feb-06,10749.75977
6-Feb-06,10798.26953
3-Feb-06,10793.62012
2-Feb-06,10851.98047
1-Feb-06,10953.9502
31-Jan-06,10864.86035
30-Jan-06,10899.91992
27-Jan-06,10907.20996
26-Jan-06,10809.46973
25-Jan-06,10709.74023
24-Jan-06,10712.21973
23-Jan-06,10688.76953
20-Jan-06,10667.38965
19-Jan-06,10880.70996
18-Jan-06,10854.86035
17-Jan-06,10896.32031
13-Jan-06,10959.87012
12-Jan-06,10962.36035
11-Jan-06,11043.44043
10-Jan-06,11011.58008
9-Jan-06,11011.90039
6-Jan-06,10959.30957
5-Jan-06,10882.15039
4-Jan-06,10880.15039
3-Jan-06,10847.41016
30-Dec-05,10717.5
29-Dec-05,10784.82031
28-Dec-05,10796.25977
27-Dec-05,10777.76953
23-Dec-05,10883.26953
22-Dec-05,10889.44043
21-Dec-05,10833.73047
20-Dec-05,10805.54981
19-Dec-05,10836.53027
16-Dec-05,10875.58984
15-Dec-05,10881.66992
14-Dec-05,10883.50977
13-Dec-05,10823.71973
12-Dec-05,10767.76953
9-Dec-05,10778.58008
8-Dec-05,10755.12012
7-Dec-05,10810.91016
6-Dec-05,10856.86035
5-Dec-05,10835.00977
2-Dec-05,10877.50977
1-Dec-05,10912.57031
30-Nov-05,10805.87012
29-Nov-05,10888.16016
28-Nov-05,10890.71973
25-Nov-05,10931.62012
23-Nov-05,10916.08984
22-Nov-05,10871.42969
21-Nov-05,10820.28027
18-Nov-05,10766.33008
17-Nov-05,10720.21973
16-Nov-05,10674.75977
15-Nov-05,10686.44043
14-Nov-05,10697.16992
11-Nov-05,10686.04004
10-Nov-05,10640.09961
9-Nov-05,10546.20996
8-Nov-05,10539.71973
7-Nov-05,10586.23047
4-Nov-05,10530.75977
3-Nov-05,10522.58984
2-Nov-05,10472.73047
1-Nov-05,10406.76953
31-Oct-05,10440.07031
28-Oct-05,10402.76953
27-Oct-05,10229.9502
26-Oct-05,10344.98047
25-Oct-05,10377.87012
24-Oct-05,10385
21-Oct-05,10215.21973
20-Oct-05,10281.09961
19-Oct-05,10414.12988
18-Oct-05,10285.25977
17-Oct-05,10348.09961
14-Oct-05,10287.33984
13-Oct-05,10216.58984
12-Oct-05,10216.91016
11-Oct-05,10253.16992
10-Oct-05,10238.75977
7-Oct-05,10292.30957
6-Oct-05,10287.09961
5-Oct-05,10317.36035
4-Oct-05,10441.11035
3-Oct-05,10535.48047
30-Sep-05,10568.7002
29-Sep-05,10552.78027
28-Sep-05,10473.08984
27-Sep-05,10456.20996
26-Sep-05,10443.62988
23-Sep-05,10419.58984
22-Sep-05,10422.04981
21-Sep-05,10378.03027
20-Sep-05,10481.51953
19-Sep-05,10557.62988
16-Sep-05,10641.94043
15-Sep-05,10558.75
14-Sep-05,10544.90039
13-Sep-05,10597.44043
12-Sep-05,10682.94043
9-Sep-05,10678.55957
8-Sep-05,10595.92969
7-Sep-05,10633.5
6-Sep-05,10589.24023
2-Sep-05,10447.37012
1-Sep-05,10459.62988
31-Aug-05,10481.59961
30-Aug-05,10412.82031
29-Aug-05,10463.04981
26-Aug-05,10397.29004
25-Aug-05,10450.62988
24-Aug-05,10434.87012
23-Aug-05,10519.58008
22-Aug-05,10569.88965
19-Aug-05,10559.23047
18-Aug-05,10554.92969
17-Aug-05,10550.70996
16-Aug-05,10513.4502
15-Aug-05,10634.37988
12-Aug-05,10600.30957
11-Aug-05,10685.88965
10-Aug-05,10594.41016
9-Aug-05,10615.66992
8-Aug-05,10536.92969
5-Aug-05,10558.03027
4-Aug-05,10610.09961
3-Aug-05,10697.58984
2-Aug-05,10683.74023
1-Aug-05,10623.15039
29-Jul-05,10640.91016
28-Jul-05,10705.54981
27-Jul-05,10637.08984
26-Jul-05,10579.76953
25-Jul-05,10596.48047
22-Jul-05,10651.17969
21-Jul-05,10627.76953
20-Jul-05,10689.15039
19-Jul-05,10646.55957
18-Jul-05,10574.99023
15-Jul-05,10640.83008
14-Jul-05,10628.88965
13-Jul-05,10557.38965
12-Jul-05,10513.88965
11-Jul-05,10519.71973
8-Jul-05,10449.13965
7-Jul-05,10302.29004
6-Jul-05,10270.67969
5-Jul-05,10371.79981
1-Jul-05,10303.44043
30-Jun-05,10274.96973
29-Jun-05,10374.48047
28-Jun-05,10405.62988
27-Jun-05,10290.78027
24-Jun-05,10297.83984
23-Jun-05,10421.44043
22-Jun-05,10587.92969
21-Jun-05,10599.66992
20-Jun-05,10609.11035
17-Jun-05,10623.07031
16-Jun-05,10578.65039
15-Jun-05,10566.37012
14-Jun-05,10547.57031
13-Jun-05,10522.55957
10-Jun-05,10512.62988
9-Jun-05,10503.01953
8-Jun-05,10476.86035
7-Jun-05,10483.07031
6-Jun-05,10467.03027
3-Jun-05,10460.96973
2-Jun-05,10553.49023
1-Jun-05,10549.87012
31-May-05,10467.48047
27-May-05,10542.54981
26-May-05,10537.59961
25-May-05,10457.79981
24-May-05,10503.67969
23-May-05,10523.55957
20-May-05,10471.91016
19-May-05,10493.19043
18-May-05,10464.4502
17-May-05,10331.87988
16-May-05,10252.29004
13-May-05,10140.12012
12-May-05,10189.48047
11-May-05,10300.25
10-May-05,10281.11035
9-May-05,10384.33984
6-May-05,10345.40039
5-May-05,10340.37988
4-May-05,10384.63965
3-May-05,10256.9502
2-May-05,10251.7002
29-Apr-05,10192.50977
28-Apr-05,10070.37012
27-Apr-05,10198.79981
26-Apr-05,10151.12988
25-Apr-05,10242.46973
22-Apr-05,10157.70996
21-Apr-05,10218.59961
20-Apr-05,10012.36035
19-Apr-05,10127.41016
18-Apr-05,10071.25
15-Apr-05,10087.50977
14-Apr-05,10278.75
13-Apr-05,10403.92969
12-Apr-05,10507.96973
11-Apr-05,10448.55957
8-Apr-05,10461.33984
7-Apr-05,10546.32031
6-Apr-05,10486.01953
5-Apr-05,10458.45996
4-Apr-05,10421.13965
1-Apr-05,10404.29981
31-Mar-05,10503.75977
30-Mar-05,10540.92969
29-Mar-05,10405.7002
28-Mar-05,10485.65039
24-Mar-05,10442.87012
23-Mar-05,10456.01953
22-Mar-05,10470.50977
21-Mar-05,10565.38965
18-Mar-05,10629.66992
17-Mar-05,10626.34961
16-Mar-05,10633.07031
15-Mar-05,10745.09961
14-Mar-05,10804.50977
11-Mar-05,10774.36035
10-Mar-05,10851.50977
9-Mar-05,10805.62012
8-Mar-05,10912.62012
7-Mar-05,10936.86035
4-Mar-05,10940.54981
3-Mar-05,10833.03027
2-Mar-05,10811.96973
1-Mar-05,10830
28-Feb-05,10766.23047
25-Feb-05,10841.59961
24-Feb-05,10748.79004
23-Feb-05,10673.79004
22-Feb-05,10611.2002
18-Feb-05,10785.21973
17-Feb-05,10754.25977
16-Feb-05,10834.87988
15-Feb-05,10837.32031
14-Feb-05,10791.12988
11-Feb-05,10796.00977
10-Feb-05,10749.61035
9-Feb-05,10664.11035
8-Feb-05,10724.62988
7-Feb-05,10715.75977
4-Feb-05,10716.12988
3-Feb-05,10593.09961
2-Feb-05,10596.79004
1-Feb-05,10551.94043
31-Jan-05,10489.94043
28-Jan-05,10427.2002
27-Jan-05,10467.40039
26-Jan-05,10498.58984
25-Jan-05,10461.55957
24-Jan-05,10368.61035
21-Jan-05,10392.99023
20-Jan-05,10471.46973
19-Jan-05,10539.96973
18-Jan-05,10628.79004
14-Jan-05,10558
13-Jan-05,10505.83008
12-Jan-05,10617.78027
11-Jan-05,10556.21973
10-Jan-05,10621.03027
7-Jan-05,10603.95996
6-Jan-05,10622.87988
5-Jan-05,10597.83008
4-Jan-05,10630.78027
3-Jan-05,10729.42969
