Date,Hang Seng Price
28-Mar-19,"28,821.00"
27-Mar-19,"28,728.25"
26-Mar-19,"28,566.91"
25-Mar-19,"28,523.35"
22-Mar-19,"29,113.36"
21-Mar-19,"29,071.56"
20-Mar-19,"29,320.97"
19-Mar-19,"29,466.28"
18-Mar-19,"29,409.01"
15-Mar-19,"29,012.26"
14-Mar-19,"28,851.39"
13-Mar-19,"28,807.45"
12-Mar-19,"28,920.87"
11-Mar-19,"28,503.30"
8-Mar-19,"28,228.42"
7-Mar-19,"28,779.45"
6-Mar-19,"29,037.60"
5-Mar-19,"28,961.60"
4-Mar-19,"28,959.59"
1-Mar-19,"28,812.17"
28-Feb-19,"28,633.18"
27-Feb-19,"28,757.44"
26-Feb-19,"28,772.06"
25-Feb-19,"28,959.30"
22-Feb-19,"28,816.30"
21-Feb-19,"28,629.92"
20-Feb-19,"28,514.05"
19-Feb-19,"28,228.13"
18-Feb-19,"28,347.01"
15-Feb-19,"27,900.84"
14-Feb-19,"28,432.05"
13-Feb-19,"28,497.59"
12-Feb-19,"28,171.33"
11-Feb-19,"28,143.84"
8-Feb-19,"27,946.32"
4-Feb-19,"27,990.21"
1-Feb-19,"27,930.74"
31-Jan-19,"27,942.47"
30-Jan-19,"27,642.85"
29-Jan-19,"27,531.68"
28-Jan-19,"27,576.96"
25-Jan-19,"27,569.19"
24-Jan-19,"27,120.98"
23-Jan-19,"27,008.20"
22-Jan-19,"27,005.45"
21-Jan-19,"27,196.54"
18-Jan-19,"27,090.81"
17-Jan-19,"26,755.63"
16-Jan-19,"26,902.10"
15-Jan-19,"26,830.29"
14-Jan-19,"26,298.33"
11-Jan-19,"26,667.27"
10-Jan-19,"26,521.43"
9-Jan-19,"26,462.32"
8-Jan-19,"25,875.45"
7-Jan-19,"25,835.70"
4-Jan-19,"25,626.03"
3-Jan-19,"25,064.36"
2-Jan-19,"25,130.35"
31-Dec-18,"25,845.70"
28-Dec-18,"25,504.20"
27-Dec-18,"25,478.88"
24-Dec-18,"25,651.38"
21-Dec-18,"25,753.42"
20-Dec-18,"25,623.53"
19-Dec-18,"25,865.39"
18-Dec-18,"25,814.25"
17-Dec-18,"26,087.98"
14-Dec-18,"26,094.79"
13-Dec-18,"26,524.35"
12-Dec-18,"26,186.71"
11-Dec-18,"25,771.67"
10-Dec-18,"25,752.38"
7-Dec-18,"26,063.76"
6-Dec-18,"26,156.38"
5-Dec-18,"26,819.68"
4-Dec-18,"27,260.44"
3-Dec-18,"27,182.04"
30-Nov-18,"26,506.75"
29-Nov-18,"26,451.03"
28-Nov-18,"26,682.56"
27-Nov-18,"26,331.96"
26-Nov-18,"26,376.18"
23-Nov-18,"25,927.68"
22-Nov-18,"26,019.41"
21-Nov-18,"25,971.47"
20-Nov-18,"25,840.34"
19-Nov-18,"26,372.00"
16-Nov-18,"26,183.53"
15-Nov-18,"26,103.34"
14-Nov-18,"25,654.43"
13-Nov-18,"25,792.87"
12-Nov-18,"25,633.18"
9-Nov-18,"25,601.92"
8-Nov-18,"26,227.72"
7-Nov-18,"26,147.69"
6-Nov-18,"26,120.96"
5-Nov-18,"25,934.39"
2-Nov-18,"26,486.35"
1-Nov-18,"25,416.00"
31-Oct-18,"24,979.69"
30-Oct-18,"24,585.53"
29-Oct-18,"24,812.04"
26-Oct-18,"24,717.63"
25-Oct-18,"24,994.46"
24-Oct-18,"25,249.78"
23-Oct-18,"25,346.55"
22-Oct-18,"26,153.15"
19-Oct-18,"25,561.40"
18-Oct-18,"25,454.55"
16-Oct-18,"25,462.26"
15-Oct-18,"25,445.06"
12-Oct-18,"25,801.49"
11-Oct-18,"25,266.37"
10-Oct-18,"26,193.07"
9-Oct-18,"26,172.91"
8-Oct-18,"26,202.57"
5-Oct-18,"26,572.57"
4-Oct-18,"26,623.87"
3-Oct-18,"27,091.26"
2-Oct-18,"27,126.38"
28-Sep-18,"27,788.52"
27-Sep-18,"27,715.67"
26-Sep-18,"27,816.87"
24-Sep-18,"27,499.39"
21-Sep-18,"27,953.58"
20-Sep-18,"27,477.67"
19-Sep-18,"27,407.37"
18-Sep-18,"27,084.66"
17-Sep-18,"26,932.85"
14-Sep-18,"27,286.41"
13-Sep-18,"27,014.49"
12-Sep-18,"26,345.04"
11-Sep-18,"26,422.55"
10-Sep-18,"26,613.42"
7-Sep-18,"26,973.47"
6-Sep-18,"26,974.82"
5-Sep-18,"27,243.85"
4-Sep-18,"27,973.34"
3-Sep-18,"27,712.54"
31-Aug-18,"27,888.55"
30-Aug-18,"28,164.05"
29-Aug-18,"28,416.44"
28-Aug-18,"28,351.62"
27-Aug-18,"28,271.27"
24-Aug-18,"27,671.87"
23-Aug-18,"27,790.46"
22-Aug-18,"27,927.58"
21-Aug-18,"27,752.79"
20-Aug-18,"27,598.02"
17-Aug-18,"27,213.41"
16-Aug-18,"27,100.06"
15-Aug-18,"27,323.59"
14-Aug-18,"27,752.93"
13-Aug-18,"27,936.57"
10-Aug-18,"28,366.62"
9-Aug-18,"28,607.30"
8-Aug-18,"28,359.14"
7-Aug-18,"28,248.88"
6-Aug-18,"27,819.56"
3-Aug-18,"27,676.32"
2-Aug-18,"27,714.56"
1-Aug-18,"28,340.74"
31-Jul-18,"28,583.01"
30-Jul-18,"28,733.13"
27-Jul-18,"28,804.28"
26-Jul-18,"28,781.14"
25-Jul-18,"28,920.90"
24-Jul-18,"28,662.57"
23-Jul-18,"28,256.12"
20-Jul-18,"28,224.48"
19-Jul-18,"28,010.86"
18-Jul-18,"28,117.42"
17-Jul-18,"28,181.68"
16-Jul-18,"28,539.66"
13-Jul-18,"28,525.44"
12-Jul-18,"28,480.83"
11-Jul-18,"28,311.69"
10-Jul-18,"28,682.25"
9-Jul-18,"28,688.50"
6-Jul-18,"28,315.62"
5-Jul-18,"28,182.09"
4-Jul-18,"28,241.67"
3-Jul-18,"28,545.57"
29-Jun-18,"28,955.11"
28-Jun-18,"28,497.32"
27-Jun-18,"28,356.26"
26-Jun-18,"28,881.40"
25-Jun-18,"28,961.39"
22-Jun-18,"29,338.70"
21-Jun-18,"29,296.05"
20-Jun-18,"29,696.17"
19-Jun-18,"29,468.15"
15-Jun-18,"30,309.49"
14-Jun-18,"30,440.17"
13-Jun-18,"30,725.15"
12-Jun-18,"31,103.06"
11-Jun-18,"31,063.70"
8-Jun-18,"30,958.21"
7-Jun-18,"31,512.63"
6-Jun-18,"31,259.10"
5-Jun-18,"31,093.45"
4-Jun-18,"30,997.98"
1-Jun-18,"30,492.91"
31-May-18,"30,468.56"
30-May-18,"30,056.79"
29-May-18,"30,484.58"
28-May-18,"30,792.26"
25-May-18,"30,588.04"
24-May-18,"30,760.41"
23-May-18,"30,665.64"
21-May-18,"31,234.35"
18-May-18,"31,047.91"
17-May-18,"30,942.15"
16-May-18,"31,110.20"
15-May-18,"31,152.03"
14-May-18,"31,541.08"
11-May-18,"31,122.06"
10-May-18,"30,809.22"
9-May-18,"30,536.14"
8-May-18,"30,402.81"
7-May-18,"29,994.26"
4-May-18,"29,926.50"
3-May-18,"30,313.37"
2-May-18,"30,723.88"
30-Apr-18,"30,808.45"
27-Apr-18,"30,280.67"
26-Apr-18,"30,007.68"
25-Apr-18,"30,328.15"
24-Apr-18,"30,636.24"
23-Apr-18,"30,254.40"
20-Apr-18,"30,418.33"
19-Apr-18,"30,708.44"
18-Apr-18,"30,284.25"
17-Apr-18,"30,062.75"
16-Apr-18,"30,315.59"
13-Apr-18,"30,808.38"
12-Apr-18,"30,831.28"
11-Apr-18,"30,897.71"
10-Apr-18,"30,728.74"
9-Apr-18,"30,229.58"
6-Apr-18,"29,844.94"
4-Apr-18,"29,518.69"
3-Apr-18,"30,180.10"
29-Mar-18,"30,093.38"
28-Mar-18,"30,022.53"
27-Mar-18,"30,790.83"
26-Mar-18,"30,548.77"
23-Mar-18,"30,309.29"
22-Mar-18,"31,071.05"
21-Mar-18,"31,414.52"
20-Mar-18,"31,549.93"
19-Mar-18,"31,513.76"
16-Mar-18,"31,501.97"
15-Mar-18,"31,541.10"
14-Mar-18,"31,435.01"
13-Mar-18,"31,601.45"
12-Mar-18,"31,594.33"
9-Mar-18,"30,996.21"
8-Mar-18,"30,654.52"
7-Mar-18,"30,196.92"
6-Mar-18,"30,510.73"
5-Mar-18,"29,886.39"
2-Mar-18,"30,583.45"
1-Mar-18,"31,044.25"
28-Feb-18,"30,844.72"
27-Feb-18,"31,268.66"
26-Feb-18,"31,498.60"
23-Feb-18,"31,267.17"
22-Feb-18,"30,965.68"
21-Feb-18,"31,431.89"
20-Feb-18,"30,873.63"
15-Feb-18,"31,115.43"
14-Feb-18,"30,515.60"
13-Feb-18,"29,839.53"
12-Feb-18,"29,459.63"
9-Feb-18,"29,507.42"
8-Feb-18,"30,451.27"
7-Feb-18,"30,323.20"
6-Feb-18,"30,595.42"
5-Feb-18,"32,245.22"
2-Feb-18,"32,601.78"
1-Feb-18,"32,642.09"
31-Jan-18,"32,887.27"
30-Jan-18,"32,607.29"
29-Jan-18,"32,966.89"
26-Jan-18,"33,154.12"
25-Jan-18,"32,654.45"
24-Jan-18,"32,958.69"
23-Jan-18,"32,930.70"
22-Jan-18,"32,393.41"
19-Jan-18,"32,254.89"
18-Jan-18,"32,121.94"
17-Jan-18,"31,983.41"
16-Jan-18,"31,904.75"
15-Jan-18,"31,338.87"
12-Jan-18,"31,412.54"
11-Jan-18,"31,120.39"
10-Jan-18,"31,073.72"
9-Jan-18,"31,011.41"
8-Jan-18,"30,899.53"
5-Jan-18,"30,814.64"
4-Jan-18,"30,736.48"
3-Jan-18,"30,560.95"
2-Jan-18,"30,515.31"
29-Dec-17,"29,919.15"
28-Dec-17,"29,863.71"
27-Dec-17,"29,597.66"
22-Dec-17,"29,578.01"
21-Dec-17,"29,367.06"
20-Dec-17,"29,234.09"
19-Dec-17,"29,253.66"
18-Dec-17,"29,050.41"
15-Dec-17,"28,848.11"
14-Dec-17,"29,166.38"
13-Dec-17,"29,222.10"
12-Dec-17,"28,793.88"
11-Dec-17,"28,965.29"
8-Dec-17,"28,639.85"
7-Dec-17,"28,303.19"
6-Dec-17,"28,224.80"
5-Dec-17,"28,842.80"
4-Dec-17,"29,138.28"
1-Dec-17,"29,074.24"
30-Nov-17,"29,177.35"
29-Nov-17,"29,623.83"
28-Nov-17,"29,680.85"
27-Nov-17,"29,686.19"
24-Nov-17,"29,866.32"
23-Nov-17,"29,707.94"
22-Nov-17,"30,003.49"
21-Nov-17,"29,818.07"
20-Nov-17,"29,260.31"
17-Nov-17,"29,199.04"
16-Nov-17,"29,018.76"
15-Nov-17,"28,851.69"
14-Nov-17,"29,152.12"
13-Nov-17,"29,182.18"
10-Nov-17,"29,120.92"
9-Nov-17,"29,136.57"
8-Nov-17,"28,907.60"
7-Nov-17,"28,994.34"
6-Nov-17,"28,596.80"
3-Nov-17,"28,603.61"
2-Nov-17,"28,518.64"
1-Nov-17,"28,594.06"
31-Oct-17,"28,245.54"
30-Oct-17,"28,336.19"
27-Oct-17,"28,438.85"
26-Oct-17,"28,202.38"
25-Oct-17,"28,302.89"
24-Oct-17,"28,154.97"
23-Oct-17,"28,305.88"
20-Oct-17,"28,487.24"
19-Oct-17,"28,159.09"
18-Oct-17,"28,711.76"
17-Oct-17,"28,697.49"
16-Oct-17,"28,692.80"
13-Oct-17,"28,476.43"
12-Oct-17,"28,459.03"
11-Oct-17,"28,389.57"
10-Oct-17,"28,490.83"
9-Oct-17,"28,326.59"
6-Oct-17,"28,458.04"
4-Oct-17,"28,379.18"
3-Oct-17,"28,173.21"
29-Sep-17,"27,554.30"
28-Sep-17,"27,421.60"
27-Sep-17,"27,642.43"
26-Sep-17,"27,513.01"
25-Sep-17,"27,500.34"
22-Sep-17,"27,880.53"
21-Sep-17,"28,110.33"
20-Sep-17,"28,127.80"
19-Sep-17,"28,051.41"
18-Sep-17,"28,159.77"
15-Sep-17,"27,807.59"
14-Sep-17,"27,777.20"
13-Sep-17,"27,894.08"
12-Sep-17,"27,972.24"
11-Sep-17,"27,955.13"
8-Sep-17,"27,668.47"
7-Sep-17,"27,522.92"
6-Sep-17,"27,613.76"
5-Sep-17,"27,741.35"
4-Sep-17,"27,740.26"
1-Sep-17,"27,953.16"
31-Aug-17,"27,970.30"
30-Aug-17,"28,094.61"
29-Aug-17,"27,765.01"
28-Aug-17,"27,863.29"
25-Aug-17,"27,848.16"
24-Aug-17,"27,518.60"
23-Aug-17,"27,506.00"
22-Aug-17,"27,401.67"
21-Aug-17,"27,154.68"
18-Aug-17,"27,047.57"
17-Aug-17,"27,344.22"
16-Aug-17,"27,409.07"
15-Aug-17,"27,174.96"
14-Aug-17,"27,250.23"
11-Aug-17,"26,883.51"
10-Aug-17,"27,444.00"
9-Aug-17,"27,757.09"
8-Aug-17,"27,854.91"
7-Aug-17,"27,690.36"
4-Aug-17,"27,562.68"
3-Aug-17,"27,531.01"
2-Aug-17,"27,607.38"
1-Aug-17,"27,540.23"
31-Jul-17,"27,323.99"
28-Jul-17,"26,979.39"
27-Jul-17,"27,131.17"
26-Jul-17,"26,941.02"
25-Jul-17,"26,852.05"
24-Jul-17,"26,846.83"
21-Jul-17,"26,706.09"
20-Jul-17,"26,740.21"
19-Jul-17,"26,672.16"
18-Jul-17,"26,524.94"
17-Jul-17,"26,470.58"
14-Jul-17,"26,389.23"
13-Jul-17,"26,346.17"
12-Jul-17,"26,043.64"
11-Jul-17,"25,877.64"
10-Jul-17,"25,500.06"
7-Jul-17,"25,340.85"
6-Jul-17,"25,465.22"
5-Jul-17,"25,521.97"
4-Jul-17,"25,389.01"
3-Jul-17,"25,784.17"
30-Jun-17,"25,764.58"
29-Jun-17,"25,965.42"
28-Jun-17,"25,683.50"
27-Jun-17,"25,839.99"
26-Jun-17,"25,871.89"
23-Jun-17,"25,670.05"
22-Jun-17,"25,674.53"
21-Jun-17,"25,694.58"
20-Jun-17,"25,843.04"
19-Jun-17,"25,924.55"
16-Jun-17,"25,626.49"
15-Jun-17,"25,565.34"
14-Jun-17,"25,875.90"
13-Jun-17,"25,852.10"
12-Jun-17,"25,708.04"
9-Jun-17,"26,030.29"
8-Jun-17,"26,063.06"
7-Jun-17,"25,974.16"
6-Jun-17,"25,997.14"
5-Jun-17,"25,862.99"
2-Jun-17,"25,924.05"
1-Jun-17,"25,809.22"
31-May-17,"25,660.65"
29-May-17,"25,701.63"
26-May-17,"25,639.27"
25-May-17,"25,630.78"
24-May-17,"25,428.50"
23-May-17,"25,403.15"
22-May-17,"25,391.34"
19-May-17,"25,174.87"
18-May-17,"25,136.52"
17-May-17,"25,293.63"
16-May-17,"25,335.94"
15-May-17,"25,371.59"
12-May-17,"25,156.34"
11-May-17,"25,125.55"
10-May-17,"25,015.42"
9-May-17,"24,889.03"
8-May-17,"24,577.91"
5-May-17,"24,476.35"
4-May-17,"24,683.88"
2-May-17,"24,696.13"
28-Apr-17,"24,615.13"
27-Apr-17,"24,698.48"
26-Apr-17,"24,578.43"
25-Apr-17,"24,455.94"
24-Apr-17,"24,139.48"
21-Apr-17,"24,042.02"
20-Apr-17,"24,056.98"
19-Apr-17,"23,825.88"
18-Apr-17,"23,924.54"
13-Apr-17,"24,261.66"
12-Apr-17,"24,313.50"
11-Apr-17,"24,088.46"
10-Apr-17,"24,262.18"
7-Apr-17,"24,267.30"
6-Apr-17,"24,273.72"
5-Apr-17,"24,400.80"
3-Apr-17,"24,261.48"
31-Mar-17,"24,111.59"
30-Mar-17,"24,301.09"
29-Mar-17,"24,392.05"
28-Mar-17,"24,345.87"
27-Mar-17,"24,193.70"
24-Mar-17,"24,358.27"
23-Mar-17,"24,327.70"
22-Mar-17,"24,320.41"
21-Mar-17,"24,593.12"
20-Mar-17,"24,501.99"
17-Mar-17,"24,309.93"
16-Mar-17,"24,288.28"
15-Mar-17,"23,792.85"
14-Mar-17,"23,827.95"
13-Mar-17,"23,829.67"
10-Mar-17,"23,568.67"
9-Mar-17,"23,501.56"
8-Mar-17,"23,782.27"
7-Mar-17,"23,681.07"
6-Mar-17,"23,596.28"
3-Mar-17,"23,552.72"
2-Mar-17,"23,728.07"
1-Mar-17,"23,776.49"
28-Feb-17,"23,740.73"
27-Feb-17,"23,925.05"
24-Feb-17,"23,965.70"
23-Feb-17,"24,114.86"
22-Feb-17,"24,201.96"
21-Feb-17,"23,963.63"
20-Feb-17,"24,146.08"
17-Feb-17,"24,033.74"
16-Feb-17,"24,107.70"
15-Feb-17,"23,994.87"
14-Feb-17,"23,703.01"
13-Feb-17,"23,710.98"
10-Feb-17,"23,574.98"
9-Feb-17,"23,525.14"
8-Feb-17,"23,485.13"
7-Feb-17,"23,331.57"
6-Feb-17,"23,348.24"
3-Feb-17,"23,129.21"
2-Feb-17,"23,184.52"
1-Feb-17,"23,318.39"
27-Jan-17,"23,360.78"
26-Jan-17,"23,374.17"
25-Jan-17,"23,049.12"
24-Jan-17,"22,949.86"
23-Jan-17,"22,898.52"
20-Jan-17,"22,885.91"
19-Jan-17,"23,049.96"
18-Jan-17,"23,098.26"
17-Jan-17,"22,840.97"
16-Jan-17,"22,718.15"
13-Jan-17,"22,937.38"
12-Jan-17,"22,829.02"
11-Jan-17,"22,935.35"
10-Jan-17,"22,744.85"
9-Jan-17,"22,558.69"
6-Jan-17,"22,503.01"
5-Jan-17,"22,456.69"
4-Jan-17,"22,134.47"
3-Jan-17,"22,150.40"
30-Dec-16,"22,000.56"
29-Dec-16,"21,790.91"
28-Dec-16,"21,754.74"
23-Dec-16,"21,574.76"
22-Dec-16,"21,636.20"
21-Dec-16,"21,809.80"
20-Dec-16,"21,729.06"
19-Dec-16,"21,832.68"
16-Dec-16,"22,020.75"
15-Dec-16,"22,059.40"
14-Dec-16,"22,456.62"
13-Dec-16,"22,446.70"
12-Dec-16,"22,433.02"
9-Dec-16,"22,760.98"
8-Dec-16,"22,861.84"
7-Dec-16,"22,800.92"
6-Dec-16,"22,675.15"
5-Dec-16,"22,505.55"
2-Dec-16,"22,564.82"
1-Dec-16,"22,878.23"
30-Nov-16,"22,789.77"
29-Nov-16,"22,737.07"
28-Nov-16,"22,830.57"
25-Nov-16,"22,723.45"
24-Nov-16,"22,608.49"
23-Nov-16,"22,676.69"
22-Nov-16,"22,678.07"
21-Nov-16,"22,357.78"
18-Nov-16,"22,344.21"
17-Nov-16,"22,262.88"
16-Nov-16,"22,280.53"
15-Nov-16,"22,323.91"
14-Nov-16,"22,222.22"
11-Nov-16,"22,531.09"
10-Nov-16,"22,839.11"
9-Nov-16,"22,415.19"
8-Nov-16,"22,909.47"
7-Nov-16,"22,801.40"
4-Nov-16,"22,642.62"
3-Nov-16,"22,683.51"
2-Nov-16,"22,810.50"
1-Nov-16,"23,147.07"
31-Oct-16,"22,934.54"
28-Oct-16,"22,954.81"
27-Oct-16,"23,132.35"
26-Oct-16,"23,325.43"
25-Oct-16,"23,565.11"
24-Oct-16,"23,604.08"
20-Oct-16,"23,374.40"
19-Oct-16,"23,304.97"
18-Oct-16,"23,394.39"
17-Oct-16,"23,037.54"
14-Oct-16,"23,233.31"
13-Oct-16,"23,031.30"
12-Oct-16,"23,407.05"
11-Oct-16,"23,549.52"
7-Oct-16,"23,851.82"
6-Oct-16,"23,952.50"
5-Oct-16,"23,788.31"
4-Oct-16,"23,689.44"
3-Oct-16,"23,584.43"
30-Sep-16,"23,297.15"
29-Sep-16,"23,739.47"
28-Sep-16,"23,619.65"
27-Sep-16,"23,571.90"
26-Sep-16,"23,317.92"
23-Sep-16,"23,686.48"
22-Sep-16,"23,759.80"
21-Sep-16,"23,669.90"
20-Sep-16,"23,530.86"
19-Sep-16,"23,550.45"
15-Sep-16,"23,335.59"
14-Sep-16,"23,190.64"
13-Sep-16,"23,215.76"
12-Sep-16,"23,290.60"
9-Sep-16,"24,099.70"
8-Sep-16,"23,919.34"
7-Sep-16,"23,741.81"
6-Sep-16,"23,787.68"
5-Sep-16,"23,649.55"
2-Sep-16,"23,266.70"
1-Sep-16,"23,162.34"
31-Aug-16,"22,976.88"
30-Aug-16,"23,016.11"
29-Aug-16,"22,821.34"
26-Aug-16,"22,909.54"
25-Aug-16,"22,814.95"
24-Aug-16,"22,820.78"
23-Aug-16,"22,998.93"
22-Aug-16,"22,997.91"
19-Aug-16,"22,937.22"
18-Aug-16,"23,023.16"
17-Aug-16,"22,799.78"
16-Aug-16,"22,910.84"
15-Aug-16,"22,932.51"
12-Aug-16,"22,766.91"
11-Aug-16,"22,580.55"
10-Aug-16,"22,492.43"
9-Aug-16,"22,465.61"
8-Aug-16,"22,494.76"
5-Aug-16,"22,146.09"
4-Aug-16,"21,832.23"
3-Aug-16,"21,739.12"
1-Aug-16,"22,129.14"
29-Jul-16,"21,891.37"
28-Jul-16,"22,174.34"
27-Jul-16,"22,218.99"
26-Jul-16,"22,129.73"
25-Jul-16,"21,993.44"
22-Jul-16,"21,964.27"
21-Jul-16,"22,000.49"
20-Jul-16,"21,882.48"
19-Jul-16,"21,673.20"
18-Jul-16,"21,803.18"
15-Jul-16,"21,659.25"
14-Jul-16,"21,561.06"
13-Jul-16,"21,322.37"
12-Jul-16,"21,224.74"
11-Jul-16,"20,880.50"
8-Jul-16,"20,564.17"
7-Jul-16,"20,706.92"
6-Jul-16,"20,495.29"
5-Jul-16,"20,750.72"
4-Jul-16,"21,059.20"
30-Jun-16,"20,794.37"
29-Jun-16,"20,436.12"
28-Jun-16,"20,172.46"
27-Jun-16,"20,227.30"
24-Jun-16,"20,259.13"
23-Jun-16,"20,868.34"
22-Jun-16,"20,795.12"
21-Jun-16,"20,668.44"
20-Jun-16,"20,510.20"
17-Jun-16,"20,169.98"
16-Jun-16,"20,038.42"
15-Jun-16,"20,467.52"
14-Jun-16,"20,387.53"
13-Jun-16,"20,512.99"
10-Jun-16,"21,042.64"
8-Jun-16,"21,297.88"
7-Jun-16,"21,328.24"
6-Jun-16,"21,030.22"
3-Jun-16,"20,947.24"
2-Jun-16,"20,859.22"
1-Jun-16,"20,760.98"
31-May-16,"20,815.09"
30-May-16,"20,629.39"
27-May-16,"20,576.77"
26-May-16,"20,397.11"
25-May-16,"20,368.05"
24-May-16,"19,830.43"
23-May-16,"19,809.03"
20-May-16,"19,852.20"
19-May-16,"19,694.33"
18-May-16,"19,826.41"
17-May-16,"20,118.80"
16-May-16,"19,883.95"
13-May-16,"19,719.29"
12-May-16,"19,915.46"
11-May-16,"20,055.29"
10-May-16,"20,242.68"
9-May-16,"20,156.81"
6-May-16,"20,109.87"
5-May-16,"20,449.82"
4-May-16,"20,525.83"
3-May-16,"20,676.94"
29-Apr-16,"21,067.05"
28-Apr-16,"21,388.03"
27-Apr-16,"21,361.60"
26-Apr-16,"21,407.27"
25-Apr-16,"21,304.44"
22-Apr-16,"21,467.04"
21-Apr-16,"21,622.25"
20-Apr-16,"21,236.31"
19-Apr-16,"21,436.21"
18-Apr-16,"21,161.50"
15-Apr-16,"21,316.47"
14-Apr-16,"21,337.81"
13-Apr-16,"21,158.71"
12-Apr-16,"20,504.44"
11-Apr-16,"20,440.81"
8-Apr-16,"20,370.40"
7-Apr-16,"20,266.05"
6-Apr-16,"20,206.67"
5-Apr-16,"20,177.00"
1-Apr-16,"20,498.92"
31-Mar-16,"20,776.70"
30-Mar-16,"20,803.39"
29-Mar-16,"20,366.30"
24-Mar-16,"20,345.61"
23-Mar-16,"20,615.23"
22-Mar-16,"20,666.75"
21-Mar-16,"20,684.15"
18-Mar-16,"20,671.63"
17-Mar-16,"20,503.81"
16-Mar-16,"20,257.70"
15-Mar-16,"20,288.77"
14-Mar-16,"20,435.34"
11-Mar-16,"20,199.60"
10-Mar-16,"19,984.42"
9-Mar-16,"19,996.26"
8-Mar-16,"20,011.58"
7-Mar-16,"20,159.72"
4-Mar-16,"20,176.70"
3-Mar-16,"19,941.76"
2-Mar-16,"20,003.49"
1-Mar-16,"19,407.46"
29-Feb-16,"19,111.93"
26-Feb-16,"19,364.15"
25-Feb-16,"18,888.75"
24-Feb-16,"19,192.45"
23-Feb-16,"19,414.78"
22-Feb-16,"19,464.09"
19-Feb-16,"19,285.50"
18-Feb-16,"19,363.08"
17-Feb-16,"18,924.57"
16-Feb-16,"19,122.08"
15-Feb-16,"18,918.14"
12-Feb-16,"18,319.58"
11-Feb-16,"18,545.80"
5-Feb-16,"19,288.17"
4-Feb-16,"19,183.09"
3-Feb-16,"18,991.59"
2-Feb-16,"19,446.84"
1-Feb-16,"19,595.50"
29-Jan-16,"19,683.11"
28-Jan-16,"19,195.83"
27-Jan-16,"19,052.45"
26-Jan-16,"18,860.80"
25-Jan-16,"19,340.14"
22-Jan-16,"19,080.51"
21-Jan-16,"18,542.15"
20-Jan-16,"18,886.30"
19-Jan-16,"19,635.81"
18-Jan-16,"19,237.45"
15-Jan-16,"19,520.77"
14-Jan-16,"19,817.41"
13-Jan-16,"19,934.88"
12-Jan-16,"19,711.76"
11-Jan-16,"19,888.50"
8-Jan-16,"20,453.71"
7-Jan-16,"20,333.34"
6-Jan-16,"20,980.81"
5-Jan-16,"21,188.72"
4-Jan-16,"21,327.12"
31-Dec-15,"21,914.40"
30-Dec-15,"21,882.15"
29-Dec-15,"21,999.62"
28-Dec-15,"21,919.62"
24-Dec-15,"22,138.13"
23-Dec-15,"22,040.59"
22-Dec-15,"21,830.02"
21-Dec-15,"21,791.68"
18-Dec-15,"21,755.56"
17-Dec-15,"21,872.06"
16-Dec-15,"21,701.21"
15-Dec-15,"21,274.37"
14-Dec-15,"21,309.85"
11-Dec-15,"21,464.05"
10-Dec-15,"21,704.61"
9-Dec-15,"21,803.76"
8-Dec-15,"21,905.13"
7-Dec-15,"22,203.22"
4-Dec-15,"22,235.89"
3-Dec-15,"22,417.01"
2-Dec-15,"22,479.69"
1-Dec-15,"22,381.35"
30-Nov-15,"21,996.42"
27-Nov-15,"22,068.32"
26-Nov-15,"22,488.94"
25-Nov-15,"22,498.00"
24-Nov-15,"22,587.63"
23-Nov-15,"22,665.90"
20-Nov-15,"22,754.72"
19-Nov-15,"22,500.22"
18-Nov-15,"22,188.26"
17-Nov-15,"22,264.25"
16-Nov-15,"22,010.82"
13-Nov-15,"22,396.14"
12-Nov-15,"22,888.92"
11-Nov-15,"22,352.17"
10-Nov-15,"22,401.70"
9-Nov-15,"22,726.77"
6-Nov-15,"22,867.33"
5-Nov-15,"23,051.04"
4-Nov-15,"23,053.57"
3-Nov-15,"22,568.43"
2-Nov-15,"22,370.04"
30-Oct-15,"22,640.04"
29-Oct-15,"22,819.94"
28-Oct-15,"22,956.57"
27-Oct-15,"23,142.73"
26-Oct-15,"23,116.25"
23-Oct-15,"23,151.94"
22-Oct-15,"22,845.37"
20-Oct-15,"22,989.22"
19-Oct-15,"23,075.61"
16-Oct-15,"23,067.37"
15-Oct-15,"22,888.17"
14-Oct-15,"22,439.91"
13-Oct-15,"22,600.46"
12-Oct-15,"22,730.93"
9-Oct-15,"22,458.80"
8-Oct-15,"22,354.91"
7-Oct-15,"22,515.76"
6-Oct-15,"21,831.62"
5-Oct-15,"21,854.50"
2-Oct-15,"21,506.09"
30-Sep-15,"20,846.30"
29-Sep-15,"20,556.60"
25-Sep-15,"21,186.32"
24-Sep-15,"21,095.98"
23-Sep-15,"21,302.91"
22-Sep-15,"21,796.58"
21-Sep-15,"21,756.93"
18-Sep-15,"21,920.83"
17-Sep-15,"21,854.63"
16-Sep-15,"21,966.66"
15-Sep-15,"21,455.23"
14-Sep-15,"21,561.90"
11-Sep-15,"21,504.37"
10-Sep-15,"21,562.50"
9-Sep-15,"22,131.31"
8-Sep-15,"21,259.04"
7-Sep-15,"20,583.52"
4-Sep-15,"20,840.61"
2-Sep-15,"20,934.94"
1-Sep-15,"21,185.43"
31-Aug-15,"21,670.58"
28-Aug-15,"21,612.39"
27-Aug-15,"21,838.54"
26-Aug-15,"21,080.39"
25-Aug-15,"21,404.96"
24-Aug-15,"21,251.57"
21-Aug-15,"22,409.62"
20-Aug-15,"22,757.47"
19-Aug-15,"23,167.85"
18-Aug-15,"23,474.97"
17-Aug-15,"23,814.65"
14-Aug-15,"23,991.03"
13-Aug-15,"24,018.80"
12-Aug-15,"23,916.02"
11-Aug-15,"24,498.21"
10-Aug-15,"24,521.12"
7-Aug-15,"24,552.47"
6-Aug-15,"24,375.28"
5-Aug-15,"24,514.16"
4-Aug-15,"24,406.12"
3-Aug-15,"24,411.42"
31-Jul-15,"24,636.28"
30-Jul-15,"24,497.98"
29-Jul-15,"24,619.45"
28-Jul-15,"24,503.94"
27-Jul-15,"24,351.96"
24-Jul-15,"25,128.51"
23-Jul-15,"25,398.85"
22-Jul-15,"25,282.62"
21-Jul-15,"25,536.43"
20-Jul-15,"25,404.81"
17-Jul-15,"25,415.27"
16-Jul-15,"25,162.78"
15-Jul-15,"25,055.76"
14-Jul-15,"25,120.91"
13-Jul-15,"25,224.01"
10-Jul-15,"24,901.28"
9-Jul-15,"24,392.79"
8-Jul-15,"23,516.56"
7-Jul-15,"24,975.31"
6-Jul-15,"25,236.28"
3-Jul-15,"26,064.11"
2-Jul-15,"26,282.32"
30-Jun-15,"26,250.03"
29-Jun-15,"25,966.98"
26-Jun-15,"26,663.87"
25-Jun-15,"27,145.75"
24-Jun-15,"27,404.97"
23-Jun-15,"27,333.46"
22-Jun-15,"27,080.85"
19-Jun-15,"26,760.53"
18-Jun-15,"26,694.66"
17-Jun-15,"26,753.79"
16-Jun-15,"26,566.70"
15-Jun-15,"26,861.81"
12-Jun-15,"27,280.54"
11-Jun-15,"26,907.85"
10-Jun-15,"26,687.64"
9-Jun-15,"26,989.52"
8-Jun-15,"27,316.28"
5-Jun-15,"27,260.16"
4-Jun-15,"27,551.89"
3-Jun-15,"27,657.47"
2-Jun-15,"27,466.72"
1-Jun-15,"27,597.16"
29-May-15,"27,424.19"
28-May-15,"27,454.31"
27-May-15,"28,081.21"
26-May-15,"28,249.86"
22-May-15,"27,992.83"
21-May-15,"27,523.72"
20-May-15,"27,585.05"
19-May-15,"27,693.54"
18-May-15,"27,591.25"
15-May-15,"27,822.28"
14-May-15,"27,286.55"
13-May-15,"27,249.28"
12-May-15,"27,407.18"
11-May-15,"27,718.20"
8-May-15,"27,577.34"
7-May-15,"27,289.97"
6-May-15,"27,640.91"
5-May-15,"27,755.54"
4-May-15,"28,123.82"
30-Apr-15,"28,133.00"
29-Apr-15,"28,400.34"
28-Apr-15,"28,442.75"
27-Apr-15,"28,433.59"
24-Apr-15,"28,060.98"
23-Apr-15,"27,827.70"
22-Apr-15,"27,933.85"
21-Apr-15,"27,850.49"
20-Apr-15,"27,094.93"
17-Apr-15,"27,653.12"
16-Apr-15,"27,739.71"
15-Apr-15,"27,618.82"
14-Apr-15,"27,561.49"
13-Apr-15,"28,016.34"
10-Apr-15,"27,272.39"
9-Apr-15,"26,944.39"
8-Apr-15,"26,236.86"
2-Apr-15,"25,275.64"
1-Apr-15,"25,082.75"
31-Mar-15,"24,900.89"
30-Mar-15,"24,855.12"
27-Mar-15,"24,486.20"
26-Mar-15,"24,497.08"
25-Mar-15,"24,528.23"
24-Mar-15,"24,399.60"
23-Mar-15,"24,494.51"
20-Mar-15,"24,375.24"
19-Mar-15,"24,468.89"
18-Mar-15,"24,120.08"
17-Mar-15,"23,901.49"
16-Mar-15,"23,949.55"
13-Mar-15,"23,823.21"
12-Mar-15,"23,797.96"
11-Mar-15,"23,717.97"
10-Mar-15,"23,896.98"
9-Mar-15,"24,123.05"
6-Mar-15,"24,164.00"
5-Mar-15,"24,193.04"
4-Mar-15,"24,465.38"
3-Mar-15,"24,702.78"
2-Mar-15,"24,887.44"
27-Feb-15,"24,823.29"
26-Feb-15,"24,902.06"
25-Feb-15,"24,778.28"
24-Feb-15,"24,750.07"
23-Feb-15,"24,836.76"
18-Feb-15,"24,832.08"
17-Feb-15,"24,784.88"
16-Feb-15,"24,726.53"
13-Feb-15,"24,682.54"
12-Feb-15,"24,422.15"
11-Feb-15,"24,315.02"
10-Feb-15,"24,528.10"
9-Feb-15,"24,521.00"
6-Feb-15,"24,679.39"
5-Feb-15,"24,765.49"
4-Feb-15,"24,679.76"
3-Feb-15,"24,554.78"
2-Feb-15,"24,484.74"
30-Jan-15,"24,507.05"
29-Jan-15,"24,595.85"
28-Jan-15,"24,861.81"
27-Jan-15,"24,807.28"
26-Jan-15,"24,909.90"
23-Jan-15,"24,850.45"
22-Jan-15,"24,522.63"
21-Jan-15,"24,352.58"
20-Jan-15,"23,951.16"
19-Jan-15,"23,738.49"
16-Jan-15,"24,103.52"
15-Jan-15,"24,350.91"
14-Jan-15,"24,112.60"
13-Jan-15,"24,215.97"
12-Jan-15,"24,026.46"
9-Jan-15,"23,919.95"
8-Jan-15,"23,835.53"
7-Jan-15,"23,681.26"
6-Jan-15,"23,485.41"
5-Jan-15,"23,721.32"
2-Jan-15,"23,857.82"
31-Dec-14,"23,605.04"
30-Dec-14,"23,501.10"
29-Dec-14,"23,773.18"
24-Dec-14,"23,349.34"
23-Dec-14,"23,333.69"
22-Dec-14,"23,408.57"
19-Dec-14,"23,116.63"
18-Dec-14,"22,832.21"
17-Dec-14,"22,585.84"
16-Dec-14,"22,670.50"
15-Dec-14,"23,027.85"
12-Dec-14,"23,249.20"
11-Dec-14,"23,312.54"
10-Dec-14,"23,524.52"
9-Dec-14,"23,485.83"
8-Dec-14,"24,047.67"
5-Dec-14,"24,002.64"
4-Dec-14,"23,832.56"
3-Dec-14,"23,428.62"
2-Dec-14,"23,654.30"
1-Dec-14,"23,367.45"
28-Nov-14,"23,987.45"
27-Nov-14,"24,004.28"
26-Nov-14,"24,111.98"
25-Nov-14,"23,843.91"
24-Nov-14,"23,893.14"
21-Nov-14,"23,437.12"
20-Nov-14,"23,349.64"
19-Nov-14,"23,373.31"
18-Nov-14,"23,529.17"
17-Nov-14,"23,797.08"
14-Nov-14,"24,087.38"
13-Nov-14,"24,019.94"
12-Nov-14,"23,938.18"
11-Nov-14,"23,808.28"
10-Nov-14,"23,744.70"
7-Nov-14,"23,550.24"
6-Nov-14,"23,649.31"
5-Nov-14,"23,695.62"
4-Nov-14,"23,845.66"
3-Nov-14,"23,915.97"
31-Oct-14,"23,998.06"
30-Oct-14,"23,702.04"
29-Oct-14,"23,819.87"
28-Oct-14,"23,520.36"
27-Oct-14,"23,143.23"
24-Oct-14,"23,302.20"
23-Oct-14,"23,333.18"
22-Oct-14,"23,403.97"
21-Oct-14,"23,088.58"
20-Oct-14,"23,070.26"
17-Oct-14,"23,023.21"
16-Oct-14,"22,900.94"
15-Oct-14,"23,140.05"
14-Oct-14,"23,047.97"
13-Oct-14,"23,143.38"
10-Oct-14,"23,088.54"
9-Oct-14,"23,534.53"
8-Oct-14,"23,263.33"
7-Oct-14,"23,422.52"
6-Oct-14,"23,315.04"
3-Oct-14,"23,064.56"
30-Sep-14,"22,932.98"
29-Sep-14,"23,229.21"
26-Sep-14,"23,678.41"
25-Sep-14,"23,768.13"
24-Sep-14,"23,921.61"
23-Sep-14,"23,837.07"
22-Sep-14,"23,955.49"
19-Sep-14,"24,306.16"
18-Sep-14,"24,168.72"
17-Sep-14,"24,376.41"
16-Sep-14,"24,136.01"
15-Sep-14,"24,356.99"
12-Sep-14,"24,595.32"
11-Sep-14,"24,662.64"
10-Sep-14,"24,705.36"
8-Sep-14,"25,190.45"
5-Sep-14,"25,240.15"
4-Sep-14,"25,297.92"
3-Sep-14,"25,317.95"
2-Sep-14,"24,749.02"
1-Sep-14,"24,752.09"
29-Aug-14,"24,742.06"
28-Aug-14,"24,741.00"
27-Aug-14,"24,918.75"
26-Aug-14,"25,074.50"
25-Aug-14,"25,166.91"
22-Aug-14,"25,112.23"
21-Aug-14,"24,994.10"
20-Aug-14,"25,159.76"
19-Aug-14,"25,122.95"
18-Aug-14,"24,955.46"
15-Aug-14,"24,954.94"
14-Aug-14,"24,801.36"
13-Aug-14,"24,890.34"
12-Aug-14,"24,689.41"
11-Aug-14,"24,646.02"
8-Aug-14,"24,331.41"
7-Aug-14,"24,387.56"
6-Aug-14,"24,584.13"
5-Aug-14,"24,648.26"
4-Aug-14,"24,600.08"
1-Aug-14,"24,532.43"
31-Jul-14,"24,756.85"
30-Jul-14,"24,732.21"
29-Jul-14,"24,640.53"
28-Jul-14,"24,428.63"
25-Jul-14,"24,216.01"
24-Jul-14,"24,141.50"
23-Jul-14,"23,971.87"
22-Jul-14,"23,782.11"
21-Jul-14,"23,387.14"
18-Jul-14,"23,454.79"
17-Jul-14,"23,520.87"
16-Jul-14,"23,523.28"
15-Jul-14,"23,459.96"
14-Jul-14,"23,346.67"
11-Jul-14,"23,233.45"
10-Jul-14,"23,238.99"
9-Jul-14,"23,176.07"
8-Jul-14,"23,541.38"
7-Jul-14,"23,540.92"
4-Jul-14,"23,546.36"
3-Jul-14,"23,531.44"
2-Jul-14,"23,549.62"
30-Jun-14,"23,190.72"
27-Jun-14,"23,221.52"
26-Jun-14,"23,197.83"
25-Jun-14,"22,866.70"
24-Jun-14,"22,880.64"
23-Jun-14,"22,804.81"
20-Jun-14,"23,194.06"
19-Jun-14,"23,167.73"
18-Jun-14,"23,181.72"
17-Jun-14,"23,203.59"
16-Jun-14,"23,300.67"
13-Jun-14,"23,319.17"
12-Jun-14,"23,175.02"
11-Jun-14,"23,257.29"
10-Jun-14,"23,315.74"
9-Jun-14,"23,117.47"
6-Jun-14,"22,951.00"
5-Jun-14,"23,109.66"
4-Jun-14,"23,151.71"
3-Jun-14,"23,291.04"
30-May-14,"23,081.65"
29-May-14,"23,010.14"
28-May-14,"23,080.03"
27-May-14,"22,944.30"
26-May-14,"22,963.18"
23-May-14,"22,965.86"
22-May-14,"22,953.76"
21-May-14,"22,836.52"
20-May-14,"22,834.68"
19-May-14,"22,704.50"
16-May-14,"22,712.91"
15-May-14,"22,730.86"
14-May-14,"22,582.77"
13-May-14,"22,352.38"
12-May-14,"22,261.61"
9-May-14,"21,862.99"
8-May-14,"21,837.12"
7-May-14,"21,746.26"
5-May-14,"21,976.33"
2-May-14,"22,260.67"
30-Apr-14,"22,133.97"
29-Apr-14,"22,453.89"
28-Apr-14,"22,132.53"
25-Apr-14,"22,223.53"
24-Apr-14,"22,562.80"
23-Apr-14,"22,509.64"
22-Apr-14,"22,730.68"
17-Apr-14,"22,760.24"
16-Apr-14,"22,696.01"
15-Apr-14,"22,671.26"
14-Apr-14,"23,038.80"
11-Apr-14,"23,003.64"
10-Apr-14,"23,186.96"
9-Apr-14,"22,843.17"
8-Apr-14,"22,596.97"
7-Apr-14,"22,377.15"
4-Apr-14,"22,510.08"
3-Apr-14,"22,565.08"
2-Apr-14,"22,523.94"
1-Apr-14,"22,448.54"
31-Mar-14,"22,151.06"
28-Mar-14,"22,065.53"
27-Mar-14,"21,834.45"
26-Mar-14,"21,887.75"
25-Mar-14,"21,732.32"
24-Mar-14,"21,846.45"
21-Mar-14,"21,436.70"
20-Mar-14,"21,182.16"
19-Mar-14,"21,568.69"
18-Mar-14,"21,583.50"
17-Mar-14,"21,473.95"
14-Mar-14,"21,539.49"
13-Mar-14,"21,756.08"
12-Mar-14,"21,901.95"
11-Mar-14,"22,269.61"
10-Mar-14,"22,264.93"
7-Mar-14,"22,660.49"
6-Mar-14,"22,702.97"
5-Mar-14,"22,579.78"
4-Mar-14,"22,657.63"
3-Mar-14,"22,500.67"
28-Feb-14,"22,836.96"
27-Feb-14,"22,828.18"
26-Feb-14,"22,437.44"
25-Feb-14,"22,317.20"
24-Feb-14,"22,388.56"
21-Feb-14,"22,568.24"
20-Feb-14,"22,394.08"
19-Feb-14,"22,664.52"
18-Feb-14,"22,587.72"
17-Feb-14,"22,535.94"
14-Feb-14,"22,298.41"
13-Feb-14,"22,165.53"
12-Feb-14,"22,285.79"
11-Feb-14,"21,962.98"
10-Feb-14,"21,579.26"
7-Feb-14,"21,636.85"
6-Feb-14,"21,423.13"
5-Feb-14,"21,269.38"
4-Feb-14,"21,397.77"
30-Jan-14,"22,035.42"
29-Jan-14,"22,141.61"
28-Jan-14,"21,960.64"
27-Jan-14,"21,976.10"
24-Jan-14,"22,450.06"
23-Jan-14,"22,733.90"
22-Jan-14,"23,082.25"
21-Jan-14,"23,033.12"
20-Jan-14,"22,928.95"
17-Jan-14,"23,133.35"
16-Jan-14,"22,986.41"
15-Jan-14,"22,902.00"
14-Jan-14,"22,791.28"
13-Jan-14,"22,888.76"
10-Jan-14,"22,846.25"
9-Jan-14,"22,787.33"
8-Jan-14,"22,996.59"
7-Jan-14,"22,712.78"
6-Jan-14,"22,684.15"
3-Jan-14,"22,817.28"
2-Jan-14,"23,340.05"
31-Dec-13,"23,306.39"
30-Dec-13,"23,244.87"
27-Dec-13,"23,243.24"
24-Dec-13,"23,179.55"
23-Dec-13,"22,921.56"
20-Dec-13,"22,812.18"
19-Dec-13,"22,888.75"
18-Dec-13,"23,143.82"
17-Dec-13,"23,069.23"
16-Dec-13,"23,114.66"
13-Dec-13,"23,245.96"
12-Dec-13,"23,218.12"
11-Dec-13,"23,338.24"
10-Dec-13,"23,744.19"
9-Dec-13,"23,811.17"
6-Dec-13,"23,743.10"
5-Dec-13,"23,712.57"
4-Dec-13,"23,728.70"
3-Dec-13,"23,910.47"
2-Dec-13,"24,038.55"
29-Nov-13,"23,881.29"
28-Nov-13,"23,789.09"
27-Nov-13,"23,806.35"
26-Nov-13,"23,681.28"
25-Nov-13,"23,684.45"
22-Nov-13,"23,696.28"
21-Nov-13,"23,580.29"
20-Nov-13,"23,700.86"
19-Nov-13,"23,657.81"
18-Nov-13,"23,660.06"
15-Nov-13,"23,032.15"
14-Nov-13,"22,649.15"
13-Nov-13,"22,463.83"
12-Nov-13,"22,901.41"
11-Nov-13,"23,069.85"
8-Nov-13,"22,744.39"
7-Nov-13,"22,881.03"
6-Nov-13,"23,036.94"
5-Nov-13,"23,038.95"
4-Nov-13,"23,189.62"
1-Nov-13,"23,249.79"
31-Oct-13,"23,206.37"
30-Oct-13,"23,304.02"
29-Oct-13,"22,846.54"
28-Oct-13,"22,806.58"
25-Oct-13,"22,698.34"
24-Oct-13,"22,835.82"
23-Oct-13,"22,999.95"
22-Oct-13,"23,315.99"
21-Oct-13,"23,438.15"
18-Oct-13,"23,340.10"
17-Oct-13,"23,094.88"
16-Oct-13,"23,228.33"
15-Oct-13,"23,336.52"
11-Oct-13,"23,218.32"
10-Oct-13,"22,951.30"
9-Oct-13,"23,033.97"
8-Oct-13,"23,178.85"
7-Oct-13,"22,973.95"
4-Oct-13,"23,138.54"
3-Oct-13,"23,214.40"
2-Oct-13,"22,984.48"
30-Sep-13,"22,859.86"
27-Sep-13,"23,207.04"
26-Sep-13,"23,125.03"
25-Sep-13,"23,209.63"
24-Sep-13,"23,179.04"
23-Sep-13,"23,371.54"
19-Sep-13,"23,502.51"
18-Sep-13,"23,117.45"
17-Sep-13,"23,180.52"
16-Sep-13,"23,252.41"
13-Sep-13,"22,915.28"
12-Sep-13,"22,953.72"
11-Sep-13,"22,937.14"
10-Sep-13,"22,976.65"
9-Sep-13,"22,750.65"
6-Sep-13,"22,621.22"
5-Sep-13,"22,597.97"
4-Sep-13,"22,326.22"
3-Sep-13,"22,394.58"
2-Sep-13,"22,175.34"
30-Aug-13,"21,731.37"
29-Aug-13,"21,704.78"
28-Aug-13,"21,524.65"
27-Aug-13,"21,874.77"
26-Aug-13,"22,005.32"
23-Aug-13,"21,863.51"
22-Aug-13,"21,895.40"
21-Aug-13,"21,817.73"
20-Aug-13,"21,970.29"
19-Aug-13,"22,463.70"
16-Aug-13,"22,517.81"
15-Aug-13,"22,539.25"
13-Aug-13,"22,541.13"
12-Aug-13,"22,271.28"
9-Aug-13,"21,807.56"
8-Aug-13,"21,655.88"
7-Aug-13,"21,588.84"
6-Aug-13,"21,923.70"
5-Aug-13,"22,222.01"
2-Aug-13,"22,190.97"
1-Aug-13,"22,088.79"
31-Jul-13,"21,883.66"
30-Jul-13,"21,953.96"
29-Jul-13,"21,850.15"
26-Jul-13,"21,968.95"
25-Jul-13,"21,900.96"
24-Jul-13,"21,968.93"
23-Jul-13,"21,915.42"
22-Jul-13,"21,416.50"
19-Jul-13,"21,362.42"
18-Jul-13,"21,345.22"
17-Jul-13,"21,371.87"
16-Jul-13,"21,312.38"
15-Jul-13,"21,303.31"
12-Jul-13,"21,277.28"
11-Jul-13,"21,437.49"
10-Jul-13,"20,904.56"
9-Jul-13,"20,683.01"
8-Jul-13,"20,582.19"
5-Jul-13,"20,854.67"
4-Jul-13,"20,468.67"
3-Jul-13,"20,147.31"
2-Jul-13,"20,658.65"
28-Jun-13,"20,803.29"
27-Jun-13,"20,440.08"
26-Jun-13,"20,338.55"
25-Jun-13,"19,855.72"
24-Jun-13,"19,813.98"
21-Jun-13,"20,263.31"
20-Jun-13,"20,382.87"
19-Jun-13,"20,986.89"
18-Jun-13,"21,225.88"
17-Jun-13,"21,225.90"
14-Jun-13,"20,969.14"
13-Jun-13,"20,887.04"
11-Jun-13,"21,354.66"
10-Jun-13,"21,615.09"
7-Jun-13,"21,575.26"
6-Jun-13,"21,838.43"
5-Jun-13,"22,069.24"
4-Jun-13,"22,285.52"
3-Jun-13,"22,282.19"
31-May-13,"22,392.16"
30-May-13,"22,484.31"
29-May-13,"22,554.93"
28-May-13,"22,924.25"
27-May-13,"22,686.05"
24-May-13,"22,618.67"
23-May-13,"22,669.68"
22-May-13,"23,261.08"
21-May-13,"23,366.37"
20-May-13,"23,493.03"
16-May-13,"23,082.68"
15-May-13,"23,044.24"
14-May-13,"22,930.28"
13-May-13,"22,989.81"
10-May-13,"23,321.22"
9-May-13,"23,211.48"
8-May-13,"23,244.35"
7-May-13,"23,047.09"
6-May-13,"22,915.09"
3-May-13,"22,689.96"
2-May-13,"22,668.30"
30-Apr-13,"22,737.01"
29-Apr-13,"22,580.77"
26-Apr-13,"22,547.71"
25-Apr-13,"22,401.24"
24-Apr-13,"22,183.05"
23-Apr-13,"21,806.61"
22-Apr-13,"22,044.37"
19-Apr-13,"22,013.57"
18-Apr-13,"21,512.52"
17-Apr-13,"21,569.67"
16-Apr-13,"21,672.03"
15-Apr-13,"21,772.67"
12-Apr-13,"22,089.05"
11-Apr-13,"22,101.27"
10-Apr-13,"22,034.56"
9-Apr-13,"21,870.34"
8-Apr-13,"21,718.05"
5-Apr-13,"21,726.90"
3-Apr-13,"22,337.49"
2-Apr-13,"22,367.82"
28-Mar-13,"22,299.63"
27-Mar-13,"22,464.82"
26-Mar-13,"22,311.08"
25-Mar-13,"22,251.15"
22-Mar-13,"22,115.30"
21-Mar-13,"22,225.88"
20-Mar-13,"22,256.44"
19-Mar-13,"22,041.86"
18-Mar-13,"22,083.36"
15-Mar-13,"22,533.11"
14-Mar-13,"22,619.18"
13-Mar-13,"22,556.65"
12-Mar-13,"22,890.60"
11-Mar-13,"23,090.82"
8-Mar-13,"23,091.95"
7-Mar-13,"22,771.44"
6-Mar-13,"22,777.84"
5-Mar-13,"22,560.50"
4-Mar-13,"22,537.81"
1-Mar-13,"22,880.22"
28-Feb-13,"23,020.27"
27-Feb-13,"22,577.01"
26-Feb-13,"22,519.69"
25-Feb-13,"22,820.08"
22-Feb-13,"22,782.44"
21-Feb-13,"22,906.67"
20-Feb-13,"23,307.41"
19-Feb-13,"23,143.91"
18-Feb-13,"23,381.94"
15-Feb-13,"23,444.56"
14-Feb-13,"23,413.25"
8-Feb-13,"23,215.16"
7-Feb-13,"23,177.00"
6-Feb-13,"23,256.93"
5-Feb-13,"23,148.53"
4-Feb-13,"23,685.01"
1-Feb-13,"23,721.84"
31-Jan-13,"23,729.53"
30-Jan-13,"23,822.06"
29-Jan-13,"23,655.17"
28-Jan-13,"23,671.88"
25-Jan-13,"23,580.43"
24-Jan-13,"23,598.90"
23-Jan-13,"23,635.10"
22-Jan-13,"23,658.99"
21-Jan-13,"23,590.91"
18-Jan-13,"23,601.78"
17-Jan-13,"23,339.76"
16-Jan-13,"23,356.99"
15-Jan-13,"23,381.51"
14-Jan-13,"23,413.26"
11-Jan-13,"23,264.07"
10-Jan-13,"23,354.31"
9-Jan-13,"23,218.47"
8-Jan-13,"23,111.19"
7-Jan-13,"23,329.75"
4-Jan-13,"23,331.09"
3-Jan-13,"23,398.60"
2-Jan-13,"23,311.98"
31-Dec-12,"22,656.92"
28-Dec-12,"22,666.59"
27-Dec-12,"22,619.78"
24-Dec-12,"22,541.18"
21-Dec-12,"22,506.29"
20-Dec-12,"22,659.78"
19-Dec-12,"22,623.37"
18-Dec-12,"22,494.73"
17-Dec-12,"22,513.61"
14-Dec-12,"22,605.98"
13-Dec-12,"22,445.58"
12-Dec-12,"22,503.35"
11-Dec-12,"22,323.94"
10-Dec-12,"22,276.72"
7-Dec-12,"22,191.17"
6-Dec-12,"22,249.81"
5-Dec-12,"22,270.91"
4-Dec-12,"21,799.97"
3-Dec-12,"21,767.85"
30-Nov-12,"22,030.39"
29-Nov-12,"21,922.89"
28-Nov-12,"21,708.98"
27-Nov-12,"21,844.03"
26-Nov-12,"21,861.81"
23-Nov-12,"21,913.98"
22-Nov-12,"21,743.20"
21-Nov-12,"21,524.36"
20-Nov-12,"21,228.28"
19-Nov-12,"21,262.06"
16-Nov-12,"21,159.01"
15-Nov-12,"21,108.93"
14-Nov-12,"21,441.99"
13-Nov-12,"21,188.65"
12-Nov-12,"21,430.30"
9-Nov-12,"21,384.38"
8-Nov-12,"21,566.91"
7-Nov-12,"22,099.85"
6-Nov-12,"21,944.43"
5-Nov-12,"22,006.40"
2-Nov-12,"22,111.33"
1-Nov-12,"21,821.87"
31-Oct-12,"21,641.82"
30-Oct-12,"21,428.58"
29-Oct-12,"21,511.05"
26-Oct-12,"21,545.57"
25-Oct-12,"21,810.23"
24-Oct-12,"21,763.78"
22-Oct-12,"21,697.55"
19-Oct-12,"21,551.76"
18-Oct-12,"21,518.71"
17-Oct-12,"21,416.64"
16-Oct-12,"21,207.07"
15-Oct-12,"21,148.25"
12-Oct-12,"21,136.43"
11-Oct-12,"20,999.05"
10-Oct-12,"20,919.60"
9-Oct-12,"20,937.28"
8-Oct-12,"20,824.56"
5-Oct-12,"21,012.38"
4-Oct-12,"20,907.95"
3-Oct-12,"20,888.28"
28-Sep-12,"20,840.38"
27-Sep-12,"20,762.29"
26-Sep-12,"20,527.73"
25-Sep-12,"20,698.68"
24-Sep-12,"20,694.70"
21-Sep-12,"20,734.94"
20-Sep-12,"20,590.92"
19-Sep-12,"20,841.91"
18-Sep-12,"20,601.93"
17-Sep-12,"20,658.11"
14-Sep-12,"20,629.78"
13-Sep-12,"20,047.63"
12-Sep-12,"20,075.39"
11-Sep-12,"19,857.88"
10-Sep-12,"19,827.17"
7-Sep-12,"19,802.16"
6-Sep-12,"19,209.30"
5-Sep-12,"19,145.07"
4-Sep-12,"19,429.91"
3-Sep-12,"19,559.21"
31-Aug-12,"19,482.57"
30-Aug-12,"19,552.91"
29-Aug-12,"19,788.51"
28-Aug-12,"19,811.80"
27-Aug-12,"19,798.67"
24-Aug-12,"19,880.03"
23-Aug-12,"20,132.24"
22-Aug-12,"19,887.78"
21-Aug-12,"20,100.09"
20-Aug-12,"20,104.27"
17-Aug-12,"20,116.07"
16-Aug-12,"19,962.95"
15-Aug-12,"20,052.29"
14-Aug-12,"20,291.68"
13-Aug-12,"20,081.36"
10-Aug-12,"20,136.12"
9-Aug-12,"20,269.47"
8-Aug-12,"20,065.52"
7-Aug-12,"20,072.55"
6-Aug-12,"19,998.72"
3-Aug-12,"19,666.18"
2-Aug-12,"19,690.20"
1-Aug-12,"19,820.38"
31-Jul-12,"19,796.81"
30-Jul-12,"19,585.40"
27-Jul-12,"19,274.96"
26-Jul-12,"18,892.79"
25-Jul-12,"18,877.33"
24-Jul-12,"18,903.20"
23-Jul-12,"19,053.47"
20-Jul-12,"19,640.80"
19-Jul-12,"19,559.05"
18-Jul-12,"19,239.88"
17-Jul-12,"19,455.33"
16-Jul-12,"19,121.34"
13-Jul-12,"19,092.63"
12-Jul-12,"19,025.11"
11-Jul-12,"19,419.87"
10-Jul-12,"19,396.36"
9-Jul-12,"19,428.09"
6-Jul-12,"19,800.64"
5-Jul-12,"19,809.13"
4-Jul-12,"19,709.75"
3-Jul-12,"19,735.53"
29-Jun-12,"19,441.46"
28-Jun-12,"19,025.27"
27-Jun-12,"19,176.95"
26-Jun-12,"18,981.84"
25-Jun-12,"18,897.45"
22-Jun-12,"18,995.13"
21-Jun-12,"19,265.07"
20-Jun-12,"19,518.85"
19-Jun-12,"19,416.67"
18-Jun-12,"19,427.81"
15-Jun-12,"19,233.94"
14-Jun-12,"18,808.40"
13-Jun-12,"19,026.52"
12-Jun-12,"18,872.56"
11-Jun-12,"18,953.63"
8-Jun-12,"18,502.34"
7-Jun-12,"18,678.29"
6-Jun-12,"18,520.53"
5-Jun-12,"18,259.03"
4-Jun-12,"18,185.59"
1-Jun-12,"18,558.34"
31-May-12,"18,629.52"
30-May-12,"18,690.22"
29-May-12,"19,055.46"
28-May-12,"18,800.99"
25-May-12,"18,713.41"
24-May-12,"18,666.40"
23-May-12,"18,786.19"
22-May-12,"19,039.15"
21-May-12,"18,922.32"
18-May-12,"18,951.85"
17-May-12,"19,200.93"
16-May-12,"19,259.83"
15-May-12,"19,894.31"
14-May-12,"19,735.04"
11-May-12,"19,964.63"
10-May-12,"20,227.28"
9-May-12,"20,330.64"
8-May-12,"20,484.75"
7-May-12,"20,536.65"
4-May-12,"21,086.00"
3-May-12,"21,249.53"
2-May-12,"21,309.08"
30-Apr-12,"21,094.21"
27-Apr-12,"20,741.45"
26-Apr-12,"20,809.71"
25-Apr-12,"20,646.29"
24-Apr-12,"20,677.16"
23-Apr-12,"20,624.39"
20-Apr-12,"21,010.64"
19-Apr-12,"20,995.01"
18-Apr-12,"20,780.73"
17-Apr-12,"20,562.31"
16-Apr-12,"20,610.64"
13-Apr-12,"20,701.04"
12-Apr-12,"20,327.32"
11-Apr-12,"20,140.67"
10-Apr-12,"20,356.24"
5-Apr-12,"20,593.00"
3-Apr-12,"20,790.98"
2-Apr-12,"20,522.26"
30-Mar-12,"20,555.58"
29-Mar-12,"20,609.39"
28-Mar-12,"20,885.42"
27-Mar-12,"21,046.91"
26-Mar-12,"20,668.86"
23-Mar-12,"20,668.80"
22-Mar-12,"20,901.56"
21-Mar-12,"20,856.63"
20-Mar-12,"20,888.24"
19-Mar-12,"21,115.29"
16-Mar-12,"21,317.85"
15-Mar-12,"21,353.53"
14-Mar-12,"21,307.89"
13-Mar-12,"21,339.70"
12-Mar-12,"21,134.18"
9-Mar-12,"21,086.00"
8-Mar-12,"20,900.73"
7-Mar-12,"20,627.78"
6-Mar-12,"20,806.25"
5-Mar-12,"21,265.31"
2-Mar-12,"21,562.26"
1-Mar-12,"21,387.96"
29-Feb-12,"21,680.08"
28-Feb-12,"21,568.73"
27-Feb-12,"21,217.86"
24-Feb-12,"21,406.86"
23-Feb-12,"21,380.99"
22-Feb-12,"21,549.28"
21-Feb-12,"21,478.72"
20-Feb-12,"21,424.79"
17-Feb-12,"21,491.62"
16-Feb-12,"21,277.28"
15-Feb-12,"21,365.23"
14-Feb-12,"20,917.83"
13-Feb-12,"20,887.40"
10-Feb-12,"20,783.86"
9-Feb-12,"21,010.01"
8-Feb-12,"21,018.46"
7-Feb-12,"20,699.19"
6-Feb-12,"20,709.94"
3-Feb-12,"20,756.98"
2-Feb-12,"20,739.45"
1-Feb-12,"20,333.37"
31-Jan-12,"20,390.49"
30-Jan-12,"20,160.41"
27-Jan-12,"20,501.67"
26-Jan-12,"20,439.14"
20-Jan-12,"20,110.37"
19-Jan-12,"19,942.95"
18-Jan-12,"19,686.92"
17-Jan-12,"19,627.75"
16-Jan-12,"19,012.20"
13-Jan-12,"19,204.42"
12-Jan-12,"19,095.38"
11-Jan-12,"19,151.94"
10-Jan-12,"19,004.28"
9-Jan-12,"18,865.72"
6-Jan-12,"18,593.06"
5-Jan-12,"18,813.41"
4-Jan-12,"18,727.31"
3-Jan-12,"18,877.41"
30-Dec-11,"18,434.39"
29-Dec-11,"18,397.92"
28-Dec-11,"18,518.67"
23-Dec-11,"18,629.17"
22-Dec-11,"18,378.23"
21-Dec-11,"18,416.45"
20-Dec-11,"18,080.20"
19-Dec-11,"18,070.21"
16-Dec-11,"18,285.39"
15-Dec-11,"18,026.84"
14-Dec-11,"18,354.43"
13-Dec-11,"18,447.17"
12-Dec-11,"18,575.66"
9-Dec-11,"18,586.23"
8-Dec-11,"19,107.81"
7-Dec-11,"19,240.58"
6-Dec-11,"18,942.23"
5-Dec-11,"19,179.69"
2-Dec-11,"19,040.39"
1-Dec-11,"19,002.26"
30-Nov-11,"17,989.35"
29-Nov-11,"18,256.20"
28-Nov-11,"18,037.81"
25-Nov-11,"17,689.48"
24-Nov-11,"17,935.10"
23-Nov-11,"17,864.43"
22-Nov-11,"18,251.59"
21-Nov-11,"18,225.85"
18-Nov-11,"18,491.23"
17-Nov-11,"18,817.47"
16-Nov-11,"18,960.90"
15-Nov-11,"19,348.44"
14-Nov-11,"19,508.18"
11-Nov-11,"19,137.17"
10-Nov-11,"18,963.89"
9-Nov-11,"20,014.43"
8-Nov-11,"19,678.47"
7-Nov-11,"19,677.89"
4-Nov-11,"19,842.79"
3-Nov-11,"19,242.50"
2-Nov-11,"19,733.71"
1-Nov-11,"19,369.96"
31-Oct-11,"19,864.87"
28-Oct-11,"20,019.24"
27-Oct-11,"19,688.70"
26-Oct-11,"19,066.54"
25-Oct-11,"18,968.20"
24-Oct-11,"18,771.82"
21-Oct-11,"18,025.72"
20-Oct-11,"17,983.10"
19-Oct-11,"18,309.22"
18-Oct-11,"18,076.46"
17-Oct-11,"18,873.99"
14-Oct-11,"18,501.79"
13-Oct-11,"18,757.81"
12-Oct-11,"18,329.46"
11-Oct-11,"18,141.59"
10-Oct-11,"17,711.06"
7-Oct-11,"17,707.01"
6-Oct-11,"17,172.28"
4-Oct-11,"16,250.27"
3-Oct-11,"16,822.15"
30-Sep-11,"17,592.41"
28-Sep-11,"18,011.06"
27-Sep-11,"18,130.55"
26-Sep-11,"17,407.80"
23-Sep-11,"17,668.83"
22-Sep-11,"17,911.95"
21-Sep-11,"18,824.17"
20-Sep-11,"19,014.80"
19-Sep-11,"18,917.95"
16-Sep-11,"19,455.31"
15-Sep-11,"19,181.50"
14-Sep-11,"19,045.44"
12-Sep-11,"19,030.54"
9-Sep-11,"19,866.63"
8-Sep-11,"19,912.82"
7-Sep-11,"20,048.00"
6-Sep-11,"19,710.50"
5-Sep-11,"19,616.40"
2-Sep-11,"20,212.91"
1-Sep-11,"20,585.33"
31-Aug-11,"20,534.85"
30-Aug-11,"20,204.17"
29-Aug-11,"19,865.11"
26-Aug-11,"19,582.88"
25-Aug-11,"19,752.48"
24-Aug-11,"19,466.79"
23-Aug-11,"19,875.53"
22-Aug-11,"19,486.87"
19-Aug-11,"19,399.92"
18-Aug-11,"20,016.27"
17-Aug-11,"20,289.03"
16-Aug-11,"20,212.08"
15-Aug-11,"20,260.10"
12-Aug-11,"19,620.01"
11-Aug-11,"19,595.14"
10-Aug-11,"19,783.67"
9-Aug-11,"19,330.70"
8-Aug-11,"20,490.57"
5-Aug-11,"20,946.14"
4-Aug-11,"21,884.74"
3-Aug-11,"21,992.72"
2-Aug-11,"22,421.46"
1-Aug-11,"22,663.37"
29-Jul-11,"22,440.25"
28-Jul-11,"22,570.74"
27-Jul-11,"22,541.69"
26-Jul-11,"22,572.08"
25-Jul-11,"22,293.29"
22-Jul-11,"22,444.80"
21-Jul-11,"21,987.29"
20-Jul-11,"22,003.69"
19-Jul-11,"21,902.40"
18-Jul-11,"21,778.00"
15-Jul-11,"21,875.38"
14-Jul-11,"21,940.20"
13-Jul-11,"21,926.88"
12-Jul-11,"21,663.16"
11-Jul-11,"22,347.23"
8-Jul-11,"22,726.43"
7-Jul-11,"22,530.18"
6-Jul-11,"22,517.55"
5-Jul-11,"22,747.95"
4-Jul-11,"22,770.47"
30-Jun-11,"22,398.10"
29-Jun-11,"22,061.18"
28-Jun-11,"22,061.78"
27-Jun-11,"22,041.77"
24-Jun-11,"22,171.95"
23-Jun-11,"21,759.14"
22-Jun-11,"21,859.97"
21-Jun-11,"21,850.59"
20-Jun-11,"21,599.51"
17-Jun-11,"21,695.26"
16-Jun-11,"21,953.11"
15-Jun-11,"22,343.77"
14-Jun-11,"22,496.00"
13-Jun-11,"22,508.08"
10-Jun-11,"22,420.37"
9-Jun-11,"22,609.83"
8-Jun-11,"22,661.63"
7-Jun-11,"22,883.27"
3-Jun-11,"22,949.56"
2-Jun-11,"23,253.84"
1-Jun-11,"23,626.43"
31-May-11,"23,684.13"
30-May-11,"23,184.32"
27-May-11,"23,118.07"
26-May-11,"22,900.79"
25-May-11,"22,747.28"
24-May-11,"22,730.78"
23-May-11,"22,711.02"
20-May-11,"23,199.39"
19-May-11,"23,163.38"
18-May-11,"23,011.14"
17-May-11,"22,901.08"
16-May-11,"22,960.63"
13-May-11,"23,276.27"
12-May-11,"23,073.76"
11-May-11,"23,291.80"
9-May-11,"23,336.00"
6-May-11,"23,159.14"
5-May-11,"23,259.41"
4-May-11,"23,323.91"
3-May-11,"23,633.25"
29-Apr-11,"23,720.81"
28-Apr-11,"23,805.63"
27-Apr-11,"23,892.84"
26-Apr-11,"24,007.38"
21-Apr-11,"24,138.31"
20-Apr-11,"23,896.10"
19-Apr-11,"23,520.62"
18-Apr-11,"23,830.31"
15-Apr-11,"24,008.07"
14-Apr-11,"24,014.00"
13-Apr-11,"24,135.03"
12-Apr-11,"23,976.37"
11-Apr-11,"24,303.07"
8-Apr-11,"24,396.07"
7-Apr-11,"24,281.80"
6-Apr-11,"24,285.05"
4-Apr-11,"24,150.58"
1-Apr-11,"23,801.90"
31-Mar-11,"23,527.52"
30-Mar-11,"23,451.43"
29-Mar-11,"23,060.36"
28-Mar-11,"23,068.19"
25-Mar-11,"23,158.67"
24-Mar-11,"22,915.28"
23-Mar-11,"22,825.40"
22-Mar-11,"22,857.90"
21-Mar-11,"22,685.22"
18-Mar-11,"22,300.23"
17-Mar-11,"22,284.43"
16-Mar-11,"22,700.88"
15-Mar-11,"22,678.25"
14-Mar-11,"23,345.88"
11-Mar-11,"23,249.78"
10-Mar-11,"23,614.89"
9-Mar-11,"23,810.11"
8-Mar-11,"23,711.70"
7-Mar-11,"23,313.19"
4-Mar-11,"23,408.86"
3-Mar-11,"23,122.42"
2-Mar-11,"23,048.66"
1-Mar-11,"23,396.42"
28-Feb-11,"23,338.02"
25-Feb-11,"23,012.37"
24-Feb-11,"22,601.04"
23-Feb-11,"22,906.90"
22-Feb-11,"22,990.81"
21-Feb-11,"23,485.42"
18-Feb-11,"23,595.24"
17-Feb-11,"23,301.84"
16-Feb-11,"23,156.97"
15-Feb-11,"22,899.78"
14-Feb-11,"23,121.06"
11-Feb-11,"22,828.92"
10-Feb-11,"22,708.62"
9-Feb-11,"23,164.03"
8-Feb-11,"23,484.30"
7-Feb-11,"23,553.59"
2-Feb-11,"23,908.96"
1-Feb-11,"23,482.95"
31-Jan-11,"23,447.34"
28-Jan-11,"23,617.02"
27-Jan-11,"23,779.62"
26-Jan-11,"23,843.24"
25-Jan-11,"23,788.83"
24-Jan-11,"23,801.78"
21-Jan-11,"23,876.86"
20-Jan-11,"24,003.70"
19-Jan-11,"24,419.62"
18-Jan-11,"24,153.98"
17-Jan-11,"24,156.97"
14-Jan-11,"24,283.23"
13-Jan-11,"24,238.98"
12-Jan-11,"24,125.61"
11-Jan-11,"23,760.34"
10-Jan-11,"23,527.26"
7-Jan-11,"23,686.63"
6-Jan-11,"23,786.30"
5-Jan-11,"23,757.82"
4-Jan-11,"23,668.48"
3-Jan-11,"23,436.05"
31-Dec-10,"23,035.45"
30-Dec-10,"22,999.34"
29-Dec-10,"22,969.30"
28-Dec-10,"22,621.73"
24-Dec-10,"22,833.80"
23-Dec-10,"22,902.97"
22-Dec-10,"23,045.19"
21-Dec-10,"22,993.86"
20-Dec-10,"22,639.08"
17-Dec-10,"22,714.85"
16-Dec-10,"22,668.78"
15-Dec-10,"22,975.35"
14-Dec-10,"23,431.19"
13-Dec-10,"23,317.61"
10-Dec-10,"23,162.91"
9-Dec-10,"23,171.80"
8-Dec-10,"23,092.52"
7-Dec-10,"23,428.15"
6-Dec-10,"23,237.69"
3-Dec-10,"23,320.52"
2-Dec-10,"23,448.78"
1-Dec-10,"23,249.80"
30-Nov-10,"23,007.99"
29-Nov-10,"23,166.22"
26-Nov-10,"22,877.25"
25-Nov-10,"23,054.68"
24-Nov-10,"23,023.86"
23-Nov-10,"22,896.14"
22-Nov-10,"23,524.02"
19-Nov-10,"23,605.71"
18-Nov-10,"23,637.39"
17-Nov-10,"23,214.46"
16-Nov-10,"23,693.02"
15-Nov-10,"24,027.18"
12-Nov-10,"24,222.58"
11-Nov-10,"24,700.30"
10-Nov-10,"24,500.61"
9-Nov-10,"24,710.60"
8-Nov-10,"24,964.37"
5-Nov-10,"24,876.82"
4-Nov-10,"24,535.63"
3-Nov-10,"24,144.67"
2-Nov-10,"23,671.42"
1-Nov-10,"23,652.94"
29-Oct-10,"23,096.32"
28-Oct-10,"23,210.86"
27-Oct-10,"23,164.58"
26-Oct-10,"23,601.24"
25-Oct-10,"23,627.91"
22-Oct-10,"23,517.54"
21-Oct-10,"23,649.48"
20-Oct-10,"23,556.50"
19-Oct-10,"23,763.73"
18-Oct-10,"23,469.38"
15-Oct-10,"23,757.63"
14-Oct-10,"23,852.17"
13-Oct-10,"23,457.69"
12-Oct-10,"23,121.70"
11-Oct-10,"23,207.31"
8-Oct-10,"22,944.18"
7-Oct-10,"22,884.32"
6-Oct-10,"22,880.41"
5-Oct-10,"22,639.14"
4-Oct-10,"22,618.66"
30-Sep-10,"22,358.17"
29-Sep-10,"22,378.67"
28-Sep-10,"22,109.95"
27-Sep-10,"22,340.84"
24-Sep-10,"22,119.43"
22-Sep-10,"22,047.71"
21-Sep-10,"22,002.59"
20-Sep-10,"21,977.34"
17-Sep-10,"21,970.86"
16-Sep-10,"21,691.45"
15-Sep-10,"21,725.64"
14-Sep-10,"21,696.04"
13-Sep-10,"21,658.35"
10-Sep-10,"21,257.39"
9-Sep-10,"21,167.27"
8-Sep-10,"21,088.86"
7-Sep-10,"21,401.79"
6-Sep-10,"21,355.77"
3-Sep-10,"20,971.50"
2-Sep-10,"20,868.92"
1-Sep-10,"20,623.83"
31-Aug-10,"20,433.50"
30-Aug-10,"20,737.22"
27-Aug-10,"20,597.35"
26-Aug-10,"20,612.06"
25-Aug-10,"20,634.98"
24-Aug-10,"20,658.71"
23-Aug-10,"20,889.01"
20-Aug-10,"20,981.82"
19-Aug-10,"21,072.46"
18-Aug-10,"21,022.73"
17-Aug-10,"21,137.43"
16-Aug-10,"21,112.12"
13-Aug-10,"21,071.57"
12-Aug-10,"21,105.71"
11-Aug-10,"21,294.54"
10-Aug-10,"21,473.60"
9-Aug-10,"21,801.59"
6-Aug-10,"21,678.80"
5-Aug-10,"21,551.72"
4-Aug-10,"21,549.88"
3-Aug-10,"21,457.66"
2-Aug-10,"21,412.79"
30-Jul-10,"21,029.81"
29-Jul-10,"21,093.82"
28-Jul-10,"21,091.18"
27-Jul-10,"20,973.39"
26-Jul-10,"20,839.91"
23-Jul-10,"20,815.33"
22-Jul-10,"20,589.70"
21-Jul-10,"20,449.17"
20-Jul-10,"20,264.59"
19-Jul-10,"20,036.50"
16-Jul-10,"20,250.16"
15-Jul-10,"20,255.62"
14-Jul-10,"20,560.81"
13-Jul-10,"20,431.06"
12-Jul-10,"20,467.43"
9-Jul-10,"20,378.66"
8-Jul-10,"20,050.56"
7-Jul-10,"19,857.07"
6-Jul-10,"20,084.12"
5-Jul-10,"19,842.20"
2-Jul-10,"19,905.32"
1-Jul-10,"20,128.99"
30-Jun-10,"20,128.99"
29-Jun-10,"20,248.90"
28-Jun-10,"20,726.68"
25-Jun-10,"20,690.79"
24-Jun-10,"20,733.49"
23-Jun-10,"20,856.61"
22-Jun-10,"20,819.08"
21-Jun-10,"20,912.18"
18-Jun-10,"20,286.71"
17-Jun-10,"20,138.40"
15-Jun-10,"20,062.15"
14-Jun-10,"20,051.91"
11-Jun-10,"19,872.38"
10-Jun-10,"19,632.70"
9-Jun-10,"19,621.24"
8-Jun-10,"19,487.48"
7-Jun-10,"19,378.15"
4-Jun-10,"19,780.07"
3-Jun-10,"19,786.71"
2-Jun-10,"19,471.80"
1-Jun-10,"19,496.95"
31-May-10,"19,765.19"
28-May-10,"19,766.71"
27-May-10,"19,431.37"
26-May-10,"19,196.45"
25-May-10,"18,985.50"
24-May-10,"19,667.76"
20-May-10,"19,545.83"
19-May-10,"19,578.98"
18-May-10,"19,944.94"
17-May-10,"19,715.20"
14-May-10,"20,145.43"
13-May-10,"20,422.46"
12-May-10,"20,212.49"
11-May-10,"20,146.51"
10-May-10,"20,426.64"
7-May-10,"19,920.29"
6-May-10,"20,133.41"
5-May-10,"20,327.54"
4-May-10,"20,763.05"
3-May-10,"20,811.36"
30-Apr-10,"21,108.59"
29-Apr-10,"20,778.92"
28-Apr-10,"20,949.40"
27-Apr-10,"21,261.79"
26-Apr-10,"21,587.06"
23-Apr-10,"21,244.49"
22-Apr-10,"21,454.94"
21-Apr-10,"21,510.93"
20-Apr-10,"21,623.38"
19-Apr-10,"21,405.17"
16-Apr-10,"21,865.26"
15-Apr-10,"22,157.82"
14-Apr-10,"22,121.43"
13-Apr-10,"22,103.53"
12-Apr-10,"22,138.17"
9-Apr-10,"22,208.50"
8-Apr-10,"21,867.04"
7-Apr-10,"21,928.77"
6-Apr-10,"21,537.00"
5-Apr-10,"21,537.00"
1-Apr-10,"21,537.00"
31-Mar-10,"21,239.35"
30-Mar-10,"21,374.79"
29-Mar-10,"21,237.43"
26-Mar-10,"21,053.11"
25-Mar-10,"20,778.55"
24-Mar-10,"21,008.62"
23-Mar-10,"20,987.78"
22-Mar-10,"20,933.25"
19-Mar-10,"21,370.82"
18-Mar-10,"21,330.67"
17-Mar-10,"21,384.49"
16-Mar-10,"21,022.93"
15-Mar-10,"21,079.10"
12-Mar-10,"21,209.74"
11-Mar-10,"21,228.20"
10-Mar-10,"21,208.29"
9-Mar-10,"21,207.55"
8-Mar-10,"21,196.87"
5-Mar-10,"20,787.97"
4-Mar-10,"20,575.78"
3-Mar-10,"20,876.79"
2-Mar-10,"20,906.11"
1-Mar-10,"21,056.93"
26-Feb-10,"20,608.70"
25-Feb-10,"20,399.57"
24-Feb-10,"20,467.74"
23-Feb-10,"20,623.00"
22-Feb-10,"20,377.27"
19-Feb-10,"19,894.02"
18-Feb-10,"20,422.15"
17-Feb-10,"20,534.01"
12-Feb-10,"20,268.69"
11-Feb-10,"20,290.69"
10-Feb-10,"19,922.22"
9-Feb-10,"19,790.28"
8-Feb-10,"19,550.89"
5-Feb-10,"19,665.08"
4-Feb-10,"20,341.64"
3-Feb-10,"20,722.08"
2-Feb-10,"20,272.18"
1-Feb-10,"20,243.75"
29-Jan-10,"20,121.99"
28-Jan-10,"20,356.37"
27-Jan-10,"20,033.07"
26-Jan-10,"20,109.33"
25-Jan-10,"20,598.55"
22-Jan-10,"20,726.18"
21-Jan-10,"20,862.67"
20-Jan-10,"21,286.17"
19-Jan-10,"21,677.98"
18-Jan-10,"21,460.01"
15-Jan-10,"21,654.16"
14-Jan-10,"21,716.95"
13-Jan-10,"21,748.60"
12-Jan-10,"22,326.64"
11-Jan-10,"22,411.52"
8-Jan-10,"22,296.75"
7-Jan-10,"22,269.45"
6-Jan-10,"22,416.67"
5-Jan-10,"22,279.58"
4-Jan-10,"21,823.28"
31-Dec-09,"21,872.50"
30-Dec-09,"21,496.62"
29-Dec-09,"21,499.44"
28-Dec-09,"21,480.22"
24-Dec-09,"21,517.00"
23-Dec-09,"21,328.74"
22-Dec-09,"21,092.04"
21-Dec-09,"20,948.10"
18-Dec-09,"21,175.88"
17-Dec-09,"21,347.63"
16-Dec-09,"21,611.74"
15-Dec-09,"21,813.92"
14-Dec-09,"22,085.75"
11-Dec-09,"21,902.11"
10-Dec-09,"21,700.04"
9-Dec-09,"21,741.76"
8-Dec-09,"22,060.52"
7-Dec-09,"22,324.96"
4-Dec-09,"22,498.15"
3-Dec-09,"22,553.87"
2-Dec-09,"22,289.57"
1-Dec-09,"22,113.15"
30-Nov-09,"21,821.50"
27-Nov-09,"21,134.50"
26-Nov-09,"22,210.41"
25-Nov-09,"22,611.80"
24-Nov-09,"22,423.14"
23-Nov-09,"22,771.39"
20-Nov-09,"22,455.84"
19-Nov-09,"22,643.16"
18-Nov-09,"22,840.33"
17-Nov-09,"22,914.15"
16-Nov-09,"22,943.98"
13-Nov-09,"22,553.63"
12-Nov-09,"22,397.57"
11-Nov-09,"22,627.21"
10-Nov-09,"22,268.16"
9-Nov-09,"22,207.55"
6-Nov-09,"21,829.72"
5-Nov-09,"21,479.08"
4-Nov-09,"21,614.77"
3-Nov-09,"21,240.06"
2-Nov-09,"21,620.19"
30-Oct-09,"21,752.87"
29-Oct-09,"21,264.99"
28-Oct-09,"21,761.58"
27-Oct-09,"22,169.59"
26-Oct-09,"22,589.73"
23-Oct-09,"22,589.73"
22-Oct-09,"22,210.52"
21-Oct-09,"22,318.11"
20-Oct-09,"22,384.96"
19-Oct-09,"22,200.46"
16-Oct-09,"21,929.90"
15-Oct-09,"21,999.08"
14-Oct-09,"21,886.48"
13-Oct-09,"21,467.36"
12-Oct-09,"21,299.35"
9-Oct-09,"21,499.44"
8-Oct-09,"21,492.90"
7-Oct-09,"21,241.59"
6-Oct-09,"20,811.53"
5-Oct-09,"20,429.07"
2-Oct-09,"20,375.49"
1-Oct-09,"20,955.25"
30-Sep-09,"20,955.25"
29-Sep-09,"21,013.17"
28-Sep-09,"20,588.41"
25-Sep-09,"21,024.40"
24-Sep-09,"21,050.73"
23-Sep-09,"21,595.52"
22-Sep-09,"21,701.14"
21-Sep-09,"21,472.85"
18-Sep-09,"21,623.45"
17-Sep-09,"21,768.51"
16-Sep-09,"21,402.92"
15-Sep-09,"20,866.37"
14-Sep-09,"20,932.20"
11-Sep-09,"21,161.42"
10-Sep-09,"21,069.56"
9-Sep-09,"20,851.04"
8-Sep-09,"21,069.81"
7-Sep-09,"20,629.31"
4-Sep-09,"20,318.62"
3-Sep-09,"19,761.68"
2-Sep-09,"19,522.00"
1-Sep-09,"19,872.30"
31-Aug-09,"19,724.19"
28-Aug-09,"20,098.62"
27-Aug-09,"20,242.75"
26-Aug-09,"20,456.32"
25-Aug-09,"20,435.24"
24-Aug-09,"20,535.94"
21-Aug-09,"20,199.02"
20-Aug-09,"20,328.86"
19-Aug-09,"19,954.23"
18-Aug-09,"20,306.27"
17-Aug-09,"20,137.65"
14-Aug-09,"20,893.33"
13-Aug-09,"20,861.30"
12-Aug-09,"20,435.24"
11-Aug-09,"21,074.21"
10-Aug-09,"20,929.52"
7-Aug-09,"20,375.37"
6-Aug-09,"20,899.24"
5-Aug-09,"20,494.77"
4-Aug-09,"20,796.43"
3-Aug-09,"20,807.26"
31-Jul-09,"20,573.33"
30-Jul-09,"20,234.08"
29-Jul-09,"20,135.50"
28-Jul-09,"20,624.54"
27-Jul-09,"20,251.62"
24-Jul-09,"19,982.79"
23-Jul-09,"19,817.70"
22-Jul-09,"19,248.17"
21-Jul-09,"19,501.73"
20-Jul-09,"19,502.37"
17-Jul-09,"18,805.66"
16-Jul-09,"18,361.87"
15-Jul-09,"18,258.66"
14-Jul-09,"17,885.73"
13-Jul-09,"17,254.63"
10-Jul-09,"17,708.42"
9-Jul-09,"17,790.59"
8-Jul-09,"17,721.07"
7-Jul-09,"17,862.27"
6-Jul-09,"17,979.41"
3-Jul-09,"18,203.40"
2-Jul-09,"18,178.05"
30-Jun-09,"18,378.73"
29-Jun-09,"18,528.51"
26-Jun-09,"18,600.26"
25-Jun-09,"18,275.03"
24-Jun-09,"17,892.15"
23-Jun-09,"17,538.37"
22-Jun-09,"18,059.55"
19-Jun-09,"17,920.93"
18-Jun-09,"17,776.66"
17-Jun-09,"18,084.60"
16-Jun-09,"18,165.50"
15-Jun-09,"18,498.96"
12-Jun-09,"18,889.68"
11-Jun-09,"18,791.03"
10-Jun-09,"18,785.66"
9-Jun-09,"18,058.49"
8-Jun-09,"18,253.39"
5-Jun-09,"18,679.53"
4-Jun-09,"18,502.77"
3-Jun-09,"18,576.47"
2-Jun-09,"18,389.08"
1-Jun-09,"18,888.59"
29-May-09,"18,171.00"
27-May-09,"17,885.27"
26-May-09,"16,991.56"
25-May-09,"17,121.82"
22-May-09,"17,062.52"
21-May-09,"17,199.49"
20-May-09,"17,475.84"
19-May-09,"17,544.03"
18-May-09,"17,022.91"
15-May-09,"16,790.70"
14-May-09,"16,541.69"
13-May-09,"17,059.62"
12-May-09,"17,153.64"
11-May-09,"17,087.95"
8-May-09,"17,389.87"
7-May-09,"17,217.89"
6-May-09,"16,834.57"
5-May-09,"16,430.08"
4-May-09,"16,381.05"
1-May-09,"15,520.99"
30-Apr-09,"15,520.99"
29-Apr-09,"14,956.95"
28-Apr-09,"14,555.11"
27-Apr-09,"14,840.42"
24-Apr-09,"15,258.85"
23-Apr-09,"15,214.46"
22-Apr-09,"14,878.45"
21-Apr-09,"15,285.89"
20-Apr-09,"15,750.91"
17-Apr-09,"15,601.27"
16-Apr-09,"15,582.99"
15-Apr-09,"15,669.62"
14-Apr-09,"15,580.16"
13-Apr-09,"14,901.41"
9-Apr-09,"14,901.41"
8-Apr-09,"14,474.86"
7-Apr-09,"14,928.97"
6-Apr-09,"14,998.04"
3-Apr-09,"14,545.69"
2-Apr-09,"14,521.97"
1-Apr-09,"13,519.54"
31-Mar-09,"13,576.02"
30-Mar-09,"13,456.33"
27-Mar-09,"14,119.50"
26-Mar-09,"14,108.98"
25-Mar-09,"13,622.11"
24-Mar-09,"13,910.34"
23-Mar-09,"13,447.42"
20-Mar-09,"12,833.51"
19-Mar-09,"13,130.92"
18-Mar-09,"13,117.17"
17-Mar-09,"12,878.09"
16-Mar-09,"12,976.71"
13-Mar-09,"12,525.80"
12-Mar-09,"12,001.53"
11-Mar-09,"11,930.66"
10-Mar-09,"11,694.05"
9-Mar-09,"11,344.58"
6-Mar-09,"11,921.52"
5-Mar-09,"12,211.24"
4-Mar-09,"12,331.15"
3-Mar-09,"12,033.88"
2-Mar-09,"12,317.46"
27-Feb-09,"12,811.57"
26-Feb-09,"12,894.94"
25-Feb-09,"13,005.08"
24-Feb-09,"12,798.52"
23-Feb-09,"13,175.10"
20-Feb-09,"12,699.17"
19-Feb-09,"13,023.36"
18-Feb-09,"13,016.00"
17-Feb-09,"12,945.40"
16-Feb-09,"13,455.88"
13-Feb-09,"13,554.67"
12-Feb-09,"13,228.30"
11-Feb-09,"13,539.21"
10-Feb-09,"13,880.64"
9-Feb-09,"13,769.06"
6-Feb-09,"13,655.04"
5-Feb-09,"13,178.90"
4-Feb-09,"13,063.89"
3-Feb-09,"12,776.89"
2-Feb-09,"12,861.49"
30-Jan-09,"13,278.21"
29-Jan-09,"13,154.43"
23-Jan-09,"12,578.60"
22-Jan-09,"12,657.99"
21-Jan-09,"12,583.63"
20-Jan-09,"12,959.77"
19-Jan-09,"13,339.99"
16-Jan-09,"13,255.51"
15-Jan-09,"13,242.96"
14-Jan-09,"13,704.61"
13-Jan-09,"13,668.05"
12-Jan-09,"13,971.00"
9-Jan-09,"14,377.44"
8-Jan-09,"14,415.91"
7-Jan-09,"14,987.46"
6-Jan-09,"15,509.51"
5-Jan-09,"15,563.31"
2-Jan-09,"15,042.81"
31-Dec-08,"14,387.48"
30-Dec-08,"14,235.50"
29-Dec-08,"14,328.48"
26-Dec-08,"14,184.14"
24-Dec-08,"14,184.14"
23-Dec-08,"14,220.79"
22-Dec-08,"14,622.39"
19-Dec-08,"15,127.51"
18-Dec-08,"15,497.81"
17-Dec-08,"15,460.52"
16-Dec-08,"15,130.21"
15-Dec-08,"15,046.95"
12-Dec-08,"14,758.39"
11-Dec-08,"15,613.90"
10-Dec-08,"15,577.74"
9-Dec-08,"14,753.22"
8-Dec-08,"15,044.87"
5-Dec-08,"13,846.09"
4-Dec-08,"13,509.78"
3-Dec-08,"13,588.66"
2-Dec-08,"13,405.85"
1-Dec-08,"14,108.84"
28-Nov-08,"13,888.24"
27-Nov-08,"13,552.06"
26-Nov-08,"13,369.45"
25-Nov-08,"12,878.60"
24-Nov-08,"12,457.94"
21-Nov-08,"12,659.20"
20-Nov-08,"12,298.56"
19-Nov-08,"12,815.80"
18-Nov-08,"12,915.89"
17-Nov-08,"13,529.53"
14-Nov-08,"13,542.66"
13-Nov-08,"13,221.35"
12-Nov-08,"13,939.09"
11-Nov-08,"14,040.90"
10-Nov-08,"14,744.63"
7-Nov-08,"14,243.43"
6-Nov-08,"13,790.04"
5-Nov-08,"14,840.16"
4-Nov-08,"14,384.34"
3-Nov-08,"14,344.37"
31-Oct-08,"13,968.67"
30-Oct-08,"14,329.85"
29-Oct-08,"12,702.07"
28-Oct-08,"12,596.29"
27-Oct-08,"11,015.84"
24-Oct-08,"12,618.38"
23-Oct-08,"13,760.49"
22-Oct-08,"14,266.60"
21-Oct-08,"15,041.17"
20-Oct-08,"15,323.01"
17-Oct-08,"14,554.21"
16-Oct-08,"15,230.52"
15-Oct-08,"15,998.30"
14-Oct-08,"16,832.88"
13-Oct-08,"16,312.16"
10-Oct-08,"14,796.87"
9-Oct-08,"15,943.24"
8-Oct-08,"15,431.73"
7-Oct-08,"16,803.76"
6-Oct-08,"16,803.76"
3-Oct-08,"17,682.40"
2-Oct-08,"18,211.11"
30-Sep-08,"18,016.21"
29-Sep-08,"17,880.68"
26-Sep-08,"18,682.09"
25-Sep-08,"18,934.43"
24-Sep-08,"18,961.99"
23-Sep-08,"18,872.85"
22-Sep-08,"19,632.20"
19-Sep-08,"19,327.73"
18-Sep-08,"17,632.46"
17-Sep-08,"17,637.19"
16-Sep-08,"18,300.61"
12-Sep-08,"19,352.90"
11-Sep-08,"19,388.72"
10-Sep-08,"19,999.78"
9-Sep-08,"20,491.11"
8-Sep-08,"20,794.27"
5-Sep-08,"19,933.28"
4-Sep-08,"20,389.48"
3-Sep-08,"20,585.06"
2-Sep-08,"21,042.46"
1-Sep-08,"20,906.31"
29-Aug-08,"21,261.89"
28-Aug-08,"20,972.29"
27-Aug-08,"21,464.72"
26-Aug-08,"21,056.66"
25-Aug-08,"21,104.79"
22-Aug-08,"20,392.06"
21-Aug-08,"20,392.06"
20-Aug-08,"20,931.26"
19-Aug-08,"20,484.37"
18-Aug-08,"20,930.67"
15-Aug-08,"21,160.58"
14-Aug-08,"21,392.71"
13-Aug-08,"21,293.32"
12-Aug-08,"21,640.89"
11-Aug-08,"21,859.34"
8-Aug-08,"21,885.21"
7-Aug-08,"22,104.20"
5-Aug-08,"21,949.75"
4-Aug-08,"22,514.92"
1-Aug-08,"22,862.60"
31-Jul-08,"22,731.10"
30-Jul-08,"22,690.60"
29-Jul-08,"22,258.00"
28-Jul-08,"22,687.21"
25-Jul-08,"22,740.71"
24-Jul-08,"23,087.72"
23-Jul-08,"23,134.55"
22-Jul-08,"22,527.48"
21-Jul-08,"22,532.90"
18-Jul-08,"21,874.19"
17-Jul-08,"21,734.72"
16-Jul-08,"21,223.50"
15-Jul-08,"21,174.77"
14-Jul-08,"22,014.46"
11-Jul-08,"22,184.55"
10-Jul-08,"21,821.78"
9-Jul-08,"21,805.81"
8-Jul-08,"21,220.81"
7-Jul-08,"21,913.06"
4-Jul-08,"21,423.82"
3-Jul-08,"21,242.78"
2-Jul-08,"21,704.45"
30-Jun-08,"22,102.01"
27-Jun-08,"22,042.35"
26-Jun-08,"22,455.67"
25-Jun-08,"22,635.16"
24-Jun-08,"22,456.02"
23-Jun-08,"22,714.96"
20-Jun-08,"22,745.60"
19-Jun-08,"22,797.61"
18-Jun-08,"23,325.80"
17-Jun-08,"23,057.99"
16-Jun-08,"23,029.69"
13-Jun-08,"22,592.30"
12-Jun-08,"23,023.86"
11-Jun-08,"23,327.60"
10-Jun-08,"23,375.52"
6-Jun-08,"24,402.18"
5-Jun-08,"24,255.29"
4-Jun-08,"24,123.25"
3-Jun-08,"24,375.76"
2-Jun-08,"24,831.36"
30-May-08,"24,533.12"
29-May-08,"24,383.99"
28-May-08,"24,249.51"
27-May-08,"24,282.04"
26-May-08,"24,127.31"
23-May-08,"24,714.07"
22-May-08,"25,043.12"
21-May-08,"25,460.29"
20-May-08,"25,169.46"
19-May-08,"25,742.23"
16-May-08,"25,618.86"
15-May-08,"25,513.71"
14-May-08,"25,533.48"
13-May-08,"25,552.77"
12-May-08,"25,063.17"
9-May-08,"25,063.17"
8-May-08,"25,449.79"
7-May-08,"25,610.21"
6-May-08,"26,262.13"
5-May-08,"26,183.95"
2-May-08,"26,241.02"
1-May-08,"25,755.35"
30-Apr-08,"25,755.35"
29-Apr-08,"25,914.15"
28-Apr-08,"25,666.29"
25-Apr-08,"25,516.78"
24-Apr-08,"25,680.78"
23-Apr-08,"25,289.24"
22-Apr-08,"24,939.15"
21-Apr-08,"24,721.67"
18-Apr-08,"24,197.78"
17-Apr-08,"24,258.96"
16-Apr-08,"23,878.35"
15-Apr-08,"23,901.33"
14-Apr-08,"23,811.20"
11-Apr-08,"24,667.79"
10-Apr-08,"24,187.10"
9-Apr-08,"23,984.57"
8-Apr-08,"24,311.69"
7-Apr-08,"24,578.76"
4-Apr-08,"24,264.63"
3-Apr-08,"24,264.63"
2-Apr-08,"23,872.43"
1-Apr-08,"23,137.46"
31-Mar-08,"22,849.20"
28-Mar-08,"23,285.95"
27-Mar-08,"22,664.22"
26-Mar-08,"22,617.01"
25-Mar-08,"22,464.52"
24-Mar-08,"21,108.22"
20-Mar-08,"21,108.22"
19-Mar-08,"21,866.94"
18-Mar-08,"21,384.61"
17-Mar-08,"21,084.61"
14-Mar-08,"22,237.11"
13-Mar-08,"22,301.64"
12-Mar-08,"23,422.76"
11-Mar-08,"22,995.35"
10-Mar-08,"22,705.05"
7-Mar-08,"22,501.33"
6-Mar-08,"23,342.73"
5-Mar-08,"23,114.34"
4-Mar-08,"23,119.87"
3-Mar-08,"23,584.97"
29-Feb-08,"24,331.67"
28-Feb-08,"24,591.69"
27-Feb-08,"24,483.84"
26-Feb-08,"23,714.75"
25-Feb-08,"23,269.14"
22-Feb-08,"23,305.04"
21-Feb-08,"23,623.00"
20-Feb-08,"23,590.58"
19-Feb-08,"24,123.17"
18-Feb-08,"23,759.25"
15-Feb-08,"24,148.43"
14-Feb-08,"24,021.68"
13-Feb-08,"23,169.55"
12-Feb-08,"22,921.67"
11-Feb-08,"22,616.11"
6-Feb-08,"23,469.46"
5-Feb-08,"24,808.70"
4-Feb-08,"25,032.08"
1-Feb-08,"24,123.58"
31-Jan-08,"23,455.74"
30-Jan-08,"23,653.69"
29-Jan-08,"24,291.80"
28-Jan-08,"24,053.61"
25-Jan-08,"25,122.37"
24-Jan-08,"23,539.27"
23-Jan-08,"24,090.17"
22-Jan-08,"21,757.63"
21-Jan-08,"23,818.86"
18-Jan-08,"25,201.87"
17-Jan-08,"25,114.98"
16-Jan-08,"24,450.85"
15-Jan-08,"25,837.78"
14-Jan-08,"26,468.13"
11-Jan-08,"26,867.01"
10-Jan-08,"27,230.86"
9-Jan-08,"27,615.85"
8-Jan-08,"27,112.90"
7-Jan-08,"27,179.49"
4-Jan-08,"27,519.69"
3-Jan-08,"26,887.28"
2-Jan-08,"27,560.52"
31-Dec-07,"27,812.65"
28-Dec-07,"27,370.60"
27-Dec-07,"27,842.93"
24-Dec-07,"28,128.80"
21-Dec-07,"27,626.92"
20-Dec-07,"27,017.09"
19-Dec-07,"27,029.26"
18-Dec-07,"26,732.87"
17-Dec-07,"26,596.58"
14-Dec-07,"27,563.64"
13-Dec-07,"27,744.45"
12-Dec-07,"28,521.06"
11-Dec-07,"29,226.84"
10-Dec-07,"28,501.10"
7-Dec-07,"28,842.47"
6-Dec-07,"29,558.92"
5-Dec-07,"29,345.45"
4-Dec-07,"28,879.59"
3-Dec-07,"28,658.42"
30-Nov-07,"28,643.61"
29-Nov-07,"28,482.54"
28-Nov-07,"27,371.24"
27-Nov-07,"27,210.21"
26-Nov-07,"27,626.62"
23-Nov-07,"26,541.09"
22-Nov-07,"26,004.92"
21-Nov-07,"26,618.19"
20-Nov-07,"27,771.21"
19-Nov-07,"27,460.17"
16-Nov-07,"27,614.43"
15-Nov-07,"28,751.21"
14-Nov-07,"29,166.01"
13-Nov-07,"27,803.35"
12-Nov-07,"27,665.73"
9-Nov-07,"28,783.41"
8-Nov-07,"28,760.22"
7-Nov-07,"29,708.93"
6-Nov-07,"29,438.13"
5-Nov-07,"28,942.32"
2-Nov-07,"30,468.34"
1-Nov-07,"31,492.88"
31-Oct-07,"31,352.58"
30-Oct-07,"31,638.22"
29-Oct-07,"31,586.90"
26-Oct-07,"30,405.22"
25-Oct-07,"29,854.49"
24-Oct-07,"29,333.53"
23-Oct-07,"29,376.86"
22-Oct-07,"28,373.63"
19-Oct-07,"29,465.05"
18-Oct-07,"29,465.05"
17-Oct-07,"29,298.71"
16-Oct-07,"28,954.55"
15-Oct-07,"29,540.78"
12-Oct-07,"28,838.37"
11-Oct-07,"29,133.02"
10-Oct-07,"28,569.33"
9-Oct-07,"28,228.04"
8-Oct-07,"27,770.29"
5-Oct-07,"27,831.52"
4-Oct-07,"26,973.98"
3-Oct-07,"27,479.94"
2-Oct-07,"28,199.75"
1-Oct-07,"27,142.47"
28-Sep-07,"27,142.47"
27-Sep-07,"27,065.15"
26-Sep-07,"26,430.29"
25-Sep-07,"26,430.29"
24-Sep-07,"26,551.94"
21-Sep-07,"25,843.78"
20-Sep-07,"25,701.13"
19-Sep-07,"25,554.64"
18-Sep-07,"24,576.85"
17-Sep-07,"24,599.34"
14-Sep-07,"24,898.11"
13-Sep-07,"24,537.02"
12-Sep-07,"24,310.14"
11-Sep-07,"23,952.24"
10-Sep-07,"23,999.70"
7-Sep-07,"23,982.61"
6-Sep-07,"24,050.40"
5-Sep-07,"24,069.17"
4-Sep-07,"23,886.07"
3-Sep-07,"23,904.09"
31-Aug-07,"23,984.14"
30-Aug-07,"23,484.54"
29-Aug-07,"23,020.60"
28-Aug-07,"23,363.76"
27-Aug-07,"23,577.73"
24-Aug-07,"22,921.89"
23-Aug-07,"22,966.97"
22-Aug-07,"22,346.88"
21-Aug-07,"21,729.35"
20-Aug-07,"21,595.63"
17-Aug-07,"20,387.13"
16-Aug-07,"20,672.39"
15-Aug-07,"21,375.72"
14-Aug-07,"22,007.32"
13-Aug-07,"21,891.10"
10-Aug-07,"21,792.71"
9-Aug-07,"22,439.36"
8-Aug-07,"22,536.67"
7-Aug-07,"21,907.99"
6-Aug-07,"21,936.73"
3-Aug-07,"22,538.44"
2-Aug-07,"22,443.25"
1-Aug-07,"22,455.36"
31-Jul-07,"23,184.94"
30-Jul-07,"22,739.90"
27-Jul-07,"22,570.41"
26-Jul-07,"23,211.69"
25-Jul-07,"23,362.18"
24-Jul-07,"23,472.88"
23-Jul-07,"23,365.56"
20-Jul-07,"23,291.90"
19-Jul-07,"23,016.20"
18-Jul-07,"22,841.92"
17-Jul-07,"23,057.30"
16-Jul-07,"22,953.94"
13-Jul-07,"23,099.29"
12-Jul-07,"22,809.02"
11-Jul-07,"22,607.02"
10-Jul-07,"22,885.84"
9-Jul-07,"22,817.43"
6-Jul-07,"22,531.74"
5-Jul-07,"22,252.99"
4-Jul-07,"22,218.55"
3-Jul-07,"22,151.14"
29-Jun-07,"21,772.73"
28-Jun-07,"21,938.22"
27-Jun-07,"21,705.56"
26-Jun-07,"21,803.57"
25-Jun-07,"21,822.35"
22-Jun-07,"21,999.91"
21-Jun-07,"21,954.67"
20-Jun-07,"21,684.67"
19-Jun-07,"21,582.89"
18-Jun-07,"21,582.89"
15-Jun-07,"21,017.05"
14-Jun-07,"20,867.26"
13-Jun-07,"20,578.75"
12-Jun-07,"20,636.39"
11-Jun-07,"20,615.49"
8-Jun-07,"20,509.15"
7-Jun-07,"20,800.16"
6-Jun-07,"20,818.61"
5-Jun-07,"20,842.15"
4-Jun-07,"20,729.59"
1-Jun-07,"20,602.87"
31-May-07,"20,634.47"
30-May-07,"20,293.76"
29-May-07,"20,469.59"
28-May-07,"20,529.76"
25-May-07,"20,520.66"
24-May-07,"20,798.97"
23-May-07,"20,798.97"
22-May-07,"20,843.92"
21-May-07,"20,927.75"
18-May-07,"20,904.84"
17-May-07,"20,994.61"
16-May-07,"20,937.26"
15-May-07,"20,868.15"
14-May-07,"20,979.24"
11-May-07,"20,468.21"
10-May-07,"20,746.27"
9-May-07,"20,844.78"
8-May-07,"20,706.35"
7-May-07,"20,896.64"
4-May-07,"20,841.08"
3-May-07,"20,681.58"
2-May-07,"20,388.49"
1-May-07,"20,318.98"
30-Apr-07,"20,318.98"
27-Apr-07,"20,526.50"
26-Apr-07,"20,667.29"
25-Apr-07,"20,536.78"
24-Apr-07,"20,572.80"
23-Apr-07,"20,556.57"
20-Apr-07,"20,566.59"
19-Apr-07,"20,299.71"
18-Apr-07,"20,777.09"
17-Apr-07,"20,788.61"
16-Apr-07,"20,757.53"
13-Apr-07,"20,340.97"
12-Apr-07,"20,380.21"
11-Apr-07,"20,449.43"
10-Apr-07,"20,347.87"
4-Apr-07,"20,209.71"
3-Apr-07,"20,002.70"
2-Apr-07,"19,809.70"
30-Mar-07,"19,800.93"
29-Mar-07,"19,821.78"
28-Mar-07,"19,553.87"
27-Mar-07,"19,706.79"
26-Mar-07,"19,765.85"
23-Mar-07,"19,692.64"
22-Mar-07,"19,690.25"
21-Mar-07,"19,516.41"
20-Mar-07,"19,356.90"
19-Mar-07,"19,266.74"
16-Mar-07,"18,953.50"
15-Mar-07,"18,969.44"
14-Mar-07,"18,836.93"
13-Mar-07,"19,333.14"
12-Mar-07,"19,442.42"
9-Mar-07,"19,134.88"
8-Mar-07,"19,175.17"
7-Mar-07,"18,918.64"
6-Mar-07,"19,058.56"
5-Mar-07,"18,664.88"
2-Mar-07,"19,442.01"
1-Mar-07,"19,346.60"
28-Feb-07,"19,651.51"
27-Feb-07,"20,147.87"
26-Feb-07,"20,507.95"
23-Feb-07,"20,711.65"
22-Feb-07,"20,809.23"
21-Feb-07,"20,651.42"
19-Feb-07,"20,567.91"
16-Feb-07,"20,567.91"
15-Feb-07,"20,538.42"
14-Feb-07,"20,209.91"
13-Feb-07,"20,132.25"
12-Feb-07,"20,593.41"
9-Feb-07,"20,677.66"
8-Feb-07,"20,735.05"
7-Feb-07,"20,679.69"
6-Feb-07,"20,655.20"
5-Feb-07,"20,455.62"
2-Feb-07,"20,563.68"
1-Feb-07,"20,430.16"
31-Jan-07,"20,106.42"
30-Jan-07,"20,460.46"
29-Jan-07,"20,236.68"
26-Jan-07,"20,281.13"
25-Jan-07,"20,669.83"
24-Jan-07,"20,821.05"
23-Jan-07,"20,769.70"
22-Jan-07,"20,772.22"
19-Jan-07,"20,327.72"
18-Jan-07,"20,277.51"
17-Jan-07,"20,064.57"
16-Jan-07,"20,027.95"
15-Jan-07,"20,068.56"
12-Jan-07,"19,613.41"
11-Jan-07,"19,385.37"
10-Jan-07,"19,568.34"
9-Jan-07,"19,898.08"
8-Jan-07,"20,029.66"
5-Jan-07,"20,211.28"
4-Jan-07,"20,025.58"
3-Jan-07,"20,413.39"
2-Jan-07,"20,310.18"
29-Dec-06,"19,964.72"
28-Dec-06,"20,001.91"
27-Dec-06,"19,725.73"
22-Dec-06,"19,320.52"
21-Dec-06,"19,222.84"
20-Dec-06,"19,240.12"
19-Dec-06,"18,964.55"
18-Dec-06,"19,192.91"
15-Dec-06,"19,110.65"
14-Dec-06,"18,919.40"
13-Dec-06,"18,718.19"
12-Dec-06,"18,907.17"
11-Dec-06,"18,924.66"
8-Dec-06,"18,739.99"
7-Dec-06,"18,842.99"
6-Dec-06,"19,026.36"
5-Dec-06,"18,944.19"
4-Dec-06,"18,702.73"
1-Dec-06,"18,690.82"
30-Nov-06,"18,960.48"
29-Nov-06,"18,780.93"
28-Nov-06,"18,639.53"
27-Nov-06,"19,204.01"
24-Nov-06,"19,260.30"
23-Nov-06,"19,265.32"
22-Nov-06,"19,250.79"
21-Nov-06,"19,008.30"
20-Nov-06,"18,954.63"
17-Nov-06,"19,182.71"
16-Nov-06,"19,154.07"
15-Nov-06,"19,093.00"
14-Nov-06,"18,878.42"
13-Nov-06,"18,868.54"
10-Nov-06,"18,891.14"
9-Nov-06,"18,952.86"
8-Nov-06,"18,811.24"
7-Nov-06,"18,939.31"
6-Nov-06,"18,936.55"
3-Nov-06,"18,749.69"
2-Nov-06,"18,714.78"
1-Nov-06,"18,453.65"
31-Oct-06,"18,324.35"
30-Oct-06,"18,297.55"
27-Oct-06,"18,297.55"
26-Oct-06,"18,353.74"
25-Oct-06,"18,157.94"
24-Oct-06,"18,153.41"
23-Oct-06,"18,089.85"
20-Oct-06,"18,113.55"
19-Oct-06,"17,986.97"
18-Oct-06,"18,048.09"
17-Oct-06,"18,014.84"
16-Oct-06,"18,010.20"
13-Oct-06,"17,988.86"
12-Oct-06,"17,873.09"
11-Oct-06,"17,862.79"
10-Oct-06,"17,823.70"
9-Oct-06,"17,675.24"
6-Oct-06,"17,903.39"
5-Oct-06,"17,907.67"
4-Oct-06,"17,629.21"
3-Oct-06,"17,606.53"
2-Oct-06,"17,543.05"
29-Sep-06,"17,543.05"
28-Sep-06,"17,530.57"
27-Sep-06,"17,521.51"
26-Sep-06,"17,308.08"
25-Sep-06,"17,546.04"
22-Sep-06,"17,600.65"
21-Sep-06,"17,619.97"
20-Sep-06,"17,512.96"
19-Sep-06,"17,346.70"
18-Sep-06,"17,387.21"
15-Sep-06,"17,237.65"
14-Sep-06,"17,183.45"
13-Sep-06,"17,210.04"
12-Sep-06,"17,075.40"
11-Sep-06,"16,948.59"
8-Sep-06,"17,145.76"
7-Sep-06,"17,096.44"
6-Sep-06,"17,258.51"
5-Sep-06,"17,438.80"
4-Sep-06,"17,513.88"
1-Sep-06,"17,423.72"
31-Aug-06,"17,392.27"
30-Aug-06,"17,284.71"
29-Aug-06,"17,083.28"
28-Aug-06,"16,922.29"
25-Aug-06,"16,955.45"
24-Aug-06,"16,883.04"
23-Aug-06,"17,088.39"
22-Aug-06,"17,149.75"
21-Aug-06,"17,007.88"
18-Aug-06,"17,330.70"
17-Aug-06,"17,373.05"
16-Aug-06,"17,451.03"
15-Aug-06,"17,274.07"
14-Aug-06,"17,290.01"
11-Aug-06,"17,249.95"
10-Aug-06,"17,222.14"
9-Aug-06,"17,346.58"
8-Aug-06,"17,048.20"
7-Aug-06,"16,953.55"
4-Aug-06,"16,887.80"
3-Aug-06,"17,048.42"
2-Aug-06,"17,032.75"
1-Aug-06,"16,911.37"
31-Jul-06,"16,971.34"
28-Jul-06,"16,955.04"
27-Jul-06,"16,916.77"
26-Jul-06,"16,617.24"
25-Jul-06,"16,583.86"
24-Jul-06,"16,480.59"
21-Jul-06,"16,464.18"
20-Jul-06,"16,472.62"
19-Jul-06,"16,097.54"
18-Jul-06,"16,043.94"
17-Jul-06,"16,064.82"
14-Jul-06,"16,135.71"
13-Jul-06,"16,305.48"
12-Jul-06,"16,522.21"
11-Jul-06,"16,490.13"
10-Jul-06,"16,603.81"
7-Jul-06,"16,459.78"
6-Jul-06,"16,440.99"
5-Jul-06,"16,267.18"
4-Jul-06,"16,368.98"
3-Jul-06,"16,326.66"
30-Jun-06,"16,267.62"
29-Jun-06,"15,865.22"
28-Jun-06,"15,742.66"
27-Jun-06,"15,774.70"
26-Jun-06,"15,804.81"
23-Jun-06,"15,808.81"
22-Jun-06,"15,826.70"
21-Jun-06,"15,659.36"
20-Jun-06,"15,608.97"
19-Jun-06,"15,768.86"
16-Jun-06,"15,842.65"
15-Jun-06,"15,435.08"
14-Jun-06,"15,247.92"
13-Jun-06,"15,234.42"
12-Jun-06,"15,621.44"
9-Jun-06,"15,628.69"
8-Jun-06,"15,450.11"
7-Jun-06,"15,816.55"
6-Jun-06,"15,973.11"
5-Jun-06,"16,016.23"
2-Jun-06,"15,912.71"
1-Jun-06,"15,645.27"
30-May-06,"15,857.89"
29-May-06,"15,963.77"
26-May-06,"15,895.10"
25-May-06,"15,696.89"
24-May-06,"15,822.64"
23-May-06,"15,864.56"
22-May-06,"15,805.52"
19-May-06,"16,313.36"
18-May-06,"16,266.52"
17-May-06,"16,615.55"
16-May-06,"16,393.11"
15-May-06,"16,494.84"
12-May-06,"16,901.85"
11-May-06,"17,140.78"
10-May-06,"17,080.59"
9-May-06,"17,133.99"
8-May-06,"17,301.79"
4-May-06,"17,013.93"
3-May-06,"17,026.98"
2-May-06,"16,868.04"
28-Apr-06,"16,661.30"
27-Apr-06,"16,742.85"
26-Apr-06,"16,672.66"
25-Apr-06,"16,577.77"
24-Apr-06,"16,705.67"
21-Apr-06,"16,912.15"
20-Apr-06,"16,944.34"
19-Apr-06,"16,830.44"
18-Apr-06,"16,637.53"
13-Apr-06,"16,429.45"
12-Apr-06,"16,310.76"
11-Apr-06,"16,475.81"
10-Apr-06,"16,521.59"
7-Apr-06,"16,471.78"
6-Apr-06,"16,411.13"
5-Apr-06,"16,100.09"
4-Apr-06,"16,100.09"
3-Apr-06,"16,063.75"
31-Mar-06,"15,805.04"
30-Mar-06,"15,880.69"
29-Mar-06,"15,745.11"
28-Mar-06,"15,856.58"
27-Mar-06,"15,815.87"
24-Mar-06,"15,716.46"
23-Mar-06,"15,771.17"
22-Mar-06,"15,642.81"
21-Mar-06,"15,922.75"
20-Mar-06,"15,929.95"
17-Mar-06,"15,801.66"
16-Mar-06,"15,729.04"
15-Mar-06,"15,720.36"
14-Mar-06,"15,519.76"
13-Mar-06,"15,542.07"
10-Mar-06,"15,445.05"
9-Mar-06,"15,510.13"
8-Mar-06,"15,493.09"
7-Mar-06,"15,602.36"
6-Mar-06,"15,811.83"
3-Mar-06,"15,802.00"
2-Mar-06,"15,882.45"
1-Mar-06,"15,818.09"
28-Feb-06,"15,918.48"
27-Feb-06,"15,949.89"
24-Feb-06,"15,856.05"
23-Feb-06,"15,812.53"
22-Feb-06,"15,635.72"
21-Feb-06,"15,627.24"
20-Feb-06,"15,598.67"
17-Feb-06,"15,475.69"
16-Feb-06,"15,450.88"
15-Feb-06,"15,423.26"
14-Feb-06,"15,420.32"
13-Feb-06,"15,312.09"
10-Feb-06,"15,425.95"
9-Feb-06,"15,413.43"
8-Feb-06,"15,373.44"
7-Feb-06,"15,517.01"
6-Feb-06,"15,548.06"
3-Feb-06,"15,429.73"
2-Feb-06,"15,691.69"
1-Feb-06,"15,742.30"
27-Jan-06,"15,753.14"
26-Jan-06,"15,520.07"
25-Jan-06,"15,520.39"
24-Jan-06,"15,530.57"
23-Jan-06,"15,464.77"
20-Jan-06,"15,662.08"
19-Jan-06,"15,670.42"
18-Jan-06,"15,481.21"
17-Jan-06,"15,576.20"
16-Jan-06,"15,777.72"
13-Jan-06,"15,787.97"
12-Jan-06,"15,719.37"
11-Jan-06,"15,650.88"
10-Jan-06,"15,569.91"
9-Jan-06,"15,547.43"
6-Jan-06,"15,344.44"
5-Jan-06,"15,271.13"
4-Jan-06,"15,200.06"
3-Jan-06,"14,944.77"
30-Dec-05,"14,876.43"
29-Dec-05,"15,045.59"
28-Dec-05,"15,101.54"
23-Dec-05,"15,183.58"
22-Dec-05,"15,182.53"
21-Dec-05,"15,221.42"
20-Dec-05,"15,169.17"
19-Dec-05,"15,182.89"
16-Dec-05,"15,029.81"
15-Dec-05,"15,059.02"
14-Dec-05,"14,976.26"
13-Dec-05,"14,942.62"
12-Dec-05,"14,984.40"
9-Dec-05,"14,910.51"
8-Dec-05,"14,879.16"
7-Dec-05,"15,134.95"
6-Dec-05,"14,990.61"
5-Dec-05,"15,158.82"
2-Dec-05,"15,200.38"
1-Dec-05,"15,068.03"
30-Nov-05,"14,937.14"
29-Nov-05,"15,028.76"
28-Nov-05,"15,100.00"
25-Nov-05,"15,081.47"
24-Nov-05,"15,084.39"
23-Nov-05,"15,062.35"
22-Nov-05,"14,885.65"
21-Nov-05,"14,885.57"
18-Nov-05,"14,883.32"
17-Nov-05,"14,787.98"
16-Nov-05,"14,650.54"
15-Nov-05,"14,627.41"
14-Nov-05,"14,629.49"
11-Nov-05,"14,740.60"
10-Nov-05,"14,633.33"
9-Nov-05,"14,597.55"
8-Nov-05,"14,403.20"
7-Nov-05,"14,365.79"
4-Nov-05,"14,585.79"
3-Nov-05,"14,601.59"
2-Nov-05,"14,597.48"
1-Nov-05,"14,572.26"
31-Oct-05,"14,386.37"
28-Oct-05,"14,215.83"
27-Oct-05,"14,381.06"
26-Oct-05,"14,458.14"
25-Oct-05,"14,424.88"
24-Oct-05,"14,402.35"
21-Oct-05,"14,487.85"
20-Oct-05,"14,408.94"
19-Oct-05,"14,372.76"
18-Oct-05,"14,597.40"
17-Oct-05,"14,541.35"
14-Oct-05,"14,485.88"
13-Oct-05,"14,621.83"
12-Oct-05,"14,575.02"
10-Oct-05,"14,898.77"
7-Oct-05,"14,847.79"
6-Oct-05,"14,839.30"
5-Oct-05,"15,161.03"
4-Oct-05,"15,382.21"
3-Oct-05,"15,394.39"
30-Sep-05,"15,428.52"
29-Sep-05,"15,431.25"
28-Sep-05,"15,221.46"
27-Sep-05,"15,189.88"
26-Sep-05,"15,274.31"
23-Sep-05,"15,143.97"
22-Sep-05,"15,179.95"
21-Sep-05,"15,223.62"
20-Sep-05,"15,241.86"
16-Sep-05,"14,983.20"
15-Sep-05,"15,041.02"
14-Sep-05,"15,086.62"
13-Sep-05,"15,070.56"
12-Sep-05,"15,199.79"
9-Sep-05,"15,165.77"
8-Sep-05,"15,166.17"
7-Sep-05,"15,224.57"
6-Sep-05,"15,160.78"
5-Sep-05,"15,227.83"
2-Sep-05,"15,221.89"
1-Sep-05,"15,143.75"
31-Aug-05,"14,903.55"
30-Aug-05,"14,922.22"
29-Aug-05,"14,836.97"
26-Aug-05,"14,982.89"
25-Aug-05,"14,889.10"
24-Aug-05,"14,873.85"
23-Aug-05,"14,973.89"
22-Aug-05,"15,218.63"
19-Aug-05,"15,038.61"
18-Aug-05,"15,148.09"
17-Aug-05,"15,449.58"
16-Aug-05,"15,443.62"
15-Aug-05,"15,466.06"
12-Aug-05,"15,450.95"
11-Aug-05,"15,445.20"
10-Aug-05,"15,346.41"
9-Aug-05,"15,047.84"
8-Aug-05,"15,108.94"
5-Aug-05,"15,051.32"
4-Aug-05,"15,111.54"
3-Aug-05,"15,118.50"
2-Aug-05,"15,137.08"
1-Aug-05,"14,978.88"
29-Jul-05,"14,880.98"
28-Jul-05,"14,813.32"
27-Jul-05,"14,801.86"
26-Jul-05,"14,769.93"
25-Jul-05,"14,794.03"
22-Jul-05,"14,786.46"
21-Jul-05,"14,620.14"
20-Jul-05,"14,602.70"
19-Jul-05,"14,567.74"
18-Jul-05,"14,567.00"
15-Jul-05,"14,504.29"
14-Jul-05,"14,491.54"
13-Jul-05,"14,307.30"
12-Jul-05,"14,146.95"
11-Jul-05,"14,157.24"
8-Jul-05,"13,964.47"
7-Jul-05,"14,030.81"
6-Jul-05,"14,149.93"
5-Jul-05,"14,124.80"
4-Jul-05,"14,177.87"
30-Jun-05,"14,201.06"
29-Jun-05,"14,277.28"
28-Jun-05,"14,287.44"
27-Jun-05,"14,176.04"
24-Jun-05,"14,230.29"
23-Jun-05,"14,190.44"
22-Jun-05,"14,161.02"
21-Jun-05,"13,979.35"
20-Jun-05,"13,945.77"
17-Jun-05,"13,912.03"
16-Jun-05,"13,833.53"
15-Jun-05,"13,914.30"
14-Jun-05,"13,904.81"
13-Jun-05,"13,952.02"
10-Jun-05,"13,934.76"
9-Jun-05,"13,898.31"
8-Jun-05,"13,898.55"
7-Jun-05,"13,837.29"
6-Jun-05,"13,860.55"
3-Jun-05,"13,818.45"
2-Jun-05,"13,814.58"
1-Jun-05,"13,873.07"
31-May-05,"13,867.07"
30-May-05,"13,845.10"
27-May-05,"13,714.78"
26-May-05,"13,569.99"
25-May-05,"13,562.06"
24-May-05,"13,719.32"
23-May-05,"13,699.13"
20-May-05,"13,717.42"
19-May-05,"13,698.93"
18-May-05,"13,627.01"
17-May-05,"13,667.03"
13-May-05,"13,866.81"
12-May-05,"13,968.28"
11-May-05,"13,939.80"
10-May-05,"14,018.38"
9-May-05,"14,085.09"
6-May-05,"14,033.96"
5-May-05,"14,061.70"
4-May-05,"13,945.05"
3-May-05,"13,893.98"
29-Apr-05,"13,908.97"
28-Apr-05,"13,909.42"
27-Apr-05,"13,839.64"
26-Apr-05,"13,859.58"
25-Apr-05,"13,750.23"
22-Apr-05,"13,693.55"
21-Apr-05,"13,597.31"
20-Apr-05,"13,501.63"
19-Apr-05,"13,444.09"
18-Apr-05,"13,355.23"
15-Apr-05,"13,638.75"
14-Apr-05,"13,772.40"
13-Apr-05,"13,799.62"
12-Apr-05,"13,658.05"
11-Apr-05,"13,659.93"
8-Apr-05,"13,666.72"
7-Apr-05,"13,602.35"
6-Apr-05,"13,562.26"
4-Apr-05,"13,513.41"
1-Apr-05,"13,491.35"
31-Mar-05,"13,516.88"
30-Mar-05,"13,425.75"
29-Mar-05,"13,411.88"
24-Mar-05,"13,597.10"
23-Mar-05,"13,603.61"
22-Mar-05,"13,776.47"
21-Mar-05,"13,834.35"
18-Mar-05,"13,828.37"
17-Mar-05,"13,817.99"
16-Mar-05,"13,832.52"
15-Mar-05,"13,816.75"
14-Mar-05,"13,906.85"
11-Mar-05,"13,890.93"
10-Mar-05,"13,856.02"
9-Mar-05,"13,941.47"
8-Mar-05,"13,881.71"
7-Mar-05,"13,771.95"
4-Mar-05,"13,730.78"
3-Mar-05,"13,892.37"
2-Mar-05,"13,850.78"
1-Mar-05,"14,061.15"
28-Feb-05,"14,195.35"
25-Feb-05,"14,157.09"
24-Feb-05,"14,060.91"
23-Feb-05,"13,957.94"
22-Feb-05,"14,090.52"
21-Feb-05,"14,111.65"
18-Feb-05,"14,087.87"
17-Feb-05,"13,967.82"
16-Feb-05,"14,015.49"
15-Feb-05,"13,995.83"
14-Feb-05,"14,017.23"
8-Feb-05,"13,845.63"
7-Feb-05,"13,795.00"
4-Feb-05,"13,585.17"
3-Feb-05,"13,515.33"
2-Feb-05,"13,555.80"
1-Feb-05,"13,578.26"
31-Jan-05,"13,721.69"
28-Jan-05,"13,650.06"
27-Jan-05,"13,628.91"
26-Jan-05,"13,623.68"
25-Jan-05,"13,584.06"
24-Jan-05,"13,386.99"
21-Jan-05,"13,481.02"
20-Jan-05,"13,543.59"
19-Jan-05,"13,678.63"
18-Jan-05,"13,604.22"
17-Jan-05,"13,621.65"
14-Jan-05,"13,494.78"
13-Jan-05,"13,573.28"
12-Jan-05,"13,565.31"
11-Jan-05,"13,509.25"
10-Jan-05,"13,531.39"
7-Jan-05,"13,574.86"
6-Jan-05,"13,712.04"
5-Jan-05,"13,764.36"
4-Jan-05,"14,045.90"
3-Jan-05,"14,237.42"
