Date,Volatility Index VIX
21-Jun-19,14.61
20-Jun-19,14
19-Jun-19,14.73
18-Jun-19,14.6
17-Jun-19,14.65
14-Jun-19,13.895
13-Jun-19,13.66
12-Jun-19,14.1225
11-Jun-19,14.49
10-Jun-19,14.975
7-Jun-19,14.8575
6-Jun-19,15.525
4-Jun-19,15.6275
3-Jun-19,15.9675
31-May-19,16.0675
30-May-19,15.61
29-May-19,16.4075
28-May-19,15.9225
27-May-19,16.19
24-May-19,16.4675
23-May-19,19.405
22-May-19,27.6325
21-May-19,25.6525
20-May-19,23.675
17-May-19,28.075
16-May-19,28.37
15-May-19,28.6575
14-May-19,27.1325
13-May-19,27.3825
10-May-19,26.335
9-May-19,25.485
8-May-19,26.365
7-May-19,26.4775
6-May-19,26.4325
3-May-19,24.0325
2-May-19,22.9825
30-Apr-19,21.8275
26-Apr-19,21.7175
25-Apr-19,23.2325
24-Apr-19,23.7125
23-Apr-19,24.645
22-Apr-19,24.05
18-Apr-19,22.735
16-Apr-19,21.6925
15-Apr-19,21.3875
12-Apr-19,20.9975
11-Apr-19,20.9575
10-Apr-19,21.13
9-Apr-19,20.28
8-Apr-19,20.1525
5-Apr-19,18.3925
4-Apr-19,18.65
3-Apr-19,18.7825
2-Apr-19,18.0825
1-Apr-19,18.005
29-Mar-19,17.185
28-Mar-19,16.6525
27-Mar-19,17.0475
26-Mar-19,16.485
25-Mar-19,16.6725
22-Mar-19,16.275
20-Mar-19,16.0325
19-Mar-19,16.4925
18-Mar-19,16.9
15-Mar-19,15.865
14-Mar-19,15.15
13-Mar-19,15.2775
12-Mar-19,15.0975
11-Mar-19,14.895
8-Mar-19,14.94
7-Mar-19,15.2925
6-Mar-19,15.61
5-Mar-19,15.6575
1-Mar-19,16.275
28-Feb-19,18.2775
27-Feb-19,18.8975
26-Feb-19,17.115
25-Feb-19,15.3575
22-Feb-19,15.45
21-Feb-19,16.0525
20-Feb-19,17.055
19-Feb-19,18.4675
18-Feb-19,18
15-Feb-19,16.46
14-Feb-19,15.7725
13-Feb-19,15.73
12-Feb-19,15.75
11-Feb-19,15.84
8-Feb-19,15.5675
7-Feb-19,15.435
6-Feb-19,15.63
5-Feb-19,15.78
4-Feb-19,15.7225
1-Feb-19,15.72
31-Jan-19,17.1225
30-Jan-19,17.85
29-Jan-19,18.4275
28-Jan-19,18.8975
25-Jan-19,17.69
24-Jan-19,17.435
23-Jan-19,18.085
22-Jan-19,17.985
21-Jan-19,18.1475
18-Jan-19,16.6175
17-Jan-19,16.2425
16-Jan-19,16.0775
15-Jan-19,15.5825
14-Jan-19,16.1575
11-Jan-19,15.3525
10-Jan-19,15.345
9-Jan-19,15.27
8-Jan-19,15.7
7-Jan-19,16.3025
4-Jan-19,16.1625
3-Jan-19,16.79
2-Jan-19,16.3875
1-Jan-19,15.325
31-Dec-18,16
28-Dec-18,15.27
27-Dec-18,16.0725
26-Dec-18,15.92
24-Dec-18,15.75
21-Dec-18,15.9925
20-Dec-18,14.3325
19-Dec-18,14.66
18-Dec-18,14.5775
17-Dec-18,14.54
14-Dec-18,15.1575
13-Dec-18,15.55
12-Dec-18,15.81
11-Dec-18,17.945
10-Dec-18,20.4375
7-Dec-18,18.59
6-Dec-18,19.305
5-Dec-18,18.39
4-Dec-18,18.1075
3-Dec-18,18.2225
30-Nov-18,19.1625
29-Nov-18,18.6975
28-Nov-18,17.96
27-Nov-18,18.315
26-Nov-18,20.4025
22-Nov-18,19.16
21-Nov-18,19.555
20-Nov-18,19.3275
19-Nov-18,19.255
16-Nov-18,18.35
15-Nov-18,18.455
14-Nov-18,18.825
13-Nov-18,18.695
12-Nov-18,19.3675
9-Nov-18,17.765
7-Nov-18,17.7225
6-Nov-18,18.505
5-Nov-18,19.4825
2-Nov-18,18.23
1-Nov-18,19.1925
31-Oct-18,19.7975
30-Oct-18,20.5025
29-Oct-18,19.825
26-Oct-18,19.2325
25-Oct-18,18.9625
24-Oct-18,18.88
23-Oct-18,19.0375
22-Oct-18,21.3575
19-Oct-18,19.7875
17-Oct-18,17.98
16-Oct-18,17.3725
15-Oct-18,18.885
12-Oct-18,18.6275
11-Oct-18,20.5475
10-Oct-18,17.9075
9-Oct-18,19.755
8-Oct-18,20.1475
5-Oct-18,19.7325
4-Oct-18,18.915
3-Oct-18,18.1175
1-Oct-18,16.835
28-Sep-18,16.995
27-Sep-18,16.9225
26-Sep-18,17.0875
25-Sep-18,16.6825
24-Sep-18,17.4275
21-Sep-18,15.535
19-Sep-18,14.005
18-Sep-18,14.415
17-Sep-18,14.495
14-Sep-18,13.8425
12-Sep-18,14.25
11-Sep-18,15.33
10-Sep-18,15.2025
7-Sep-18,13.89
6-Sep-18,13.7225
5-Sep-18,13.65
4-Sep-18,13.7825
3-Sep-18,13.3925
31-Aug-18,12.5975
30-Aug-18,12.4125
29-Aug-18,12.435
28-Aug-18,12.425
27-Aug-18,12.2375
24-Aug-18,12.4075
23-Aug-18,12.7575
21-Aug-18,12.9025
20-Aug-18,13.0325
17-Aug-18,13.16
16-Aug-18,13.645
14-Aug-18,13.2825
13-Aug-18,13.4
10-Aug-18,12.85
9-Aug-18,12.6775
8-Aug-18,12.54
7-Aug-18,12.5775
6-Aug-18,12.5625
3-Aug-18,12.0775
2-Aug-18,12.555
1-Aug-18,12.53
31-Jul-18,12.48
30-Jul-18,12.585
27-Jul-18,12.31
26-Jul-18,12.0275
25-Jul-18,12.2075
24-Jul-18,12.4675
23-Jul-18,13.005
20-Jul-18,13.535
19-Jul-18,13.5925
18-Jul-18,13.6825
17-Jul-18,12.825
16-Jul-18,12.9475
13-Jul-18,12.3025
12-Jul-18,12.505
11-Jul-18,12.775
10-Jul-18,12.395
9-Jul-18,12.39
6-Jul-18,12.4425
5-Jul-18,12.575
4-Jul-18,12.6575
3-Jul-18,13
2-Jul-18,13.37
29-Jun-18,12.9375
28-Jun-18,13.9475
27-Jun-18,13.51
26-Jun-18,12.7975
25-Jun-18,12.5825
22-Jun-18,12.0225
21-Jun-18,12.4475
20-Jun-18,12.1725
19-Jun-18,12.92
18-Jun-18,12.38
15-Jun-18,12.07
14-Jun-18,12.095
13-Jun-18,12.635
12-Jun-18,12.73
11-Jun-18,13.18
8-Jun-18,12.6975
7-Jun-18,12.7775
6-Jun-18,12.55
5-Jun-18,13.315
4-Jun-18,13.8825
1-Jun-18,13.57
31-May-18,13.2225
30-May-18,13.41
29-May-18,13.07
28-May-18,13.055
25-May-18,12.645
24-May-18,13.145
23-May-18,14.1575
22-May-18,13.6025
21-May-18,14.41
18-May-18,14.15
17-May-18,13.4075
16-May-18,13.435
15-May-18,13.165
14-May-18,14.245
11-May-18,13.9775
10-May-18,14.425
9-May-18,14.2725
8-May-18,14.055
7-May-18,13.76
4-May-18,13.25
3-May-18,12.985
2-May-18,12.84
30-Apr-18,12.3625
27-Apr-18,12.0175
26-Apr-18,12.0375
25-Apr-18,12.395
24-Apr-18,11.895
23-Apr-18,13.145
20-Apr-18,12.9375
19-Apr-18,13.7475
18-Apr-18,14.11
17-Apr-18,14.0425
16-Apr-18,14.26
13-Apr-18,14.14
12-Apr-18,14.56
11-Apr-18,14.72
10-Apr-18,14.4975
9-Apr-18,14.8675
6-Apr-18,14.7475
5-Apr-18,14.7975
4-Apr-18,16.34
3-Apr-18,15.185
2-Apr-18,15.3475
28-Mar-18,15.7575
27-Mar-18,15.55
26-Mar-18,15.195
23-Mar-18,15.545
22-Mar-18,15.2475
21-Mar-18,15.1075
20-Mar-18,15.6075
19-Mar-18,15.82
16-Mar-18,15.22
15-Mar-18,14.33
14-Mar-18,14.3625
13-Mar-18,14.4625
12-Mar-18,14.4925
9-Mar-18,14.525
8-Mar-18,14.585
7-Mar-18,15.7
6-Mar-18,16.245
5-Mar-18,15.395
1-Mar-18,14.0725
28-Feb-18,13.805
27-Feb-18,13.9225
26-Feb-18,13.695
23-Feb-18,14.2025
22-Feb-18,14.8325
21-Feb-18,15.92
20-Feb-18,16.8675
19-Feb-18,16.6675
16-Feb-18,16.3775
15-Feb-18,16.315
14-Feb-18,17.185
12-Feb-18,17.8825
9-Feb-18,19.23
8-Feb-18,17.7725
7-Feb-18,19.465
6-Feb-18,20.015
5-Feb-18,16.0525
2-Feb-18,15.25
1-Feb-18,14.1075
31-Jan-18,15.93
30-Jan-18,16.415
29-Jan-18,17.8875
25-Jan-18,17.5075
24-Jan-18,18.04
23-Jan-18,16.225
22-Jan-18,15.3925
19-Jan-18,13.9825
18-Jan-18,13.96
17-Jan-18,13.86
16-Jan-18,14.085
15-Jan-18,14.305
12-Jan-18,13.7325
11-Jan-18,14.0125
10-Jan-18,14.035
9-Jan-18,13.8475
8-Jan-18,13.735
5-Jan-18,13.1125
4-Jan-18,13.415
3-Jan-18,13.6225
2-Jan-18,13.685
1-Jan-18,13.3525
29-Dec-17,12.67
28-Dec-17,12.2975
27-Dec-17,12.4925
26-Dec-17,12.0525
22-Dec-17,11.5875
21-Dec-17,12.085
20-Dec-17,12.185
19-Dec-17,12.1875
18-Dec-17,13.115
15-Dec-17,14.94
14-Dec-17,16.4075
13-Dec-17,15.945
12-Dec-17,15.2625
11-Dec-17,14.1475
8-Dec-17,13.6725
7-Dec-17,14.2725
6-Dec-17,15.0875
5-Dec-17,15.0075
4-Dec-17,14.855
1-Dec-17,14.795
30-Nov-17,13.55
29-Nov-17,13.06
28-Nov-17,13.1475
27-Nov-17,13.03
24-Nov-17,13.5125
23-Nov-17,13.865
22-Nov-17,14.0375
21-Nov-17,13.715
20-Nov-17,13.4325
17-Nov-17,13.7125
16-Nov-17,13.4625
15-Nov-17,14.265
14-Nov-17,14.165
13-Nov-17,14.045
10-Nov-17,13.475
9-Nov-17,13.2675
8-Nov-17,13.61
7-Nov-17,13.2375
6-Nov-17,13.0225
3-Nov-17,11.91
2-Nov-17,12.005
1-Nov-17,12.1375
31-Oct-17,12.44
30-Oct-17,12.1125
27-Oct-17,11.475
26-Oct-17,11.6175
25-Oct-17,11.76
24-Oct-17,11.59
23-Oct-17,12.325
19-Oct-17,12.395
18-Oct-17,11.54
17-Oct-17,11.61
16-Oct-17,11.31
13-Oct-17,11.2625
12-Oct-17,11.0425
11-Oct-17,11.73
10-Oct-17,11.1125
9-Oct-17,11.3925
6-Oct-17,11.1175
5-Oct-17,11.71
4-Oct-17,11.8
3-Oct-17,12.46
29-Sep-17,12.485
28-Sep-17,13.1725
27-Sep-17,13.8625
26-Sep-17,12.9275
25-Sep-17,13.34
22-Sep-17,12.81
21-Sep-17,11.6325
20-Sep-17,11.6325
19-Sep-17,11.465
18-Sep-17,11.4425
15-Sep-17,11.6775
14-Sep-17,11.47
13-Sep-17,11.755
12-Sep-17,11.7575
11-Sep-17,12.36
8-Sep-17,12.9625
7-Sep-17,13.0075
6-Sep-17,13.12
5-Sep-17,12.8875
4-Sep-17,13.165
1-Sep-17,11.675
31-Aug-17,11.9525
30-Aug-17,12.8875
29-Aug-17,13.5425
28-Aug-17,12.64
24-Aug-17,12.5725
23-Aug-17,13.1825
22-Aug-17,14.105
21-Aug-17,14.815
18-Aug-17,14.57
17-Aug-17,14.34
16-Aug-17,14.2375
14-Aug-17,14.3825
11-Aug-17,15.195
10-Aug-17,13.8025
9-Aug-17,13.4525
8-Aug-17,12.77
7-Aug-17,11.895
4-Aug-17,11.39
3-Aug-17,11.6425
2-Aug-17,11.9425
1-Aug-17,11.9075
31-Jul-17,11.9
28-Jul-17,11.1375
27-Jul-17,11.2175
26-Jul-17,11.17
25-Jul-17,10.9125
24-Jul-17,11.3125
21-Jul-17,11.085
20-Jul-17,11.315
19-Jul-17,11.255
18-Jul-17,11.49
17-Jul-17,11.4575
14-Jul-17,11.1725
13-Jul-17,11.2475
12-Jul-17,11.0525
11-Jul-17,10.89
10-Jul-17,10.9125
7-Jul-17,10.8675
6-Jul-17,10.9825
5-Jul-17,11.1525
4-Jul-17,11.275
3-Jul-17,11.2
30-Jun-17,11.7325
29-Jun-17,11.3825
28-Jun-17,11.99
27-Jun-17,12.5075
23-Jun-17,11.5575
22-Jun-17,11.2075
21-Jun-17,10.915
20-Jun-17,10.6575
19-Jun-17,10.6275
16-Jun-17,10.915
15-Jun-17,11.325
14-Jun-17,11.18
13-Jun-17,11.34
12-Jun-17,11.4225
9-Jun-17,10.8625
8-Jun-17,11.0675
7-Jun-17,10.89
6-Jun-17,11.1325
5-Jun-17,11.015
2-Jun-17,10.81
1-Jun-17,11.3075
31-May-17,11.7625
30-May-17,11.765
29-May-17,11.7875
26-May-17,10.8625
25-May-17,10.4475
24-May-17,11.83
23-May-17,12.2025
22-May-17,11.2025
19-May-17,11.3025
18-May-17,11.785
17-May-17,10.635
16-May-17,10.56
15-May-17,10.675
12-May-17,10.6275
11-May-17,10.8375
10-May-17,10.9475
9-May-17,11.1125
8-May-17,11.665
5-May-17,11.9875
4-May-17,11.3325
3-May-17,11.5275
2-May-17,11.4475
28-Apr-17,10.86
27-Apr-17,11.07
26-Apr-17,11.74
25-Apr-17,11.155
24-Apr-17,11.625
21-Apr-17,11.4225
20-Apr-17,11.56
19-Apr-17,12.215
18-Apr-17,12.375
17-Apr-17,11.8925
13-Apr-17,11.5775
12-Apr-17,11.6275
11-Apr-17,11.395
10-Apr-17,11.62
7-Apr-17,11.6925
6-Apr-17,11.29
5-Apr-17,11.55
3-Apr-17,11.4925
31-Mar-17,12.42
30-Mar-17,12.15
29-Mar-17,12.0875
28-Mar-17,12.1175
27-Mar-17,12.435
24-Mar-17,11.9775
23-Mar-17,11.835
22-Mar-17,12.27
21-Mar-17,11.9425
20-Mar-17,12.0175
17-Mar-17,11.8525
16-Mar-17,11.91
15-Mar-17,12.4225
14-Mar-17,12.4
10-Mar-17,13.9575
9-Mar-17,14.39
8-Mar-17,14.075
7-Mar-17,13.875
6-Mar-17,13.64
3-Mar-17,13.3525
2-Mar-17,13.3625
1-Mar-17,13.575
28-Feb-17,13.7925
27-Feb-17,13.675
23-Feb-17,13.4
22-Feb-17,13.7
21-Feb-17,13.525
20-Feb-17,13.61
17-Feb-17,13.4325
16-Feb-17,13.73
15-Feb-17,14.2125
14-Feb-17,13.8025
13-Feb-17,13.6925
10-Feb-17,13.1775
9-Feb-17,13.235
8-Feb-17,13.35
7-Feb-17,13.5075
6-Feb-17,13.3975
3-Feb-17,13.1275
2-Feb-17,13.52
1-Feb-17,13.97
31-Jan-17,16.825
30-Jan-17,16.67
27-Jan-17,16.005
25-Jan-17,15.17
24-Jan-17,15.285
23-Jan-17,15.905
20-Jan-17,15.79
19-Jan-17,15.02
18-Jan-17,15.1825
17-Jan-17,15.3925
16-Jan-17,15.065
13-Jan-17,14.3825
12-Jan-17,14.6125
11-Jan-17,14.8075
10-Jan-17,15.195
9-Jan-17,15.48
6-Jan-17,14.9125
5-Jan-17,15.05
4-Jan-17,15.89
3-Jan-17,15.9575
2-Jan-17,15.83
30-Dec-16,15.465
29-Dec-16,15.2825
28-Dec-16,15.5425
27-Dec-16,15.0825
26-Dec-16,16.6025
23-Dec-16,15.1275
22-Dec-16,15.5525
21-Dec-16,14.705
20-Dec-16,14.5375
19-Dec-16,14.8375
16-Dec-16,15.2525
15-Dec-16,15.655
14-Dec-16,16.5925
13-Dec-16,15.9225
12-Dec-16,16.1925
9-Dec-16,15.0675
8-Dec-16,15.525
7-Dec-16,16.845
6-Dec-16,17.105
5-Dec-16,17.2875
2-Dec-16,17.9325
1-Dec-16,16.6875
30-Nov-16,16.85
29-Nov-16,17.7075
28-Nov-16,18.055
25-Nov-16,17.6125
24-Nov-16,17.16
23-Nov-16,18.04
22-Nov-16,18.465
21-Nov-16,19.0975
18-Nov-16,17.805
17-Nov-16,18.71
16-Nov-16,19.5025
15-Nov-16,20.145
11-Nov-16,17.365
10-Nov-16,15.4575
9-Nov-16,16.62
8-Nov-16,16.77
7-Nov-16,16.5075
4-Nov-16,16.8475
3-Nov-16,16.465
2-Nov-16,16.7975
1-Nov-16,15.735
30-Oct-16,15.49
28-Oct-16,14.6525
27-Oct-16,14.085
26-Oct-16,14.4525
25-Oct-16,14.4825
24-Oct-16,14.3325
21-Oct-16,13.83
20-Oct-16,14.165
19-Oct-16,14.6125
18-Oct-16,14.5375
17-Oct-16,15.655
14-Oct-16,14.8875
13-Oct-16,15.425
10-Oct-16,14.285
7-Oct-16,14.485
6-Oct-16,14.835
5-Oct-16,14.925
4-Oct-16,14.9925
3-Oct-16,15.62
30-Sep-16,17.18
29-Sep-16,18.45
28-Sep-16,13.8475
27-Sep-16,14.25
26-Sep-16,14.565
23-Sep-16,13.2475
22-Sep-16,13.34
21-Sep-16,14.805
20-Sep-16,14.78
19-Sep-16,14.94
16-Sep-16,14.58
15-Sep-16,14.6775
14-Sep-16,14.7625
12-Sep-16,15.24
9-Sep-16,13.23
8-Sep-16,13.115
7-Sep-16,13.145
6-Sep-16,12.75
2-Sep-16,12.94
1-Sep-16,13.34
31-Aug-16,13.2425
30-Aug-16,13.02
29-Aug-16,13.165
26-Aug-16,13.57
25-Aug-16,13.285
24-Aug-16,13.4875
23-Aug-16,13.8975
22-Aug-16,14.235
19-Aug-16,14.5375
18-Aug-16,14.55
17-Aug-16,14.78
16-Aug-16,14.1825
12-Aug-16,13.77
11-Aug-16,14.2125
10-Aug-16,14.9225
9-Aug-16,14.5375
8-Aug-16,14.5875
5-Aug-16,14.3525
4-Aug-16,15.14
3-Aug-16,16.2375
2-Aug-16,15.6925
1-Aug-16,15.18
29-Jul-16,14.9175
28-Jul-16,15.1475
27-Jul-16,15.4275
26-Jul-16,15.62
25-Jul-16,15.7175
22-Jul-16,15.4975
21-Jul-16,15.7125
20-Jul-16,15.99
19-Jul-16,15.795
18-Jul-16,15.9875
15-Jul-16,15.6375
14-Jul-16,15.61
13-Jul-16,15.325
12-Jul-16,14.7825
11-Jul-16,14.8475
8-Jul-16,15.0825
7-Jul-16,15.3075
5-Jul-16,15.3625
4-Jul-16,15.5775
1-Jul-16,15.7375
30-Jun-16,16.29
29-Jun-16,16.155
28-Jun-16,17.725
27-Jun-16,18.53
24-Jun-16,18.6275
23-Jun-16,18.02
22-Jun-16,18.185
21-Jun-16,17.26
20-Jun-16,17.5175
17-Jun-16,17.35
16-Jun-16,17.6975
15-Jun-16,17.055
14-Jun-16,17.19
13-Jun-16,16.5825
10-Jun-16,15.97
9-Jun-16,15.6725
8-Jun-16,15.1425
7-Jun-16,14.87
6-Jun-16,15.355
3-Jun-16,14.995
2-Jun-16,15.0875
1-Jun-16,15.835
31-May-16,16.045
30-May-16,15.975
27-May-16,15.26
26-May-16,15.325
25-May-16,15.52
24-May-16,16.22
23-May-16,16.16
20-May-16,16.425
19-May-16,17.0625
18-May-16,16.455
17-May-16,16.3725
16-May-16,17.0325
13-May-16,16.9975
12-May-16,16.3275
11-May-16,16.9625
10-May-16,16.415
9-May-16,16.6125
6-May-16,16.9475
5-May-16,17.17
4-May-16,17.445
3-May-16,17.4625
2-May-16,17.0925
29-Apr-16,16.5375
28-Apr-16,16.5975
27-Apr-16,16.3525
26-Apr-16,16.58
25-Apr-16,16.5725
22-Apr-16,16.38
21-Apr-16,16.5125
20-Apr-16,17.075
18-Apr-16,16.9475
13-Apr-16,16.035
12-Apr-16,16.025
11-Apr-16,16.0125
8-Apr-16,16.4325
7-Apr-16,16.935
6-Apr-16,17.345
5-Apr-16,17.83
4-Apr-16,17.45
1-Apr-16,17.2775
31-Mar-16,16.5825
30-Mar-16,16.8075
29-Mar-16,17.6375
28-Mar-16,17.485
23-Mar-16,16.345
22-Mar-16,16.43
21-Mar-16,16.3325
18-Mar-16,16.3825
17-Mar-16,16.84
16-Mar-16,17.115
15-Mar-16,17.5975
14-Mar-16,17.1025
11-Mar-16,17.0975
10-Mar-16,17.895
9-Mar-16,17.505
8-Mar-16,18.465
4-Mar-16,17.8825
3-Mar-16,18.04
2-Mar-16,18.99
1-Mar-16,18.6725
29-Feb-16,20.1575
26-Feb-16,21.865
25-Feb-16,22.745
24-Feb-16,22.955
23-Feb-16,23.8375
22-Feb-16,21.02
19-Feb-16,20.915
18-Feb-16,21.485
17-Feb-16,21.8325
16-Feb-16,23.04
15-Feb-16,22.375
12-Feb-16,24.6725
11-Feb-16,25.965
10-Feb-16,22.465
9-Feb-16,21.7275
8-Feb-16,20.2575
5-Feb-16,18.115
4-Feb-16,18.2075
3-Feb-16,18.5875
2-Feb-16,18.035
1-Feb-16,17.89
29-Jan-16,17.24
28-Jan-16,17.9
27-Jan-16,19.0575
25-Jan-16,18.265
22-Jan-16,18.82
21-Jan-16,20.8125
20-Jan-16,20.965
19-Jan-16,18.43
18-Jan-16,20.225
15-Jan-16,19.415
14-Jan-16,18.605
13-Jan-16,18.3525
12-Jan-16,18.7125
11-Jan-16,18.69
8-Jan-16,17.7975
7-Jan-16,18.96
6-Jan-16,16.5525
5-Jan-16,16.7025
4-Jan-16,16.835
1-Jan-16,14.26
31-Dec-15,13.87
30-Dec-15,14.35
29-Dec-15,14.235
28-Dec-15,14.4025
24-Dec-15,13.745
23-Dec-15,13.6525
22-Dec-15,14.4825
21-Dec-15,14.225
18-Dec-15,14.4925
17-Dec-15,14.215
16-Dec-15,16.7275
15-Dec-15,17.3425
14-Dec-15,17.7975
11-Dec-15,17.1825
10-Dec-15,16.2925
9-Dec-15,16.725
8-Dec-15,15.9725
7-Dec-15,15.865
4-Dec-15,16.085
3-Dec-15,16.055
2-Dec-15,15.4875
1-Dec-15,15.635
30-Nov-15,16.43
27-Nov-15,16.73
26-Nov-15,16.6875
24-Nov-15,16.245
23-Nov-15,17.075
20-Nov-15,15.8975
19-Nov-15,15.84
18-Nov-15,17.415
17-Nov-15,16.9725
16-Nov-15,17.8775
13-Nov-15,17.6525
11-Nov-15,16.905
10-Nov-15,16.825
9-Nov-15,17.04
6-Nov-15,19.4725
5-Nov-15,19.2925
4-Nov-15,19.355
3-Nov-15,19.555
2-Nov-15,19.4775
30-Oct-15,17.88
29-Oct-15,17.5825
28-Oct-15,17.04
27-Oct-15,16.535
26-Oct-15,17.23
23-Oct-15,16.1925
21-Oct-15,16.6225
20-Oct-15,16.995
19-Oct-15,16.8775
16-Oct-15,16.275
15-Oct-15,17.17
14-Oct-15,17.72
13-Oct-15,18.015
12-Oct-15,19.1225
9-Oct-15,18.925
8-Oct-15,19.5625
7-Oct-15,19.3375
6-Oct-15,19.305
5-Oct-15,19.1275
1-Oct-15,19.235
30-Sep-15,19.625
29-Sep-15,21.57
28-Sep-15,21.6675
24-Sep-15,20.8825
23-Sep-15,20.6875
22-Sep-15,20.345
21-Sep-15,18.1775
18-Sep-15,18.2925
16-Sep-15,21.9975
15-Sep-15,23.7425
14-Sep-15,24.32
11-Sep-15,24.975
10-Sep-15,24.745
9-Sep-15,24.3
8-Sep-15,24.5675
7-Sep-15,26.35
4-Sep-15,26.4225
3-Sep-15,24.115
2-Sep-15,26.65
1-Sep-15,28.7175
31-Aug-15,24.595
28-Aug-15,23.33
27-Aug-15,22.0425
26-Aug-15,25.515
25-Aug-15,26.8475
24-Aug-15,28.13
21-Aug-15,17.115
20-Aug-15,16.975
19-Aug-15,16.68
18-Aug-15,16.36
17-Aug-15,16.4625
14-Aug-15,16.02
13-Aug-15,17.0175
12-Aug-15,17.445
11-Aug-15,15.8925
10-Aug-15,15.465
7-Aug-15,14.91
6-Aug-15,14.73
5-Aug-15,14.665
4-Aug-15,14.83
3-Aug-15,15.39
31-Jul-15,14.57
30-Jul-15,15.325
29-Jul-15,15.8775
28-Jul-15,15.915
27-Jul-15,16.37
24-Jul-15,15.4575
23-Jul-15,15.52
22-Jul-15,15.13
21-Jul-15,15.0975
20-Jul-15,14.96
17-Jul-15,14.8025
16-Jul-15,14.7825
15-Jul-15,15.5675
14-Jul-15,16.01
13-Jul-15,16.2725
10-Jul-15,17.07
9-Jul-15,17.4375
8-Jul-15,17.79
7-Jul-15,16.3075
6-Jul-15,16.0175
3-Jul-15,16.305
2-Jul-15,15.5575
1-Jul-15,15.845
30-Jun-15,16.9275
29-Jun-15,17.2975
26-Jun-15,15.76
25-Jun-15,15.93
24-Jun-15,15.915
23-Jun-15,15.0425
22-Jun-15,15.4875
19-Jun-15,15.085
18-Jun-15,16.015
17-Jun-15,16.7275
16-Jun-15,17.1675
15-Jun-15,17.525
12-Jun-15,17.4775
11-Jun-15,17.805
10-Jun-15,17.0775
9-Jun-15,18.01
8-Jun-15,18.885
5-Jun-15,18.0875
4-Jun-15,18.1225
3-Jun-15,17.505
2-Jun-15,16.82
1-Jun-15,16.9125
29-May-15,16.6575
28-May-15,17.1325
27-May-15,17.2825
26-May-15,17.0675
25-May-15,16.9325
22-May-15,16.9475
21-May-15,17.4125
20-May-15,17.7175
19-May-15,18.27
18-May-15,17.9025
15-May-15,19.815
14-May-15,20.7
13-May-15,20.685
12-May-15,20.545
11-May-15,18.625
8-May-15,19.11
7-May-15,19.65
6-May-15,19.67
5-May-15,17.365
4-May-15,17.3075
30-Apr-15,17.225
29-Apr-15,17.235
28-Apr-15,17.41
27-Apr-15,18.735
24-Apr-15,19.105
23-Apr-15,18.5
22-Apr-15,17.21
21-Apr-15,17.03
20-Apr-15,16.2975
17-Apr-15,15.04
16-Apr-15,14.95
15-Apr-15,14.62
13-Apr-15,14.4875
10-Apr-15,14.255
9-Apr-15,14.4175
8-Apr-15,14.3475
7-Apr-15,14.25
6-Apr-15,14.5725
1-Apr-15,13.665
31-Mar-15,14.4925
30-Mar-15,14.2625
27-Mar-15,14.5
26-Mar-15,15.1625
25-Mar-15,13.1425
24-Mar-15,13.6725
23-Mar-15,14.27
20-Mar-15,14.26
19-Mar-15,15.1975
18-Mar-15,15.5125
17-Mar-15,15.1275
16-Mar-15,15.1775
13-Mar-15,14.965
12-Mar-15,14.75
11-Mar-15,15.13
10-Mar-15,15.5325
9-Mar-15,15.8125
5-Mar-15,14.4375
4-Mar-15,15.1975
3-Mar-15,15.4925
2-Mar-15,15.8475
28-Feb-15,16.97
27-Feb-15,19.57
26-Feb-15,20.58
25-Feb-15,20.775
24-Feb-15,21.55
23-Feb-15,21.6325
20-Feb-15,21.2675
19-Feb-15,20.3975
18-Feb-15,20.9125
16-Feb-15,20.825
13-Feb-15,20.1025
12-Feb-15,20.1575
11-Feb-15,20.5025
10-Feb-15,21.1925
9-Feb-15,22.015
6-Feb-15,20.685
5-Feb-15,20.615
4-Feb-15,20.05
3-Feb-15,19.8075
2-Feb-15,20.405
30-Jan-15,20.1725
29-Jan-15,19.4325
28-Jan-15,19.77
27-Jan-15,18.085
23-Jan-15,17.885
22-Jan-15,18.565
21-Jan-15,17.7125
20-Jan-15,17.2725
19-Jan-15,17.65
16-Jan-15,17.275
15-Jan-15,16.16
14-Jan-15,17.2475
13-Jan-15,16.4825
12-Jan-15,16.11
9-Jan-15,15.955
8-Jan-15,16.4725
7-Jan-15,18.14
6-Jan-15,17.42
5-Jan-15,14.1525
2-Jan-15,13.795
1-Jan-15,15.025
31-Dec-14,15.12
30-Dec-14,14.8625
29-Dec-14,14.5825
26-Dec-14,14.645
24-Dec-14,15.07
23-Dec-14,15.2975
22-Dec-14,14.21
19-Dec-14,14.51
18-Dec-14,14.5975
17-Dec-14,16.925
16-Dec-14,16.3075
15-Dec-14,14.02
12-Dec-14,13.7525
11-Dec-14,12.7725
10-Dec-14,12.2425
9-Dec-14,12.495
8-Dec-14,12.2075
5-Dec-14,11.95
4-Dec-14,12.445
3-Dec-14,12.3675
2-Dec-14,12.395
1-Dec-14,13.2025
28-Nov-14,12.8975
27-Nov-14,12.7425
26-Nov-14,12.985
25-Nov-14,13.525
24-Nov-14,13.0175
21-Nov-14,13.8525
20-Nov-14,14.165
19-Nov-14,14.345
18-Nov-14,14.065
17-Nov-14,14.41
14-Nov-14,13.9725
13-Nov-14,13.8
12-Nov-14,14.435
11-Nov-14,14.8
10-Nov-14,13.93
7-Nov-14,14.11
5-Nov-14,13.755
3-Nov-14,13.7375
31-Oct-14,13.295
30-Oct-14,13.265
29-Oct-14,13.005
28-Oct-14,13.3225
27-Oct-14,13.515
23-Oct-14,12.8625
22-Oct-14,13.03
21-Oct-14,13.33
20-Oct-14,14.19
17-Oct-14,16.4
16-Oct-14,16.4325
14-Oct-14,14.5925
13-Oct-14,14.5
10-Oct-14,14.33
9-Oct-14,13.155
8-Oct-14,14.1125
7-Oct-14,14.4625
1-Oct-14,13
30-Sep-14,13.145
29-Sep-14,13.385
26-Sep-14,12.9275
25-Sep-14,13.2975
24-Sep-14,12.535
23-Sep-14,12.41
22-Sep-14,11.565
19-Sep-14,11.8875
18-Sep-14,12.325
17-Sep-14,12.9475
16-Sep-14,13.2825
15-Sep-14,13.255
12-Sep-14,12.365
11-Sep-14,12.5175
10-Sep-14,12.93
9-Sep-14,12.7575
8-Sep-14,12.7925
5-Sep-14,12.935
4-Sep-14,13.0775
3-Sep-14,13.3925
2-Sep-14,13.4475
1-Sep-14,13.53
28-Aug-14,13.0675
27-Aug-14,13.0625
26-Aug-14,13.9025
25-Aug-14,13.7875
22-Aug-14,13.62
21-Aug-14,13.7325
20-Aug-14,13.66
19-Aug-14,13.905
18-Aug-14,13.5025
14-Aug-14,13.22
13-Aug-14,13.7625
12-Aug-14,13.4675
11-Aug-14,13.9975
8-Aug-14,14.6175
7-Aug-14,14.1375
6-Aug-14,14.2975
5-Aug-14,13.9475
4-Aug-14,14.815
1-Aug-14,15.22
31-Jul-14,13.8225
30-Jul-14,13.8875
28-Jul-14,14.3225
25-Jul-14,14.22
24-Jul-14,14.72
23-Jul-14,14.69
22-Jul-14,14.64
21-Jul-14,14.8975
18-Jul-14,15.095
17-Jul-14,14.965
16-Jul-14,14.73
15-Jul-14,14.7675
14-Jul-14,15.5625
11-Jul-14,15.7225
10-Jul-14,15.965
9-Jul-14,18.1875
8-Jul-14,19.18
7-Jul-14,19.4075
4-Jul-14,18.155
3-Jul-14,17.805
2-Jul-14,17.57
1-Jul-14,17.6625
30-Jun-14,17.8725
27-Jun-14,17.6275
26-Jun-14,17.7025
25-Jun-14,18.3125
24-Jun-14,19.1875
23-Jun-14,18.9625
20-Jun-14,18.8475
19-Jun-14,18.7425
18-Jun-14,18.58
17-Jun-14,17.695
16-Jun-14,17.9825
13-Jun-14,17.7625
12-Jun-14,16.9025
11-Jun-14,17.06
10-Jun-14,16.6625
9-Jun-14,17.095
6-Jun-14,15.9825
5-Jun-14,15.4475
4-Jun-14,15.565
3-Jun-14,15.795
2-Jun-14,16.4975
30-May-14,16.335
29-May-14,16.69
28-May-14,17.5575
27-May-14,19.1
26-May-14,19.84
23-May-14,17.705
22-May-14,17.835
21-May-14,17.91
20-May-14,19.2325
19-May-14,20.63
16-May-14,24.2925
15-May-14,36.765
14-May-14,32.42
13-May-14,32.0475
12-May-14,37.105
9-May-14,37.705
8-May-14,34.3
7-May-14,33.6125
6-May-14,33.2675
5-May-14,34.1875
2-May-14,33.055
30-Apr-14,30.5925
29-Apr-14,31.05
28-Apr-14,31.385
25-Apr-14,30.68
23-Apr-14,31.1325
22-Apr-14,33.355
21-Apr-14,34.385
17-Apr-14,30.8525
16-Apr-14,31.16
15-Apr-14,31.875
11-Apr-14,29.185
10-Apr-14,28.7175
9-Apr-14,26.9125
7-Apr-14,24.9525
4-Apr-14,22.6875
3-Apr-14,22.1075
2-Apr-14,21.2125
1-Apr-14,20.685
31-Mar-14,21.6225
28-Mar-14,18.63
27-Mar-14,18.3725
26-Mar-14,17.765
25-Mar-14,16.92
24-Mar-14,16.5375
22-Mar-14,15.875
21-Mar-14,16.185
20-Mar-14,16.91
19-Mar-14,16.8825
18-Mar-14,17.1275
14-Mar-14,16.4475
13-Mar-14,16.82
12-Mar-14,17.04
11-Mar-14,17.325
10-Mar-14,17.7775
7-Mar-14,16.72
6-Mar-14,14.475
5-Mar-14,13.8425
4-Mar-14,14.3925
3-Mar-14,15.2825
28-Feb-14,14.1775
26-Feb-14,13.955
25-Feb-14,13.95
24-Feb-14,14.3575
21-Feb-14,14.04
20-Feb-14,15.16
19-Feb-14,15.07
18-Feb-14,15.41
17-Feb-14,15.83
14-Feb-14,16.66
13-Feb-14,17.8
12-Feb-14,17.43
11-Feb-14,18.63
10-Feb-14,19.05
7-Feb-14,18.55
6-Feb-14,18.94
5-Feb-14,18.93
4-Feb-14,18.69
3-Feb-14,18.27
31-Jan-14,16.82
30-Jan-14,17.25
29-Jan-14,18.04
28-Jan-14,17.72
27-Jan-14,18.67
24-Jan-14,15.83
23-Jan-14,15.58
22-Jan-14,15.85
21-Jan-14,15.55
20-Jan-14,15.35
17-Jan-14,15.41
16-Jan-14,15.54
15-Jan-14,15.42
14-Jan-14,15.74
13-Jan-14,15.95
10-Jan-14,15.58
9-Jan-14,16.18
8-Jan-14,16.32
7-Jan-14,16.32
6-Jan-14,16.5
3-Jan-14,15.87
2-Jan-14,16.55
1-Jan-14,15.58
31-Dec-13,15.12
30-Dec-13,15.08
27-Dec-13,14.66
26-Dec-13,14.88
24-Dec-13,15.58
23-Dec-13,16.26
20-Dec-13,16.02
19-Dec-13,16.58
18-Dec-13,17.54
17-Dec-13,18.33
16-Dec-13,18.36
13-Dec-13,17.84
12-Dec-13,17.74
11-Dec-13,17.54
10-Dec-13,17.98
9-Dec-13,19.16
6-Dec-13,22.21
5-Dec-13,21.68
4-Dec-13,23.71
3-Dec-13,24.72
2-Dec-13,23.36
29-Nov-13,21.38
28-Nov-13,20.71
27-Nov-13,21.14
26-Nov-13,21.59
25-Nov-13,21.05
22-Nov-13,20.04
21-Nov-13,21.14
20-Nov-13,20.83
19-Nov-13,19.3
18-Nov-13,18.82
14-Nov-13,19.26
13-Nov-13,20.45
12-Nov-13,20.86
11-Nov-13,19.98
8-Nov-13,19.64
7-Nov-13,19.87
6-Nov-13,20.25
5-Nov-13,19.94
3-Nov-13,19.34
1-Nov-13,18.64
31-Oct-13,18.39
30-Oct-13,19.53
29-Oct-13,19.76
28-Oct-13,21.29
25-Oct-13,20.42
24-Oct-13,20.64
23-Oct-13,20.35
22-Oct-13,19.96
21-Oct-13,20.18
18-Oct-13,20.12
17-Oct-13,21.06
15-Oct-13,23.24
14-Oct-13,22.85
11-Oct-13,23.59
10-Oct-13,25.88
9-Oct-13,25.87
8-Oct-13,26.55
7-Oct-13,26.83
4-Oct-13,26.13
3-Oct-13,25.17
1-Oct-13,25.77
30-Sep-13,26.65
27-Sep-13,24.06
26-Sep-13,24
25-Sep-13,25.68
24-Sep-13,26.72
23-Sep-13,27.02
20-Sep-13,24.73
19-Sep-13,24.5
18-Sep-13,27.69
17-Sep-13,27.93
16-Sep-13,28.82
13-Sep-13,28.29
12-Sep-13,29.71
11-Sep-13,29.75
10-Sep-13,29.44
6-Sep-13,28.65
5-Sep-13,28.53
4-Sep-13,31.11
3-Sep-13,32.49
2-Sep-13,27.55
30-Aug-13,27.81
29-Aug-13,29.41
28-Aug-13,32.38
27-Aug-13,29.42
26-Aug-13,26.38
23-Aug-13,25.75
22-Aug-13,29.06
21-Aug-13,28.09
20-Aug-13,27.23
19-Aug-13,25.59
16-Aug-13,23.64
14-Aug-13,18.7
13-Aug-13,19.26
12-Aug-13,21.28
8-Aug-13,21.19
7-Aug-13,22.04
6-Aug-13,22.73
5-Aug-13,20.8
2-Aug-13,20.89
1-Aug-13,19.81
31-Jul-13,18.77
30-Jul-13,18.12
29-Jul-13,18.25
26-Jul-13,16.78
25-Jul-13,16.72
24-Jul-13,16.91
23-Jul-13,16.72
22-Jul-13,17.63
19-Jul-13,18.13
18-Jul-13,18.27
17-Jul-13,19.36
16-Jul-13,18.99
15-Jul-13,18.79
12-Jul-13,18.69
11-Jul-13,18.89
10-Jul-13,19.98
9-Jul-13,19.32
8-Jul-13,19.34
5-Jul-13,18.67
4-Jul-13,18.58
3-Jul-13,18.91
2-Jul-13,18.21
1-Jul-13,18.09
28-Jun-13,17.95
27-Jun-13,18.85
26-Jun-13,21.07
25-Jun-13,21.14
24-Jun-13,21.01
21-Jun-13,19.03
20-Jun-13,19.19
19-Jun-13,18.46
18-Jun-13,18.29
17-Jun-13,18.18
14-Jun-13,18.35
13-Jun-13,19.44
12-Jun-13,18.85
11-Jun-13,19.49
10-Jun-13,18.11
7-Jun-13,17.35
6-Jun-13,17.35
5-Jun-13,16.78
4-Jun-13,17.26
3-Jun-13,17.29
31-May-13,16.99
30-May-13,16.04
29-May-13,17.86
28-May-13,17.12
27-May-13,17.03
24-May-13,17.7
23-May-13,18.73
22-May-13,17.72
21-May-13,17.88
20-May-13,17.71
17-May-13,17.57
16-May-13,17.74
15-May-13,18.13
14-May-13,17.17
13-May-13,17.51
11-May-13,16.84
10-May-13,16.86
9-May-13,16.6
8-May-13,16.76
7-May-13,16.5
6-May-13,15.84
3-May-13,15.55
2-May-13,16.28
30-Apr-13,15.1
29-Apr-13,14.33
26-Apr-13,13.88
25-Apr-13,14.2
23-Apr-13,15.07
22-Apr-13,16.22
18-Apr-13,15.36
17-Apr-13,16.36
16-Apr-13,16.25
15-Apr-13,16.61
12-Apr-13,16.45
11-Apr-13,16.97
10-Apr-13,16.49
9-Apr-13,16.82
8-Apr-13,16.77
5-Apr-13,16.16
4-Apr-13,15.85
3-Apr-13,14.87
2-Apr-13,14.1
1-Apr-13,14.85
28-Mar-13,15.22
26-Mar-13,15.8
25-Mar-13,16.36
22-Mar-13,15.54
21-Mar-13,16.51
20-Mar-13,16.66
19-Mar-13,16.71
18-Mar-13,15.85
15-Mar-13,15.16
14-Mar-13,14.66
13-Mar-13,16.2
12-Mar-13,15.13
11-Mar-13,14.25
8-Mar-13,13.34
7-Mar-13,13.07
6-Mar-13,13.4
5-Mar-13,13.39
4-Mar-13,13.67
1-Mar-13,14.06
28-Feb-13,14.86
27-Feb-13,16.23
26-Feb-13,17.36
25-Feb-13,16.73
22-Feb-13,16.79
21-Feb-13,16.94
20-Feb-13,15.6
19-Feb-13,15.81
18-Feb-13,16.29
15-Feb-13,15.24
14-Feb-13,15.09
13-Feb-13,15.14
12-Feb-13,15.31
11-Feb-13,15.65
8-Feb-13,15.16
7-Feb-13,14.89
6-Feb-13,14.26
5-Feb-13,14.61
4-Feb-13,14.34
1-Feb-13,13.76
31-Jan-13,14.13
30-Jan-13,14.38
29-Jan-13,14.47
28-Jan-13,15.17
25-Jan-13,14.77
24-Jan-13,14.46
23-Jan-13,13.67
22-Jan-13,13.89
21-Jan-13,13.66
18-Jan-13,13.89
17-Jan-13,14.01
16-Jan-13,13.99
15-Jan-13,13.58
14-Jan-13,13.7
11-Jan-13,13.23
10-Jan-13,13.27
9-Jan-13,13.32
8-Jan-13,13.27
7-Jan-13,13.92
4-Jan-13,13.37
3-Jan-13,13.47
2-Jan-13,13.71
1-Jan-13,13.69
31-Dec-12,14.95
28-Dec-12,13.63
27-Dec-12,13.74
26-Dec-12,14.1
24-Dec-12,14.49
21-Dec-12,14.63
20-Dec-12,14.32
19-Dec-12,14.47
18-Dec-12,14.44
17-Dec-12,14.92
14-Dec-12,14.23
13-Dec-12,14.71
12-Dec-12,14.51
11-Dec-12,14.67
10-Dec-12,14.51
7-Dec-12,14.96
6-Dec-12,15.24
5-Dec-12,16.62
4-Dec-12,15.91
3-Dec-12,15.62
30-Nov-12,15.15
29-Nov-12,15.37
27-Nov-12,13.96
26-Nov-12,14.67
23-Nov-12,14.68
22-Nov-12,14.91
21-Nov-12,15.46
20-Nov-12,15.81
19-Nov-12,16.68
16-Nov-12,16.22
15-Nov-12,15.53
13-Nov-12,14.91
12-Nov-12,14.86
9-Nov-12,14.37
8-Nov-12,14.22
7-Nov-12,14.51
6-Nov-12,15.21
5-Nov-12,14.63
2-Nov-12,13.66
1-Nov-12,14.08
31-Oct-12,14.4
30-Oct-12,15.17
29-Oct-12,15.12
26-Oct-12,14.21
25-Oct-12,13.52
23-Oct-12,13.71
22-Oct-12,13.04
19-Oct-12,14.54
18-Oct-12,14.76
17-Oct-12,15.17
16-Oct-12,15.57
15-Oct-12,15.9
12-Oct-12,16.49
11-Oct-12,16.49
10-Oct-12,16.83
9-Oct-12,16.8
8-Oct-12,17.17
5-Oct-12,16.78
4-Oct-12,16.44
3-Oct-12,16.5
1-Oct-12,16.34
28-Sep-12,16.16
27-Sep-12,16.91
26-Sep-12,16.97
25-Sep-12,17.11
24-Sep-12,18.83
21-Sep-12,18.93
20-Sep-12,18.62
18-Sep-12,17.83
17-Sep-12,17.78
14-Sep-12,15.38
13-Sep-12,15.67
12-Sep-12,15.04
11-Sep-12,15.38
10-Sep-12,15.27
8-Sep-12,14.76
7-Sep-12,15.26
6-Sep-12,16.98
5-Sep-12,17.01
4-Sep-12,16.59
3-Sep-12,17.28
31-Aug-12,17.3
30-Aug-12,16.67
29-Aug-12,16.74
28-Aug-12,16.35
27-Aug-12,16.47
24-Aug-12,16.16
23-Aug-12,16.12
22-Aug-12,16
21-Aug-12,16.3
17-Aug-12,15.73
16-Aug-12,15.69
14-Aug-12,15.64
13-Aug-12,16.01
10-Aug-12,16.07
9-Aug-12,16.33
8-Aug-12,16.37
7-Aug-12,16.21
6-Aug-12,16.22
3-Aug-12,16.12
2-Aug-12,16.77
1-Aug-12,16.45
31-Jul-12,16.01
30-Jul-12,16.6
27-Jul-12,16.44
26-Jul-12,16.37
25-Jul-12,16.75
24-Jul-12,16.97
23-Jul-12,18.66
20-Jul-12,16.89
19-Jul-12,16.38
18-Jul-12,17.44
17-Jul-12,17.78
16-Jul-12,18.77
13-Jul-12,18.26
12-Jul-12,18.71
11-Jul-12,18.39
10-Jul-12,17.83
9-Jul-12,18.72
6-Jul-12,18.04
5-Jul-12,18.35
4-Jul-12,18.27
3-Jul-12,18.56
2-Jul-12,19.01
29-Jun-12,19.08
28-Jun-12,20.62
27-Jun-12,20.37
26-Jun-12,20.23
25-Jun-12,21.57
22-Jun-12,20.58
21-Jun-12,19.94
20-Jun-12,21.03
19-Jun-12,21.43
18-Jun-12,22.6
15-Jun-12,25.54
14-Jun-12,25.71
13-Jun-12,24.36
12-Jun-12,24.2
11-Jun-12,25.02
8-Jun-12,23.47
7-Jun-12,23.64
6-Jun-12,24.9
5-Jun-12,26.26
4-Jun-12,25.6
1-Jun-12,26.77
31-May-12,25.25
30-May-12,25.3
29-May-12,24.03
28-May-12,23.68
25-May-12,25.14
24-May-12,25.49
23-May-12,27.13
22-May-12,24.39
21-May-12,23.92
18-May-12,23.55
17-May-12,23.59
16-May-12,23.71
15-May-12,22.28
14-May-12,23.26
11-May-12,22.48
10-May-12,22.72
9-May-12,23.04
8-May-12,22.16
7-May-12,20.22
4-May-12,21.12
3-May-12,19.25
2-May-12,18.54
30-Apr-12,17.82
27-Apr-12,17.89
26-Apr-12,18.74
25-Apr-12,18.94
24-Apr-12,19.25
23-Apr-12,21.57
20-Apr-12,20.09
19-Apr-12,19.35
18-Apr-12,20.03
17-Apr-12,20.31
16-Apr-12,22.23
13-Apr-12,22.75
12-Apr-12,21.78
11-Apr-12,22.29
10-Apr-12,21.92
9-Apr-12,22.33
4-Apr-12,20.63
3-Apr-12,20.01
2-Apr-12,20.88
30-Mar-12,22.38
29-Mar-12,24.33
28-Mar-12,24.87
27-Mar-12,25.05
26-Mar-12,26.74
23-Mar-12,23.34
22-Mar-12,24.77
21-Mar-12,21
20-Mar-12,21.94
19-Mar-12,22.97
16-Mar-12,23.13
15-Mar-12,25.42
14-Mar-12,24.72
13-Mar-12,24.75
12-Mar-12,26.27
9-Mar-12,25.47
7-Mar-12,26.33
6-Mar-12,27.34
5-Mar-12,28.92
3-Mar-12,28.2
2-Mar-12,27.84
1-Mar-12,27.67
29-Feb-12,26.93
28-Feb-12,25.85
27-Feb-12,27.38
24-Feb-12,24.82
23-Feb-12,24.33
22-Feb-12,26.8
21-Feb-12,26.25
17-Feb-12,24.18
16-Feb-12,23.33
15-Feb-12,22.1
14-Feb-12,22.71
13-Feb-12,23.71
10-Feb-12,23.83
9-Feb-12,23.3
8-Feb-12,24.27
7-Feb-12,24.91
6-Feb-12,24.62
3-Feb-12,24.09
2-Feb-12,23.69
1-Feb-12,22.89
31-Jan-12,22.66
30-Jan-12,23.46
27-Jan-12,21.7
25-Jan-12,21.02
24-Jan-12,21.42
23-Jan-12,22.14
20-Jan-12,21.96
19-Jan-12,21.68
18-Jan-12,22.68
17-Jan-12,22.61
16-Jan-12,24.07
13-Jan-12,23.48
12-Jan-12,24.03
11-Jan-12,24.54
10-Jan-12,24
9-Jan-12,25.68
7-Jan-12,25.65
6-Jan-12,25.46
5-Jan-12,25.91
4-Jan-12,26.41
3-Jan-12,26.16
2-Jan-12,27.53
30-Dec-11,27.11
29-Dec-11,26.62
28-Dec-11,26.74
27-Dec-11,26.29
26-Dec-11,26.6
23-Dec-11,27.39
22-Dec-11,26.84
21-Dec-11,27.53
20-Dec-11,30.53
19-Dec-11,30.58
16-Dec-11,29.69
15-Dec-11,28.81
14-Dec-11,28.79
13-Dec-11,28.11
12-Dec-11,29.27
9-Dec-11,29.53
8-Dec-11,28.58
7-Dec-11,26.46
5-Dec-11,25.02
2-Dec-11,23.99
1-Dec-11,25.02
30-Nov-11,26.55
29-Nov-11,26.87
28-Nov-11,26.64
25-Nov-11,29.12
24-Nov-11,27.95
23-Nov-11,30.68
22-Nov-11,27.35
21-Nov-11,28.61
18-Nov-11,26.58
17-Nov-11,26.92
16-Nov-11,25.04
15-Nov-11,25.97
14-Nov-11,25.29
11-Nov-11,24.74
9-Nov-11,24.3
8-Nov-11,23.71
4-Nov-11,23.43
3-Nov-11,24.66
2-Nov-11,24.89
1-Nov-11,24.02
31-Oct-11,22.66
28-Oct-11,20.89
26-Oct-11,22.69
25-Oct-11,22.31
24-Oct-11,25.22
21-Oct-11,26.3
20-Oct-11,25.6
19-Oct-11,24.05
18-Oct-11,25.9
17-Oct-11,25.43
14-Oct-11,25.98
13-Oct-11,28.24
12-Oct-11,28.41
11-Oct-11,30.3
10-Oct-11,30.03
7-Oct-11,33.02
5-Oct-11,35.37
4-Oct-11,37.19
3-Oct-11,35.07
30-Sep-11,31.94
29-Sep-11,31.07
28-Sep-11,32
27-Sep-11,32.01
26-Sep-11,35.43
23-Sep-11,35.16
22-Sep-11,33.88
21-Sep-11,27.67
20-Sep-11,27.25
19-Sep-11,29.6
16-Sep-11,28.45
15-Sep-11,30.79
14-Sep-11,32.45
13-Sep-11,32.77
12-Sep-11,32.75
9-Sep-11,28.15
8-Sep-11,27.64
7-Sep-11,27.86
6-Sep-11,28.66
5-Sep-11,27.83
2-Sep-11,26.09
30-Aug-11,24.88
29-Aug-11,26.07
26-Aug-11,33.26
25-Aug-11,27.94
24-Aug-11,28.6
23-Aug-11,25.92
22-Aug-11,27.08
19-Aug-11,29.19
18-Aug-11,27.45
17-Aug-11,25.48
16-Aug-11,26.46
12-Aug-11,27.02
11-Aug-11,29.09
10-Aug-11,28.95
9-Aug-11,34.88
8-Aug-11,28.78
5-Aug-11,24.9
4-Aug-11,20.22
3-Aug-11,19.48
2-Aug-11,19.15
1-Aug-11,18.78
29-Jul-11,19.77
28-Jul-11,18.51
27-Jul-11,18.25
26-Jul-11,19.3
25-Jul-11,19.2
22-Jul-11,17.91
21-Jul-11,18.75
20-Jul-11,19.11
19-Jul-11,19.25
18-Jul-11,20.2
15-Jul-11,19.95
14-Jul-11,19.97
13-Jul-11,19.52
12-Jul-11,20.83
11-Jul-11,19.69
8-Jul-11,18.67
7-Jul-11,18.62
6-Jul-11,18.34
5-Jul-11,18.25
4-Jul-11,18.17
1-Jul-11,18.21
30-Jun-11,18.41
29-Jun-11,19.46
28-Jun-11,19.49
27-Jun-11,19.99
24-Jun-11,19.32
23-Jun-11,19.5
22-Jun-11,20.89
21-Jun-11,21.31
20-Jun-11,22.18
17-Jun-11,20.27
16-Jun-11,19.66
15-Jun-11,19.14
14-Jun-11,18.51
13-Jun-11,18.91
10-Jun-11,18.54
9-Jun-11,18.58
8-Jun-11,18.58
7-Jun-11,18.03
6-Jun-11,18.21
3-Jun-11,17.61
2-Jun-11,17.98
1-Jun-11,16.73
31-May-11,16.82
30-May-11,17.87
27-May-11,17.25
26-May-11,19.18
25-May-11,20.66
24-May-11,19.93
23-May-11,21.04
20-May-11,19.45
19-May-11,20.41
18-May-11,20.71
17-May-11,21.03
16-May-11,21.46
13-May-11,20.63
12-May-11,21.23
11-May-11,21.24
10-May-11,21.74
9-May-11,21.5
6-May-11,20.97
5-May-11,21.6
4-May-11,21.18
3-May-11,21.58
2-May-11,20.88
29-Apr-11,19.58
28-Apr-11,20.92
27-Apr-11,21.35
26-Apr-11,21.71
25-Apr-11,20.91
21-Apr-11,20.51
20-Apr-11,20.99
19-Apr-11,22.07
18-Apr-11,22.45
15-Apr-11,21.59
13-Apr-11,20.41
11-Apr-11,21.24
8-Apr-11,20.54
7-Apr-11,20.32
6-Apr-11,20.36
5-Apr-11,19.9
4-Apr-11,20.06
1-Apr-11,20.11
31-Mar-11,22.18
30-Mar-11,22.04
29-Mar-11,21.22
28-Mar-11,21.02
25-Mar-11,20.47
24-Mar-11,19.84
23-Mar-11,20.97
22-Mar-11,22.26
21-Mar-11,25.21
18-Mar-11,25.89
17-Mar-11,25.26
16-Mar-11,24.89
15-Mar-11,26.63
14-Mar-11,23.3
11-Mar-11,24.13
10-Mar-11,23.53
9-Mar-11,23.28
8-Mar-11,23.67
7-Mar-11,25.22
4-Mar-11,22.91
3-Mar-11,22.96
1-Mar-11,22.22
28-Feb-11,24.4
25-Feb-11,27.27
24-Feb-11,28.2
23-Feb-11,26.55
22-Feb-11,26.85
21-Feb-11,24.91
18-Feb-11,24.18
17-Feb-11,22.57
16-Feb-11,23.05
15-Feb-11,22.85
14-Feb-11,22.58
11-Feb-11,23.47
10-Feb-11,24.82
9-Feb-11,25.24
8-Feb-11,24.74
7-Feb-11,24.69
4-Feb-11,24.41
3-Feb-11,22.69
2-Feb-11,23.52
1-Feb-11,23.73
31-Jan-11,23.41
28-Jan-11,22.58
27-Jan-11,22.09
25-Jan-11,20.78
24-Jan-11,20.17
21-Jan-11,21.03
20-Jan-11,21.01
19-Jan-11,21.09
18-Jan-11,21.46
17-Jan-11,23.57
14-Jan-11,23.81
13-Jan-11,23.15
12-Jan-11,21.41
11-Jan-11,22.33
10-Jan-11,23.16
7-Jan-11,20.82
6-Jan-11,18.2
5-Jan-11,17.88
4-Jan-11,17.03
3-Jan-11,16.99
31-Dec-10,16.56
30-Dec-10,17.02
29-Dec-10,17.13
28-Dec-10,18.13
27-Dec-10,18.45
24-Dec-10,17.65
23-Dec-10,19.03
22-Dec-10,19.56
21-Dec-10,19.77
20-Dec-10,20.78
16-Dec-10,20.24
15-Dec-10,21.42
14-Dec-10,21.46
13-Dec-10,22.57
10-Dec-10,21.63
9-Dec-10,22.6
8-Dec-10,20.43
7-Dec-10,19.24
6-Dec-10,19.37
3-Dec-10,18.6
2-Dec-10,18.8
1-Dec-10,19.2
30-Nov-10,20.71
29-Nov-10,21.31
26-Nov-10,22.58
25-Nov-10,21.63
24-Nov-10,24.68
23-Nov-10,23.26
22-Nov-10,19.93
19-Nov-10,21.6
18-Nov-10,20.62
16-Nov-10,21.13
15-Nov-10,20.25
12-Nov-10,21.63
11-Nov-10,19.36
10-Nov-10,19.08
9-Nov-10,18.75
8-Nov-10,19.61
5-Nov-10,19.22
4-Nov-10,19.36
3-Nov-10,21.53
2-Nov-10,21.25
1-Nov-10,20.92
29-Oct-10,20.76
28-Oct-10,20.52
27-Oct-10,21.02
26-Oct-10,20.55
25-Oct-10,21.36
22-Oct-10,21.61
21-Oct-10,22.19
20-Oct-10,23.8
19-Oct-10,23.23
18-Oct-10,22.35
15-Oct-10,22.65
14-Oct-10,20.6
13-Oct-10,20.02
12-Oct-10,20.51
11-Oct-10,21.2
8-Oct-10,21.4
7-Oct-10,22.45
6-Oct-10,21.73
5-Oct-10,22.17
4-Oct-10,22.8
1-Oct-10,21.43
30-Sep-10,22.25
29-Sep-10,22.16
28-Sep-10,21.21
27-Sep-10,22.36
24-Sep-10,21.71
23-Sep-10,23.9
22-Sep-10,24.29
21-Sep-10,22.63
20-Sep-10,21.95
17-Sep-10,19.49
16-Sep-10,18.85
15-Sep-10,19.43
14-Sep-10,18.6
13-Sep-10,18.14
9-Sep-10,15.92
8-Sep-10,15.97
7-Sep-10,15.83
6-Sep-10,15.22
3-Sep-10,15.86
2-Sep-10,16.15
1-Sep-10,16.7
31-Aug-10,18.47
30-Aug-10,18.36
27-Aug-10,19.63
26-Aug-10,17.09
25-Aug-10,18.92
24-Aug-10,16.99
23-Aug-10,17.14
20-Aug-10,16.7
19-Aug-10,16.53
18-Aug-10,16.4
17-Aug-10,17.63
16-Aug-10,18.11
13-Aug-10,16.74
12-Aug-10,18
11-Aug-10,18.11
10-Aug-10,17.33
9-Aug-10,17
6-Aug-10,17.37
5-Aug-10,17.71
4-Aug-10,17.04
3-Aug-10,17.55
2-Aug-10,17.99
30-Jul-10,18.94
29-Jul-10,18.33
28-Jul-10,19.52
27-Jul-10,19.22
26-Jul-10,19.97
23-Jul-10,19.24
22-Jul-10,18.9
21-Jul-10,20
20-Jul-10,20.38
19-Jul-10,20.71
16-Jul-10,19.7
15-Jul-10,20.18
14-Jul-10,20.07
13-Jul-10,19.11
12-Jul-10,19.91
9-Jul-10,20.21
8-Jul-10,21.12
7-Jul-10,22.11
6-Jul-10,20.9
5-Jul-10,21.99
2-Jul-10,21.9
1-Jul-10,21.44
30-Jun-10,20.07
29-Jun-10,20.64
28-Jun-10,19.55
25-Jun-10,20
24-Jun-10,20.07
23-Jun-10,20.34
22-Jun-10,20.64
21-Jun-10,19.41
18-Jun-10,19.96
17-Jun-10,20.85
16-Jun-10,22.67
15-Jun-10,21.98
14-Jun-10,22.95
11-Jun-10,25.1
10-Jun-10,26.5
9-Jun-10,28.16
8-Jun-10,28.77
7-Jun-10,27.99
4-Jun-10,24.72
3-Jun-10,25.29
2-Jun-10,27.76
1-Jun-10,29.08
31-May-10,26.43
28-May-10,26.43
27-May-10,29.01
26-May-10,32.15
25-May-10,34.52
24-May-10,31.3
21-May-10,32.26
20-May-10,31.04
19-May-10,32.04
18-May-10,26.54
17-May-10,27.17
14-May-10,26.53
13-May-10,24.86
12-May-10,25.82
11-May-10,25.81
10-May-10,24.14
7-May-10,27.4
6-May-10,24.36
5-May-10,23.69
4-May-10,23.3
3-May-10,22.14
30-Apr-10,20.35
29-Apr-10,21.19
28-Apr-10,22.73
27-Apr-10,19.82
26-Apr-10,19.79
23-Apr-10,20.21
22-Apr-10,20.53
21-Apr-10,19.23
20-Apr-10,20.87
19-Apr-10,22.66
16-Apr-10,21.78
15-Apr-10,21.58
13-Apr-10,20.14
12-Apr-10,20.05
9-Apr-10,18.44
8-Apr-10,19.92
7-Apr-10,17.32
6-Apr-10,17.2
5-Apr-10,17.17
1-Apr-10,17.62
31-Mar-10,19.87
30-Mar-10,19.8
29-Mar-10,18.73
26-Mar-10,17.89
25-Mar-10,17.05
23-Mar-10,18.13
22-Mar-10,19.96
19-Mar-10,17.75
18-Mar-10,17.97
17-Mar-10,17.73
16-Mar-10,19.59
15-Mar-10,20.26
12-Mar-10,19.73
11-Mar-10,20.14
10-Mar-10,20.09
9-Mar-10,20.8
8-Mar-10,20.73
5-Mar-10,20.74
4-Mar-10,20.98
3-Mar-10,20.75
2-Mar-10,21.63
26-Feb-10,24.02
25-Feb-10,29.55
24-Feb-10,30.4
23-Feb-10,30.99
22-Feb-10,32.13
19-Feb-10,31.9
18-Feb-10,29.76
17-Feb-10,29.04
16-Feb-10,28.73
15-Feb-10,29.68
11-Feb-10,28.81
10-Feb-10,30.55
9-Feb-10,29.91
8-Feb-10,30.36
6-Feb-10,29.22
5-Feb-10,30.07
4-Feb-10,27.07
3-Feb-10,25.54
2-Feb-10,26.69
1-Feb-10,25.61
29-Jan-10,26.13
28-Jan-10,26.96
27-Jan-10,28.92
25-Jan-10,25.82
22-Jan-10,24.85
21-Jan-10,23.5
20-Jan-10,22.29
19-Jan-10,22.34
18-Jan-10,21.55
15-Jan-10,21.08
14-Jan-10,20.98
13-Jan-10,21.99
12-Jan-10,23.08
11-Jan-10,22.68
8-Jan-10,22.57
7-Jan-10,22.5
6-Jan-10,22.12
5-Jan-10,22.27
4-Jan-10,23.64
31-Dec-09,23.34
30-Dec-09,24.62
29-Dec-09,24.41
24-Dec-09,22.69
23-Dec-09,23.84
22-Dec-09,24.52
21-Dec-09,26.19
18-Dec-09,26.66
17-Dec-09,27.25
16-Dec-09,27.36
15-Dec-09,28.32
14-Dec-09,27.89
11-Dec-09,27.15
10-Dec-09,27.2
9-Dec-09,26.99
8-Dec-09,26.46
7-Dec-09,27.67
4-Dec-09,26.14
3-Dec-09,25.99
2-Dec-09,26.03
1-Dec-09,25.45
30-Nov-09,27.56
27-Nov-09,30.06
26-Nov-09,28.31
25-Nov-09,24.85
24-Nov-09,26.09
23-Nov-09,26.69
20-Nov-09,26.64
19-Nov-09,28.55
18-Nov-09,26.39
17-Nov-09,26.78
16-Nov-09,27.95
13-Nov-09,29.09
12-Nov-09,29.64
11-Nov-09,28.96
10-Nov-09,30.06
9-Nov-09,28.92
6-Nov-09,29.04
5-Nov-09,29.57
4-Nov-09,29.89
3-Nov-09,24.43
30-Oct-09,25.39
29-Oct-09,28.22
28-Oct-09,28.48
27-Oct-09,28.18
26-Oct-09,24.49
23-Oct-09,24.49
22-Oct-09,25.49
21-Oct-09,26.78
20-Oct-09,26.69
17-Oct-09,26.28
16-Oct-09,26.02
15-Oct-09,26.64
14-Oct-09,26.38
12-Oct-09,28.2
9-Oct-09,30.25
8-Oct-09,29.87
7-Oct-09,30.48
6-Oct-09,27.75
5-Oct-09,28.72
1-Oct-09,25.37
30-Sep-09,25.27
29-Sep-09,26.06
25-Sep-09,26.11
24-Sep-09,24.36
23-Sep-09,26.51
22-Sep-09,26.8
18-Sep-09,25.86
17-Sep-09,27.27
16-Sep-09,28.32
15-Sep-09,30.2
14-Sep-09,31.67
11-Sep-09,31.17
10-Sep-09,32.58
9-Sep-09,31.66
8-Sep-09,31.97
7-Sep-09,32.21
4-Sep-09,32.51
3-Sep-09,34.11
2-Sep-09,34.96
1-Sep-09,34.98
31-Aug-09,34.51
28-Aug-09,33.27
27-Aug-09,34.84
26-Aug-09,36.27
25-Aug-09,48.3
24-Aug-09,38.51
21-Aug-09,38.51
20-Aug-09,36.83
19-Aug-09,40.21
18-Aug-09,45.04
17-Aug-09,46.49
14-Aug-09,44.24
13-Aug-09,42.8
12-Aug-09,42.52
11-Aug-09,38.2
10-Aug-09,38.19
7-Aug-09,40.85
6-Aug-09,37.65
5-Aug-09,36.7
4-Aug-09,36.8
3-Aug-09,40.65
31-Jul-09,39.21
30-Jul-09,37.59
29-Jul-09,37.33
28-Jul-09,36.07
27-Jul-09,37.39
24-Jul-09,36.47
23-Jul-09,34.05
22-Jul-09,37.14
21-Jul-09,36.59
20-Jul-09,36.97
17-Jul-09,35.89
16-Jul-09,37.59
15-Jul-09,36.15
14-Jul-09,35.05
13-Jul-09,36.58
10-Jul-09,35.83
9-Jul-09,36.64
8-Jul-09,37.38
7-Jul-09,36.17
6-Jul-09,39.89
3-Jul-09,45.86
2-Jul-09,43.88
1-Jul-09,43.15
30-Jun-09,42.54
29-Jun-09,40.31
26-Jun-09,37.99
25-Jun-09,38.59
24-Jun-09,42.22
23-Jun-09,48.23
22-Jun-09,47.53
19-Jun-09,48.95
18-Jun-09,54.49
17-Jun-09,62.05
16-Jun-09,41.69
15-Jun-09,52.71
12-Jun-09,40.83
11-Jun-09,41.02
10-Jun-09,40.47
9-Jun-09,40.76
8-Jun-09,42.27
5-Jun-09,40.55
4-Jun-09,41.31
3-Jun-09,40.67
2-Jun-09,41.04
1-Jun-09,41.83
29-May-09,40.3
28-May-09,44.58
27-May-09,41.57
26-May-09,52.37
25-May-09,43.71
22-May-09,49.64
21-May-09,50.79
20-May-09,50.79
19-May-09,58.1
18-May-09,49.64
15-May-09,49.64
14-May-09,51.25
13-May-09,50.73
12-May-09,50.31
11-May-09,61.03
8-May-09,57.02
7-May-09,54.76
6-May-09,51.21
5-May-09,50.53
4-May-09,49.54
29-Apr-09,46.63
28-Apr-09,48.8
27-Apr-09,49.43
24-Apr-09,47.78
23-Apr-09,57.88
22-Apr-09,57.88
21-Apr-09,53.64
20-Apr-09,54.22
17-Apr-09,50.8
16-Apr-09,50.51
15-Apr-09,48.02
13-Apr-09,46.56
9-Apr-09,43.54
8-Apr-09,43.55
6-Apr-09,41.72
2-Apr-09,37.4
1-Apr-09,36.53
31-Mar-09,39.48
30-Mar-09,40.25
27-Mar-09,37.14
26-Mar-09,36.93
25-Mar-09,28.18
24-Mar-09,36.85
23-Mar-09,37.63
20-Mar-09,35.98
19-Mar-09,35.98
18-Mar-09,38.19
17-Mar-09,38.47
16-Mar-09,36.64
13-Mar-09,35.57
12-Mar-09,38.48
9-Mar-09,41.03
6-Mar-09,37.97
5-Mar-09,41.56
4-Mar-09,42.77
3-Mar-09,44.44
2-Mar-09,43.36
27-Feb-09,40.61
26-Feb-09,39.87
25-Feb-09,41.94
24-Feb-09,45.2
20-Feb-09,45.21
19-Feb-09,43.04
18-Feb-09,43.04
17-Feb-09,44
16-Feb-09,42.56
13-Feb-09,43.31
12-Feb-09,45.65
11-Feb-09,46.65
10-Feb-09,44.3
9-Feb-09,44.58
6-Feb-09,50.65
5-Feb-09,43.92
4-Feb-09,44.39
3-Feb-09,49.24
2-Feb-09,43.69
30-Jan-09,42.1
29-Jan-09,43.11
28-Jan-09,40.76
27-Jan-09,42.86
23-Jan-09,34.01
22-Jan-09,45.55
21-Jan-09,45.41
20-Jan-09,45
19-Jan-09,44.46
16-Jan-09,44.3
15-Jan-09,45.17
14-Jan-09,53.47
13-Jan-09,53.47
12-Jan-09,47.82
9-Jan-09,47.82
7-Jan-09,44.36
6-Jan-09,38.73
5-Jan-09,38.6
2-Jan-09,40.67
1-Jan-09,41.34
31-Dec-08,43.09
30-Dec-08,42.51
29-Dec-08,43.89
26-Dec-08,45.16
24-Dec-08,41.79
23-Dec-08,45.7
22-Dec-08,41.46
19-Dec-08,44.91
18-Dec-08,45.49
17-Dec-08,44.91
16-Dec-08,44.91
15-Dec-08,48.1
12-Dec-08,49.43
11-Dec-08,51.75
10-Dec-08,50.36
8-Dec-08,50.28
5-Dec-08,52.05
4-Dec-08,51.84
3-Dec-08,54.66
2-Dec-08,54.3
1-Dec-08,55.26
28-Nov-08,57.44
26-Nov-08,56.21
25-Nov-08,59.56
24-Nov-08,62.81
21-Nov-08,64.46
20-Nov-08,65.55
19-Nov-08,60.84
18-Nov-08,64.66
17-Nov-08,85.13
14-Nov-08,70.08
12-Nov-08,70.62
11-Nov-08,66.99
10-Nov-08,63.76
7-Nov-08,67.22
6-Nov-08,62.15
5-Nov-08,66.75
4-Nov-08,62.15
3-Nov-08,67.84
31-Oct-08,68.35
29-Oct-08,68.35
28-Oct-08,45.5
27-Oct-08,67.5
24-Oct-08,45.5
23-Oct-08,54.97
22-Oct-08,54.75
21-Oct-08,56
20-Oct-08,57.13
17-Oct-08,46.72
16-Oct-08,47.81
15-Oct-08,46.07
14-Oct-08,46.49
13-Oct-08,46.49
10-Oct-08,39.33
8-Oct-08,39.33
7-Oct-08,39.3
6-Oct-08,33.75
3-Oct-08,35.1
1-Oct-08,35.54
30-Sep-08,37.19
29-Sep-08,34.9
26-Sep-08,33.96
25-Sep-08,34.09
24-Sep-08,35.61
23-Sep-08,38.74
22-Sep-08,37.97
19-Sep-08,39.12
18-Sep-08,39.56
17-Sep-08,33.99
16-Sep-08,34.9
15-Sep-08,33.12
12-Sep-08,30.43
11-Sep-08,32.73
10-Sep-08,32.12
9-Sep-08,30.36
8-Sep-08,30.77
5-Sep-08,32.65
4-Sep-08,31.23
2-Sep-08,30.45
1-Sep-08,31.28
29-Aug-08,31.67
28-Aug-08,33.31
27-Aug-08,32.8
26-Aug-08,33.9
25-Aug-08,45.11
22-Aug-08,35.76
21-Aug-08,36.55
20-Aug-08,33.95
19-Aug-08,34.92
18-Aug-08,35.24
14-Aug-08,35.24
13-Aug-08,34.76
12-Aug-08,33.89
11-Aug-08,31.37
8-Aug-08,35.14
7-Aug-08,35.67
6-Aug-08,34.92
5-Aug-08,35.66
4-Aug-08,40.24
1-Aug-08,38.49
31-Jul-08,39.06
30-Jul-08,51.72
29-Jul-08,61.73
28-Jul-08,54.06
25-Jul-08,42.29
24-Jul-08,40.29
23-Jul-08,37.77
22-Jul-08,35.55
21-Jul-08,40.48
18-Jul-08,36.25
17-Jul-08,35.34
16-Jul-08,31.1
15-Jul-08,49.77
14-Jul-08,31.51
11-Jul-08,33.01
10-Jul-08,32.17
9-Jul-08,34.27
8-Jul-08,36.04
7-Jul-08,37.29
4-Jul-08,35.67
3-Jul-08,36.26
2-Jul-08,35.38
1-Jul-08,31.42
30-Jun-08,30.96
27-Jun-08,32.2
26-Jun-08,32.85
25-Jun-08,36.46
24-Jun-08,34.05
23-Jun-08,31.12
20-Jun-08,28.19
19-Jun-08,32.32
18-Jun-08,31.82
17-Jun-08,28.96
16-Jun-08,29.02
13-Jun-08,30.7
12-Jun-08,29.23
11-Jun-08,29.64
10-Jun-08,30.23
9-Jun-08,32.43
6-Jun-08,30.32
5-Jun-08,30.32
4-Jun-08,29.82
3-Jun-08,28.49
2-Jun-08,29.49
30-May-08,26.68
29-May-08,28.08
28-May-08,32.63
27-May-08,28.59
26-May-08,33.01
23-May-08,34.03
22-May-08,34.86
21-May-08,27.86
20-May-08,24.99
16-May-08,23.25
15-May-08,29.02
14-May-08,29.22
13-May-08,33.43
12-May-08,31.5
9-May-08,27.53
8-May-08,25.94
7-May-08,25.06
6-May-08,24.91
5-May-08,25.07
2-May-08,24.21
30-Apr-08,26.16
29-Apr-08,26.16
28-Apr-08,27.62
25-Apr-08,27.4
24-Apr-08,28.73
23-Apr-08,32.37
22-Apr-08,39.62
21-Apr-08,27.1
17-Apr-08,27.1
16-Apr-08,27.94
15-Apr-08,30.23
11-Apr-08,33.83
10-Apr-08,30.52
9-Apr-08,38.24
8-Apr-08,31.4
7-Apr-08,30.99
4-Apr-08,36.93
3-Apr-08,36.68
2-Apr-08,33.62
1-Apr-08,35.1
31-Mar-08,35.14
28-Mar-08,33.07
27-Mar-08,37.28
26-Mar-08,37.18
25-Mar-08,33.3
24-Mar-08,35.21
19-Mar-08,35.49
18-Mar-08,37.84
17-Mar-08,33.43
14-Mar-08,31.11
13-Mar-08,34.15
12-Mar-08,32.36
11-Mar-08,32.69
10-Mar-08,32.58
7-Mar-08,35.2
5-Mar-08,35.51
4-Mar-08,38.08
3-Mar-08,26.28
29-Feb-08,26.54
28-Feb-08,23.53
27-Feb-08,22.69
26-Feb-08,21.9
25-Feb-08,23.03
22-Feb-08,24.06
21-Feb-08,25.12
20-Feb-08,24.4
19-Feb-08,25.59
15-Feb-08,25.02
14-Feb-08,25.54
13-Feb-08,24.88
12-Feb-08,26.33
11-Feb-08,27.6
8-Feb-08,28.01
7-Feb-08,27.66
6-Feb-08,28.97
5-Feb-08,28.24
4-Feb-08,25.99
1-Feb-08,24.02
31-Jan-08,26.2
30-Jan-08,27.62
29-Jan-08,27.32
28-Jan-08,27.78
25-Jan-08,29.08
24-Jan-08,27.78
23-Jan-08,29.02
22-Jan-08,31.01
18-Jan-08,27.18
17-Jan-08,28.46
16-Jan-08,24.38
15-Jan-08,23.34
14-Jan-08,22.9
11-Jan-08,23.68
10-Jan-08,23.45
9-Jan-08,24.12
8-Jan-08,25.43
7-Jan-08,23.79
4-Jan-08,23.94
3-Jan-08,22.49
2-Jan-08,23.17
31-Dec-07,22.5
28-Dec-07,20.74
27-Dec-07,20.26
26-Dec-07,18.66
24-Dec-07,18.6
21-Dec-07,18.47
20-Dec-07,20.58
19-Dec-07,21.68
18-Dec-07,22.64
17-Dec-07,24.52
14-Dec-07,23.27
13-Dec-07,22.56
12-Dec-07,22.47
11-Dec-07,23.59
10-Dec-07,20.74
7-Dec-07,20.85
6-Dec-07,20.96
5-Dec-07,22.53
4-Dec-07,23.79
3-Dec-07,23.61
30-Nov-07,22.87
29-Nov-07,23.97
28-Nov-07,24.11
27-Nov-07,26.28
26-Nov-07,28.91
23-Nov-07,25.61
21-Nov-07,26.84
20-Nov-07,24.88
19-Nov-07,26.01
16-Nov-07,25.49
15-Nov-07,28.06
14-Nov-07,25.94
13-Nov-07,24.1
12-Nov-07,31.09
9-Nov-07,28.5
8-Nov-07,26.16
7-Nov-07,26.49
6-Nov-07,21.39
5-Nov-07,24.31
2-Nov-07,23.01
1-Nov-07,23.21
31-Oct-07,18.53
30-Oct-07,21.07
29-Oct-07,19.87
26-Oct-07,19.56
25-Oct-07,21.17
24-Oct-07,20.8
23-Oct-07,20.41
22-Oct-07,21.64
19-Oct-07,22.96
18-Oct-07,18.5
17-Oct-07,18.54
16-Oct-07,20.02
15-Oct-07,19.25
12-Oct-07,17.73
11-Oct-07,18.88
10-Oct-07,16.67
9-Oct-07,16.12
8-Oct-07,17.46
5-Oct-07,16.91
4-Oct-07,18.44
3-Oct-07,18.8
2-Oct-07,18.49
1-Oct-07,17.84
28-Sep-07,18
27-Sep-07,17
26-Sep-07,17.63
25-Sep-07,18.6
24-Sep-07,19.37
21-Sep-07,19
20-Sep-07,20.45
19-Sep-07,20.03
18-Sep-07,20.35
17-Sep-07,26.48
14-Sep-07,24.92
13-Sep-07,24.76
12-Sep-07,24.96
11-Sep-07,25.27
10-Sep-07,27.38
7-Sep-07,26.23
6-Sep-07,23.99
5-Sep-07,24.58
4-Sep-07,22.78
31-Aug-07,23.38
30-Aug-07,25.06
29-Aug-07,23.81
28-Aug-07,26.3
27-Aug-07,22.72
24-Aug-07,20.72
23-Aug-07,22.62
22-Aug-07,22.89
21-Aug-07,25.25
20-Aug-07,26.33
17-Aug-07,29.99
16-Aug-07,30.83
15-Aug-07,30.67
14-Aug-07,27.68
13-Aug-07,26.57
10-Aug-07,28.3
9-Aug-07,26.48
8-Aug-07,21.45
7-Aug-07,21.56
6-Aug-07,22.94
3-Aug-07,25.16
2-Aug-07,21.22
1-Aug-07,23.67
31-Jul-07,23.52
30-Jul-07,20.87
27-Jul-07,24.17
26-Jul-07,20.74
25-Jul-07,18.1
24-Jul-07,18.55
23-Jul-07,16.81
20-Jul-07,16.95
19-Jul-07,15.23
18-Jul-07,16
17-Jul-07,15.63
16-Jul-07,15.59
13-Jul-07,15.15
12-Jul-07,15.54
11-Jul-07,16.64
10-Jul-07,17.57
9-Jul-07,15.16
6-Jul-07,14.72
5-Jul-07,15.48
3-Jul-07,14.92
2-Jul-07,15.4
29-Jun-07,16.23
28-Jun-07,15.54
27-Jun-07,15.53
26-Jun-07,18.89
25-Jun-07,16.65
22-Jun-07,15.75
21-Jun-07,14.21
20-Jun-07,14.67
19-Jun-07,12.85
18-Jun-07,13.42
15-Jun-07,13.94
14-Jun-07,13.64
13-Jun-07,14.73
12-Jun-07,16.67
11-Jun-07,14.71
8-Jun-07,14.84
7-Jun-07,17.06
6-Jun-07,14.87
5-Jun-07,13.63
4-Jun-07,13.29
1-Jun-07,12.78
31-May-07,13.05
30-May-07,12.83
29-May-07,13.53
25-May-07,13.34
24-May-07,14.08
23-May-07,13.24
22-May-07,13.06
21-May-07,13.3
18-May-07,12.76
17-May-07,13.51
16-May-07,13.5
15-May-07,14.01
14-May-07,13.96
11-May-07,12.95
10-May-07,13.6
9-May-07,12.88
8-May-07,13.21
7-May-07,13.15
4-May-07,12.91
3-May-07,13.09
2-May-07,13.08
1-May-07,13.51
30-Apr-07,14.22
27-Apr-07,12.45
26-Apr-07,12.79
25-Apr-07,13.21
24-Apr-07,13.12
23-Apr-07,13.04
20-Apr-07,12.07
19-Apr-07,12.54
18-Apr-07,12.42
17-Apr-07,12.14
16-Apr-07,11.98
13-Apr-07,12.2
12-Apr-07,12.71
11-Apr-07,13.49
10-Apr-07,12.68
9-Apr-07,13.14
5-Apr-07,13.23
4-Apr-07,13.24
3-Apr-07,13.46
2-Apr-07,14.53
30-Mar-07,14.64
29-Mar-07,15.14
28-Mar-07,14.98
27-Mar-07,13.48
26-Mar-07,13.16
23-Mar-07,12.95
22-Mar-07,12.93
21-Mar-07,12.19
20-Mar-07,13.27
19-Mar-07,14.59
16-Mar-07,16.79
15-Mar-07,16.43
14-Mar-07,17.27
13-Mar-07,18.13
12-Mar-07,13.99
9-Mar-07,14.09
8-Mar-07,14.29
7-Mar-07,15.24
6-Mar-07,15.96
5-Mar-07,19.63
2-Mar-07,18.61
1-Mar-07,15.82
28-Feb-07,15.42
27-Feb-07,18.31
26-Feb-07,11.15
23-Feb-07,10.58
22-Feb-07,10.18
21-Feb-07,10.2
20-Feb-07,10.24
16-Feb-07,10.02
15-Feb-07,10.22
14-Feb-07,10.23
13-Feb-07,10.34
12-Feb-07,11.61
9-Feb-07,11.1
8-Feb-07,10.44
7-Feb-07,10.32
6-Feb-07,10.65
5-Feb-07,10.55
2-Feb-07,10.08
1-Feb-07,10.31
31-Jan-07,10.42
30-Jan-07,10.96
29-Jan-07,11.45
26-Jan-07,11.13
25-Jan-07,11.22
24-Jan-07,9.89
23-Jan-07,10.34
22-Jan-07,10.77
19-Jan-07,10.4
18-Jan-07,10.85
17-Jan-07,10.59
16-Jan-07,10.74
12-Jan-07,10.15
11-Jan-07,10.87
10-Jan-07,11.47
9-Jan-07,11.91
8-Jan-07,12
5-Jan-07,12.14
4-Jan-07,11.51
3-Jan-07,12.04
29-Dec-06,11.56
28-Dec-06,10.99
27-Dec-06,10.64
26-Dec-06,11.26
22-Dec-06,11.36
21-Dec-06,10.53
20-Dec-06,10.26
19-Dec-06,10.3
18-Dec-06,10.6
15-Dec-06,10.05
14-Dec-06,9.97
13-Dec-06,10.18
12-Dec-06,10.65
11-Dec-06,10.71
8-Dec-06,12.07
7-Dec-06,12.67
6-Dec-06,11.33
5-Dec-06,11.27
4-Dec-06,11.23
1-Dec-06,11.66
30-Nov-06,10.91
29-Nov-06,10.83
28-Nov-06,11.62
27-Nov-06,12.3
24-Nov-06,10.73
22-Nov-06,10.14
21-Nov-06,9.9
20-Nov-06,9.97
17-Nov-06,10.05
16-Nov-06,10.16
15-Nov-06,10.31
14-Nov-06,10.5
13-Nov-06,10.86
10-Nov-06,10.79
9-Nov-06,11.01
8-Nov-06,10.75
7-Nov-06,11.09
6-Nov-06,11.16
3-Nov-06,11.16
2-Nov-06,11.42
1-Nov-06,11.51
31-Oct-06,11.1
30-Oct-06,11.2
27-Oct-06,10.8
26-Oct-06,10.56
25-Oct-06,10.66
24-Oct-06,10.78
23-Oct-06,11.08
20-Oct-06,10.63
19-Oct-06,10.9
18-Oct-06,11.34
17-Oct-06,11.73
16-Oct-06,11.09
13-Oct-06,10.75
12-Oct-06,11.09
11-Oct-06,11.62
10-Oct-06,11.52
9-Oct-06,11.68
6-Oct-06,11.56
5-Oct-06,11.98
4-Oct-06,11.86
3-Oct-06,12.24
2-Oct-06,12.57
29-Sep-06,11.98
28-Sep-06,11.72
27-Sep-06,11.58
26-Sep-06,11.53
25-Sep-06,12.12
22-Sep-06,12.59
21-Sep-06,12.25
20-Sep-06,11.39
19-Sep-06,11.98
18-Sep-06,11.78
15-Sep-06,11.76
14-Sep-06,11.55
13-Sep-06,11.18
12-Sep-06,11.92
11-Sep-06,12.99
8-Sep-06,13.16
7-Sep-06,13.88
6-Sep-06,13.74
5-Sep-06,12.63
1-Sep-06,11.96
31-Aug-06,12.31
30-Aug-06,12.22
29-Aug-06,12.28
28-Aug-06,12.18
25-Aug-06,12.31
24-Aug-06,12.4
23-Aug-06,12.4
22-Aug-06,12.19
21-Aug-06,12.22
18-Aug-06,11.64
17-Aug-06,12.24
16-Aug-06,12.41
15-Aug-06,13.42
14-Aug-06,14.26
11-Aug-06,14.3
10-Aug-06,14.46
9-Aug-06,15.2
8-Aug-06,15.23
7-Aug-06,15.23
4-Aug-06,14.34
3-Aug-06,14.46
2-Aug-06,14.34
1-Aug-06,15.05
31-Jul-06,14.95
28-Jul-06,14.33
27-Jul-06,14.94
26-Jul-06,14.62
25-Jul-06,14.85
24-Jul-06,14.98
21-Jul-06,17.4
20-Jul-06,16.21
19-Jul-06,15.55
18-Jul-06,17.74
17-Jul-06,18.64
14-Jul-06,18.05
13-Jul-06,17.79
12-Jul-06,14.49
11-Jul-06,13.14
10-Jul-06,14.02
7-Jul-06,13.97
6-Jul-06,13.65
5-Jul-06,14.15
3-Jul-06,13.05
30-Jun-06,13.08
29-Jun-06,13.03
28-Jun-06,15.79
27-Jun-06,16.4
26-Jun-06,15.62
23-Jun-06,15.89
22-Jun-06,15.88
21-Jun-06,15.52
20-Jun-06,16.69
19-Jun-06,17.83
16-Jun-06,17.25
15-Jun-06,15.9
14-Jun-06,21.46
13-Jun-06,23.81
12-Jun-06,20.96
9-Jun-06,18.12
8-Jun-06,18.35
7-Jun-06,17.8
6-Jun-06,17.34
5-Jun-06,16.65
2-Jun-06,14.32
1-Jun-06,14.52
31-May-06,16.44
30-May-06,18.66
26-May-06,14.26
25-May-06,15.5
24-May-06,17.36
23-May-06,18.26
22-May-06,17.72
19-May-06,17.18
18-May-06,16.99
17-May-06,16.26
16-May-06,13.35
15-May-06,13.57
12-May-06,14.19
11-May-06,12.49
10-May-06,11.78
9-May-06,11.99
8-May-06,12
5-May-06,11.62
4-May-06,11.86
3-May-06,11.99
2-May-06,11.99
1-May-06,12.54
28-Apr-06,11.59
27-Apr-06,11.84
26-Apr-06,11.76
25-Apr-06,11.75
24-Apr-06,11.75
21-Apr-06,11.59
20-Apr-06,11.64
19-Apr-06,11.32
18-Apr-06,11.4
17-Apr-06,12.58
13-Apr-06,12.38
12-Apr-06,12.76
11-Apr-06,13
10-Apr-06,12.19
7-Apr-06,12.26
6-Apr-06,11.45
5-Apr-06,11.13
4-Apr-06,11.14
3-Apr-06,11.57
31-Mar-06,11.39
30-Mar-06,11.57
29-Mar-06,10.95
28-Mar-06,11.58
27-Mar-06,11.46
24-Mar-06,11.19
23-Mar-06,11.17
22-Mar-06,11.21
21-Mar-06,11.62
20-Mar-06,11.79
17-Mar-06,12.12
16-Mar-06,11.98
15-Mar-06,11.35
14-Mar-06,10.74
13-Mar-06,11.37
10-Mar-06,11.85
9-Mar-06,12.68
8-Mar-06,12.32
7-Mar-06,12.66
6-Mar-06,12.74
3-Mar-06,11.96
2-Mar-06,11.72
1-Mar-06,11.54
28-Feb-06,12.34
27-Feb-06,11.59
24-Feb-06,11.46
23-Feb-06,11.87
22-Feb-06,11.88
21-Feb-06,12.41
17-Feb-06,12.01
16-Feb-06,11.48
15-Feb-06,12.31
14-Feb-06,12.25
13-Feb-06,13.35
10-Feb-06,12.87
9-Feb-06,13.12
8-Feb-06,12.83
7-Feb-06,13.59
6-Feb-06,13.04
3-Feb-06,12.96
2-Feb-06,13.23
1-Feb-06,12.36
31-Jan-06,12.95
30-Jan-06,12.39
27-Jan-06,11.97
26-Jan-06,12.42
25-Jan-06,12.87
24-Jan-06,13.31
23-Jan-06,13.93
20-Jan-06,14.56
19-Jan-06,11.98
18-Jan-06,12.25
17-Jan-06,11.91
13-Jan-06,11.23
12-Jan-06,11.2
11-Jan-06,10.94
10-Jan-06,10.86
9-Jan-06,11.13
6-Jan-06,11
5-Jan-06,11.31
4-Jan-06,11.37
3-Jan-06,11.14
30-Dec-05,12.07
29-Dec-05,11.61
28-Dec-05,11.35
27-Dec-05,11.57
23-Dec-05,10.27
22-Dec-05,10.29
21-Dec-05,10.81
20-Dec-05,11.19
19-Dec-05,11.38
16-Dec-05,10.68
15-Dec-05,10.73
14-Dec-05,10.48
13-Dec-05,11.11
12-Dec-05,11.47
9-Dec-05,11.69
8-Dec-05,12.21
7-Dec-05,12.18
6-Dec-05,11.52
5-Dec-05,11.6
2-Dec-05,11.01
1-Dec-05,11.24
30-Nov-05,12.06
29-Nov-05,11.89
28-Nov-05,11.84
25-Nov-05,10.88
23-Nov-05,10.96
22-Nov-05,10.6
21-Nov-05,10.82
18-Nov-05,11.12
17-Nov-05,11.25
16-Nov-05,12.26
15-Nov-05,12.23
14-Nov-05,12.18
11-Nov-05,11.63
10-Nov-05,11.9
9-Nov-05,12.8
8-Nov-05,13.08
7-Nov-05,13.1
4-Nov-05,13.17
3-Nov-05,13
2-Nov-05,13.48
1-Nov-05,14.85
31-Oct-05,15.32
28-Oct-05,14.25
27-Oct-05,16.02
26-Oct-05,14.59
25-Oct-05,14.53
24-Oct-05,14.74
21-Oct-05,16.13
20-Oct-05,16.11
19-Oct-05,13.5
18-Oct-05,15.33
17-Oct-05,14.67
14-Oct-05,14.87
13-Oct-05,16.47
12-Oct-05,16.22
11-Oct-05,15.63
10-Oct-05,15.55
7-Oct-05,14.59
6-Oct-05,14.96
5-Oct-05,14.55
4-Oct-05,13.2
3-Oct-05,12.46
30-Sep-05,11.92
29-Sep-05,12.24
28-Sep-05,12.63
27-Sep-05,12.76
26-Sep-05,13.04
23-Sep-05,12.96
22-Sep-05,13.33
21-Sep-05,13.79
20-Sep-05,12.64
19-Sep-05,12.14
16-Sep-05,11.22
15-Sep-05,12.49
14-Sep-05,12.91
13-Sep-05,12.39
12-Sep-05,11.65
9-Sep-05,11.98
8-Sep-05,12.93
7-Sep-05,12.52
6-Sep-05,12.93
2-Sep-05,13.57
1-Sep-05,13.15
31-Aug-05,12.6
30-Aug-05,13.65
29-Aug-05,13.52
26-Aug-05,13.72
25-Aug-05,13.73
24-Aug-05,14.17
23-Aug-05,13.34
22-Aug-05,13.42
19-Aug-05,13.42
18-Aug-05,13.42
17-Aug-05,13.3
16-Aug-05,13.52
15-Aug-05,12.26
12-Aug-05,12.74
11-Aug-05,12.42
10-Aug-05,12.38
9-Aug-05,12.4
8-Aug-05,13.21
5-Aug-05,12.48
4-Aug-05,12.52
3-Aug-05,11.83
2-Aug-05,11.75
1-Aug-05,12.08
29-Jul-05,11.57
28-Jul-05,10.52
27-Jul-05,10.36
26-Jul-05,10.99
25-Jul-05,11.1
22-Jul-05,10.52
21-Jul-05,10.97
20-Jul-05,10.23
19-Jul-05,10.45
18-Jul-05,10.77
15-Jul-05,10.33
14-Jul-05,10.81
13-Jul-05,10.84
12-Jul-05,10.95
11-Jul-05,11.28
8-Jul-05,11.45
7-Jul-05,12.49
6-Jul-05,12.27
5-Jul-05,11.68
1-Jul-05,11.4
30-Jun-05,12.04
29-Jun-05,11.77
28-Jun-05,11.58
27-Jun-05,12.52
24-Jun-05,12.18
23-Jun-05,12.13
22-Jun-05,11.05
21-Jun-05,11.08
20-Jun-05,11.47
17-Jun-05,11.48
16-Jun-05,11.15
15-Jun-05,11.46
14-Jun-05,11.79
13-Jun-05,11.65
10-Jun-05,11.96
9-Jun-05,12.08
8-Jun-05,12.7
7-Jun-05,12.39
6-Jun-05,12.28
3-Jun-05,12.15
2-Jun-05,11.84
1-Jun-05,12.36
31-May-05,13.29
27-May-05,12.15
26-May-05,12.24
25-May-05,12.58
24-May-05,12.69
23-May-05,12.95
20-May-05,13.14
19-May-05,13.32
18-May-05,13.63
17-May-05,14.57
16-May-05,15.68
13-May-05,16.32
12-May-05,16.12
11-May-05,14.45
10-May-05,14.91
9-May-05,13.75
6-May-05,14.05
5-May-05,13.98
4-May-05,13.85
3-May-05,14.53
2-May-05,15.12
29-Apr-05,15.31
28-Apr-05,16.86
27-Apr-05,14.87
26-Apr-05,14.91
25-Apr-05,14.62
22-Apr-05,15.38
21-Apr-05,14.41
20-Apr-05,16.92
19-Apr-05,14.96
18-Apr-05,16.56
15-Apr-05,17.74
14-Apr-05,14.53
13-Apr-05,13.31
12-Apr-05,11.3
11-Apr-05,11.98
8-Apr-05,12.62
7-Apr-05,12.33
6-Apr-05,13.15
5-Apr-05,13.68
4-Apr-05,14.11
1-Apr-05,14.09
31-Mar-05,14.02
30-Mar-05,13.64
29-Mar-05,14.49
28-Mar-05,13.75
24-Mar-05,13.42
23-Mar-05,14.06
22-Mar-05,14.27
21-Mar-05,13.61
18-Mar-05,13.14
17-Mar-05,13.29
16-Mar-05,13.49
15-Mar-05,13.15
14-Mar-05,12.39
11-Mar-05,12.8
10-Mar-05,12.49
9-Mar-05,12.7
8-Mar-05,12.4
7-Mar-05,12.26
4-Mar-05,11.94
3-Mar-05,12.93
2-Mar-05,12.5
1-Mar-05,12.04
28-Feb-05,12.08
25-Feb-05,11.49
24-Feb-05,11.57
23-Feb-05,12.39
22-Feb-05,13.14
18-Feb-05,11.18
17-Feb-05,11.77
16-Feb-05,11.1
15-Feb-05,11.27
14-Feb-05,11.52
11-Feb-05,11.43
10-Feb-05,11.51
9-Feb-05,12
8-Feb-05,11.6
7-Feb-05,11.73
4-Feb-05,11.21
3-Feb-05,11.79
2-Feb-05,11.66
1-Feb-05,12.03
31-Jan-05,12.82
28-Jan-05,13.24
27-Jan-05,13.24
26-Jan-05,13.44
25-Jan-05,14.06
24-Jan-05,14.65
21-Jan-05,14.36
20-Jan-05,13.83
19-Jan-05,13.18
18-Jan-05,12.47
14-Jan-05,12.43
13-Jan-05,12.84
12-Jan-05,12.56
11-Jan-05,13.19
10-Jan-05,13.23
7-Jan-05,13.49
6-Jan-05,13.58
5-Jan-05,14.09
4-Jan-05,13.98
3-Jan-05,14.08
