Date,USD-INR price
21-Jun-19,69.615
20-Jun-19,69.52
19-Jun-19,69.65
18-Jun-19,69.61
17-Jun-19,69.85
16-Jun-19,69.781
14-Jun-19,69.833
13-Jun-19,69.531
12-Jun-19,69.375
11-Jun-19,69.385
10-Jun-19,69.535
9-Jun-19,69.355
7-Jun-19,69.355
6-Jun-19,69.165
5-Jun-19,69.385
4-Jun-19,69.291
3-Jun-19,69.171
2-Jun-19,69.58
31-May-19,69.58
30-May-19,69.825
29-May-19,69.845
28-May-19,69.61
27-May-19,69.504
26-May-19,69.37
24-May-19,69.38
23-May-19,69.665
22-May-19,69.65
21-May-19,69.645
20-May-19,69.609
19-May-19,70.291
17-May-19,70.28
16-May-19,70.13
15-May-19,70.249
14-May-19,70.332
13-May-19,70.57
12-May-19,69.933
10-May-19,70.015
9-May-19,70.2
8-May-19,69.72
7-May-19,69.645
6-May-19,69.38
5-May-19,69.178
3-May-19,69.096
2-May-19,69.41
1-May-19,69.545
30-Apr-19,69.647
29-Apr-19,69.817
28-Apr-19,69.852
26-Apr-19,69.85
25-Apr-19,70.17
24-Apr-19,69.96
23-Apr-19,69.77
22-Apr-19,69.7
21-Apr-19,69.37
19-Apr-19,69.407
18-Apr-19,69.395
17-Apr-19,69.431
16-Apr-19,69.53
15-Apr-19,69.395
14-Apr-19,69.171
12-Apr-19,69.19
11-Apr-19,69.02
10-Apr-19,69.15
9-Apr-19,69.28
8-Apr-19,69.555
7-Apr-19,69.17
5-Apr-19,69.17
4-Apr-19,68.98
3-Apr-19,68.45
2-Apr-19,68.92
1-Apr-19,69.205
31-Mar-19,69.44
29-Mar-19,69.185
28-Mar-19,69.19
27-Mar-19,69.1
26-Mar-19,68.996
25-Mar-19,68.89
24-Mar-19,69.171
22-Mar-19,69.17
21-Mar-19,68.81
20-Mar-19,68.79
19-Mar-19,69.015
18-Mar-19,68.625
17-Mar-19,68.963
15-Mar-19,68.963
14-Mar-19,69.365
13-Mar-19,69.529
12-Mar-19,69.625
11-Mar-19,69.85
10-Mar-19,69.997
8-Mar-19,70.011
7-Mar-19,70.116
6-Mar-19,70.08
5-Mar-19,70.49
4-Mar-19,70.91
3-Mar-19,71
1-Mar-19,71
28-Feb-19,70.84
27-Feb-19,71.2
26-Feb-19,70.96
25-Feb-19,70.835
24-Feb-19,71.041
22-Feb-19,71.035
21-Feb-19,71.165
20-Feb-19,71.01
19-Feb-19,71.3
18-Feb-19,71.386
17-Feb-19,71.33
15-Feb-19,71.33
14-Feb-19,71.02
13-Feb-19,70.875
12-Feb-19,70.535
11-Feb-19,71.14
10-Feb-19,71.16
8-Feb-19,71.175
7-Feb-19,71.3
6-Feb-19,71.55
5-Feb-19,71.53
4-Feb-19,71.71
3-Feb-19,71.462
1-Feb-19,71.435
31-Jan-19,70.96
30-Jan-19,71.235
29-Jan-19,71.39
28-Jan-19,71.07
27-Jan-19,70.985
25-Jan-19,70.9
24-Jan-19,71
23-Jan-19,71.19
22-Jan-19,71.26
21-Jan-19,71.188
20-Jan-19,71.24
18-Jan-19,71.21
17-Jan-19,71.05
16-Jan-19,70.98
15-Jan-19,71.1
14-Jan-19,70.76
13-Jan-19,70.38
11-Jan-19,70.398
10-Jan-19,70.42
9-Jan-19,70.56
8-Jan-19,70.14
7-Jan-19,69.803
6-Jan-19,69.535
4-Jan-19,69.55
3-Jan-19,70.11
2-Jan-19,70
1-Jan-19,69.453
31-Dec-18,69.57
30-Dec-18,69.933
28-Dec-18,69.933
27-Dec-18,70.361
26-Dec-18,70.07
25-Dec-18,70.05
24-Dec-18,70.105
23-Dec-18,70.15
21-Dec-18,70.14
20-Dec-18,69.98
19-Dec-18,70.278
18-Dec-18,70.62
17-Dec-18,71.61
16-Dec-18,71.92
14-Dec-18,71.92
13-Dec-18,71.53
12-Dec-18,71.84
11-Dec-18,72.29
10-Dec-18,72.52
9-Dec-18,71.375
7-Dec-18,70.86
6-Dec-18,70.85
5-Dec-18,70.56
4-Dec-18,70.53
3-Dec-18,70.44
2-Dec-18,69.77
30-Nov-18,69.65
29-Nov-18,69.78
28-Nov-18,70.64
27-Nov-18,70.785
26-Nov-18,70.82
25-Nov-18,70.675
23-Nov-18,70.655
22-Nov-18,70.69
21-Nov-18,71.305
20-Nov-18,71.43
19-Nov-18,71.61
18-Nov-18,71.785
16-Nov-18,71.98
15-Nov-18,71.915
14-Nov-18,72.31
13-Nov-18,72.615
12-Nov-18,72.86
11-Nov-18,72.48
9-Nov-18,72.48
8-Nov-18,72.38
7-Nov-18,72.45
6-Nov-18,72.955
5-Nov-18,73.08
4-Nov-18,72.915
2-Nov-18,72.44
1-Nov-18,73.455
31-Oct-18,73.96
30-Oct-18,73.68
29-Oct-18,73.4
28-Oct-18,73.461
26-Oct-18,73.46
25-Oct-18,73.23
24-Oct-18,73.23
23-Oct-18,73.55
22-Oct-18,73.56
21-Oct-18,73.475
19-Oct-18,73.375
18-Oct-18,73.53
17-Oct-18,73.6
16-Oct-18,73.465
15-Oct-18,73.77
14-Oct-18,73.686
12-Oct-18,73.61
11-Oct-18,74.05
10-Oct-18,74.25
9-Oct-18,74.34
8-Oct-18,74.065
7-Oct-18,73.771
5-Oct-18,73.77
4-Oct-18,73.63
3-Oct-18,73.345
2-Oct-18,72.925
1-Oct-18,72.925
30-Sep-18,72.515
28-Sep-18,72.51
27-Sep-18,72.57
26-Sep-18,72.6
25-Sep-18,72.685
24-Sep-18,72.67
23-Sep-18,72.24
21-Sep-18,72.24
20-Sep-18,72.015
19-Sep-18,72.36
18-Sep-18,72.71
17-Sep-18,72.54
16-Sep-18,72.105
14-Sep-18,71.88
13-Sep-18,72.037
12-Sep-18,72.16
11-Sep-18,72.64
10-Sep-18,72.455
9-Sep-18,72.105
7-Sep-18,71.79
6-Sep-18,71.95
5-Sep-18,71.755
4-Sep-18,71.585
3-Sep-18,71.215
2-Sep-18,71.005
31-Aug-18,71.005
30-Aug-18,70.745
29-Aug-18,70.535
28-Aug-18,70.1
27-Aug-18,70.165
26-Aug-18,69.775
24-Aug-18,69.97
23-Aug-18,70.105
22-Aug-18,69.87
21-Aug-18,69.86
20-Aug-18,69.82
19-Aug-18,69.795
17-Aug-18,70.1
16-Aug-18,70.09
15-Aug-18,69.92
14-Aug-18,69.96
13-Aug-18,70.02
12-Aug-18,69.095
10-Aug-18,68.89
9-Aug-18,68.76
8-Aug-18,68.66
7-Aug-18,68.63
6-Aug-18,68.83
5-Aug-18,68.515
3-Aug-18,68.545
2-Aug-18,68.625
1-Aug-18,68.35
31-Jul-18,68.46
30-Jul-18,68.605
29-Jul-18,68.625
27-Jul-18,68.605
26-Jul-18,68.66
25-Jul-18,68.73
24-Jul-18,68.948
23-Jul-18,68.845
22-Jul-18,68.743
20-Jul-18,68.74
19-Jul-18,69.02
18-Jul-18,68.625
17-Jul-18,68.43
16-Jul-18,68.55
15-Jul-18,68.497
13-Jul-18,68.5
12-Jul-18,68.52
11-Jul-18,68.73
10-Jul-18,68.755
9-Jul-18,68.66
8-Jul-18,68.765
6-Jul-18,68.805
5-Jul-18,68.88
4-Jul-18,68.69
3-Jul-18,68.55
2-Jul-18,68.72
1-Jul-18,68.445
29-Jun-18,68.46
28-Jun-18,68.84
27-Jun-18,68.64
26-Jun-18,68.37
25-Jun-18,68.115
24-Jun-18,67.865
22-Jun-18,67.87
21-Jun-18,67.945
20-Jun-18,68.06
19-Jun-18,68.31
18-Jun-18,68.04
17-Jun-18,68.06
15-Jun-18,68.06
14-Jun-18,67.69
13-Jun-18,67.645
12-Jun-18,67.48
11-Jun-18,67.47
10-Jun-18,67.52
8-Jun-18,67.53
7-Jun-18,67.42
6-Jun-18,66.84
5-Jun-18,67.1
4-Jun-18,67.07
3-Jun-18,66.935
1-Jun-18,66.995
31-May-18,67.43
30-May-18,67.44
29-May-18,67.84
28-May-18,67.4
27-May-18,67.732
25-May-18,67.73
24-May-18,68.34
23-May-18,68.37
22-May-18,68.02
21-May-18,68.115
18-May-18,67.99
17-May-18,67.765
16-May-18,67.775
15-May-18,68.08
14-May-18,67.56
11-May-18,67.36
10-May-18,67.245
9-May-18,67.35
8-May-18,67.13
7-May-18,67.14
4-May-18,66.82
3-May-18,66.67
2-May-18,66.69
1-May-18,66.8
30-Apr-18,66.46
27-Apr-18,66.62
26-Apr-18,66.805
25-Apr-18,66.92
24-Apr-18,66.41
23-Apr-18,66.53
20-Apr-18,66.21
19-Apr-18,65.87
18-Apr-18,65.72
17-Apr-18,65.68
16-Apr-18,65.47
13-Apr-18,65.255
12-Apr-18,65.29
11-Apr-18,65.26
10-Apr-18,64.95
9-Apr-18,64.955
6-Apr-18,64.93
5-Apr-18,64.89
4-Apr-18,65.045
3-Apr-18,65
2-Apr-18,65.13
30-Mar-18,65.115
29-Mar-18,65.115
28-Mar-18,65.16
27-Mar-18,64.945
26-Mar-18,64.825
23-Mar-18,64.99
22-Mar-18,65.105
21-Mar-18,65.18
20-Mar-18,65.21
19-Mar-18,65.22
16-Mar-18,64.99
15-Mar-18,64.99
14-Mar-18,64.84
13-Mar-18,64.855
12-Mar-18,64.985
9-Mar-18,65.125
8-Mar-18,65.105
7-Mar-18,64.88
6-Mar-18,64.905
5-Mar-18,65.025
2-Mar-18,65.22
1-Mar-18,65.23
28-Feb-18,65.21
27-Feb-18,64.92
26-Feb-18,64.77
23-Feb-18,64.71
22-Feb-18,64.975
21-Feb-18,64.805
20-Feb-18,64.86
19-Feb-18,64.25
16-Feb-18,64.215
15-Feb-18,63.9
14-Feb-18,64.1
13-Feb-18,64.265
12-Feb-18,64.28
9-Feb-18,64.375
8-Feb-18,64.3
7-Feb-18,64.28
6-Feb-18,64.23
5-Feb-18,64.14
2-Feb-18,64.13
1-Feb-18,63.98
31-Jan-18,63.55
30-Jan-18,63.69
29-Jan-18,63.6
26-Jan-18,63.59
25-Jan-18,63.515
24-Jan-18,63.66
23-Jan-18,63.76
22-Jan-18,63.89
19-Jan-18,63.83
18-Jan-18,63.87
17-Jan-18,63.885
16-Jan-18,64.02
15-Jan-18,63.515
12-Jan-18,63.61
11-Jan-18,63.69
10-Jan-18,63.63
9-Jan-18,63.67
8-Jan-18,63.475
5-Jan-18,63.34
4-Jan-18,63.4
3-Jan-18,63.505
2-Jan-18,63.46
1-Jan-18,63.68
29-Dec-17,63.84
28-Dec-17,64.08
27-Dec-17,64.12
26-Dec-17,64.05
25-Dec-17,64.02
22-Dec-17,64.02
21-Dec-17,64.02
20-Dec-17,64.115
19-Dec-17,64.06
18-Dec-17,64.21
15-Dec-17,64.08
14-Dec-17,64.34
13-Dec-17,64.46
12-Dec-17,64.41
11-Dec-17,64.355
8-Dec-17,64.48
7-Dec-17,64.57
6-Dec-17,64.53
5-Dec-17,64.36
4-Dec-17,64.38
1-Dec-17,64.52
30-Nov-17,64.49
29-Nov-17,64.36
28-Nov-17,64.41
27-Nov-17,64.478
24-Nov-17,64.68
23-Nov-17,64.57
22-Nov-17,64.88
21-Nov-17,64.88
20-Nov-17,65.1
17-Nov-17,65.015
16-Nov-17,65.295
15-Nov-17,65.27
14-Nov-17,65.41
13-Nov-17,65.44
10-Nov-17,65.19
9-Nov-17,64.975
8-Nov-17,64.92
7-Nov-17,65.06
6-Nov-17,64.625
3-Nov-17,64.56
2-Nov-17,64.575
1-Nov-17,64.565
31-Oct-17,64.75
30-Oct-17,64.86
27-Oct-17,65.04
26-Oct-17,64.84
25-Oct-17,64.925
24-Oct-17,65.09
23-Oct-17,65.022
20-Oct-17,65.04
19-Oct-17,64.995
18-Oct-17,65.055
17-Oct-17,65.03
16-Oct-17,64.7
13-Oct-17,64.7
12-Oct-17,65.06
11-Oct-17,65.16
10-Oct-17,65.25
9-Oct-17,65.355
6-Oct-17,65.4
5-Oct-17,65.145
4-Oct-17,65.03
3-Oct-17,65.485
2-Oct-17,65.31
29-Sep-17,65.31
28-Sep-17,65.47
27-Sep-17,65.715
26-Sep-17,65.46
25-Sep-17,65.127
22-Sep-17,64.795
21-Sep-17,64.81
20-Sep-17,64.293
19-Sep-17,64.3
18-Sep-17,64.158
15-Sep-17,64.11
14-Sep-17,64.123
13-Sep-17,64.01
12-Sep-17,64.031
11-Sep-17,63.935
8-Sep-17,63.785
7-Sep-17,64.015
6-Sep-17,64.06
5-Sep-17,64.105
4-Sep-17,64.04
1-Sep-17,64.025
31-Aug-17,63.935
30-Aug-17,63.99
29-Aug-17,64.015
28-Aug-17,63.905
25-Aug-17,64.005
24-Aug-17,64.045
23-Aug-17,64.045
22-Aug-17,64.073
21-Aug-17,64.11
18-Aug-17,64.095
17-Aug-17,64.17
16-Aug-17,64.17
15-Aug-17,64.12
14-Aug-17,64.09
11-Aug-17,64.14
10-Aug-17,64.095
9-Aug-17,63.86
8-Aug-17,63.692
7-Aug-17,63.84
4-Aug-17,63.675
3-Aug-17,63.705
2-Aug-17,63.635
1-Aug-17,64.095
31-Jul-17,64.2
28-Jul-17,64.115
27-Jul-17,64.125
26-Jul-17,64.355
25-Jul-17,64.385
24-Jul-17,64.395
21-Jul-17,64.385
20-Jul-17,64.375
19-Jul-17,64.27
18-Jul-17,64.316
17-Jul-17,64.345
14-Jul-17,64.424
13-Jul-17,64.46
12-Jul-17,64.475
11-Jul-17,64.565
10-Jul-17,64.475
7-Jul-17,64.625
6-Jul-17,64.725
5-Jul-17,64.8
4-Jul-17,64.79
3-Jul-17,64.845
30-Jun-17,64.62
29-Jun-17,64.66
28-Jun-17,64.525
27-Jun-17,64.475
26-Jun-17,64.435
23-Jun-17,64.505
22-Jun-17,64.605
21-Jun-17,64.53
20-Jun-17,64.54
19-Jun-17,64.495
16-Jun-17,64.465
15-Jun-17,64.565
14-Jun-17,64.235
13-Jun-17,64.345
12-Jun-17,64.48
9-Jun-17,64.245
8-Jun-17,64.25
7-Jun-17,64.435
6-Jun-17,64.43
5-Jun-17,64.35
2-Jun-17,64.415
1-Jun-17,64.478
31-May-17,64.51
30-May-17,64.635
29-May-17,64.54
26-May-17,64.51
25-May-17,64.555
24-May-17,64.77
23-May-17,64.895
22-May-17,64.51
19-May-17,64.565
18-May-17,64.88
17-May-17,64.13
16-May-17,64.045
15-May-17,64.065
12-May-17,64.243
11-May-17,64.405
10-May-17,64.615
9-May-17,64.68
8-May-17,64.36
5-May-17,64.315
4-May-17,64.215
3-May-17,64.165
2-May-17,64.165
1-May-17,64.255
28-Apr-17,64.29
27-Apr-17,64.115
26-Apr-17,64.13
25-Apr-17,64.33
24-Apr-17,64.49
21-Apr-17,64.65
20-Apr-17,64.62
19-Apr-17,64.665
18-Apr-17,64.605
17-Apr-17,64.48
14-Apr-17,64.48
13-Apr-17,64.445
12-Apr-17,64.69
11-Apr-17,64.555
10-Apr-17,64.605
7-Apr-17,64.27
6-Apr-17,64.606
5-Apr-17,64.875
4-Apr-17,65.08
3-Apr-17,64.985
31-Mar-17,64.86
30-Mar-17,64.86
29-Mar-17,64.875
28-Mar-17,65.045
27-Mar-17,64.995
24-Mar-17,65.425
23-Mar-17,65.455
22-Mar-17,65.455
21-Mar-17,65.344
20-Mar-17,65.345
17-Mar-17,65.475
16-Mar-17,65.385
15-Mar-17,65.63
14-Mar-17,65.775
13-Mar-17,66.18
10-Mar-17,66.555
9-Mar-17,66.69
8-Mar-17,66.765
7-Mar-17,66.625
6-Mar-17,66.675
3-Mar-17,66.78
2-Mar-17,66.785
1-Mar-17,66.865
28-Feb-17,66.725
27-Feb-17,66.7
24-Feb-17,66.645
23-Feb-17,66.69
22-Feb-17,66.95
21-Feb-17,66.985
20-Feb-17,66.905
17-Feb-17,67.08
16-Feb-17,67.08
15-Feb-17,66.875
14-Feb-17,66.835
13-Feb-17,66.975
10-Feb-17,66.854
9-Feb-17,66.765
8-Feb-17,67.05
7-Feb-17,67.35
6-Feb-17,67.195
3-Feb-17,67.184
2-Feb-17,67.21
1-Feb-17,67.415
31-Jan-17,67.515
30-Jan-17,67.829
27-Jan-17,68.105
26-Jan-17,68.176
25-Jan-17,67.988
24-Jan-17,68.138
23-Jan-17,68.051
20-Jan-17,68.075
19-Jan-17,68.1
18-Jan-17,68.22
17-Jan-17,67.862
16-Jan-17,68.103
13-Jan-17,68.18
12-Jan-17,68.141
11-Jan-17,68.312
10-Jan-17,68.327
9-Jan-17,68.1
6-Jan-17,68.115
5-Jan-17,67.743
4-Jan-17,67.886
3-Jan-17,68.26
2-Jan-17,68.145
30-Dec-16,67.955
29-Dec-16,67.936
28-Dec-16,68.233
27-Dec-16,67.978
26-Dec-16,67.76
25-Dec-16,67.841
23-Dec-16,67.837
22-Dec-16,67.848
21-Dec-16,67.837
20-Dec-16,67.917
19-Dec-16,67.844
18-Dec-16,67.845
16-Dec-16,67.855
15-Dec-16,67.857
14-Dec-16,67.475
13-Dec-16,67.411
12-Dec-16,67.431
11-Dec-16,67.47
9-Dec-16,67.47
8-Dec-16,67.546
7-Dec-16,67.438
6-Dec-16,67.742
5-Dec-16,68.025
4-Dec-16,68.021
2-Dec-16,68.031
1-Dec-16,68.236
30-Nov-16,68.598
29-Nov-16,68.615
28-Nov-16,68.579
27-Nov-16,68.519
25-Nov-16,68.519
24-Nov-16,68.761
23-Nov-16,68.784
22-Nov-16,68.396
21-Nov-16,68.228
20-Nov-16,68.18
18-Nov-16,68.191
17-Nov-16,68.023
16-Nov-16,67.999
15-Nov-16,67.786
14-Nov-16,67.785
13-Nov-16,67.557
11-Nov-16,67.565
10-Nov-16,66.865
9-Nov-16,66.515
8-Nov-16,66.246
7-Nov-16,66.745
6-Nov-16,66.795
4-Nov-16,66.796
3-Nov-16,66.668
2-Nov-16,66.762
1-Nov-16,66.696
31-Oct-16,66.686
30-Oct-16,66.791
28-Oct-16,66.778
27-Oct-16,66.881
26-Oct-16,66.863
25-Oct-16,66.806
24-Oct-16,66.845
23-Oct-16,66.921
21-Oct-16,66.926
20-Oct-16,66.83
19-Oct-16,66.645
18-Oct-16,66.733
17-Oct-16,66.789
16-Oct-16,66.715
14-Oct-16,66.717
13-Oct-16,66.794
12-Oct-16,66.812
11-Oct-16,66.834
10-Oct-16,66.492
9-Oct-16,66.601
7-Oct-16,66.602
6-Oct-16,66.697
5-Oct-16,66.572
4-Oct-16,66.609
3-Oct-16,66.546
2-Oct-16,66.557
30-Sep-16,66.556
29-Sep-16,66.812
28-Sep-16,66.349
27-Sep-16,66.425
26-Sep-16,66.613
25-Sep-16,66.706
23-Sep-16,66.707
22-Sep-16,66.633
21-Sep-16,66.744
20-Sep-16,66.985
19-Sep-16,66.98
18-Sep-16,67.075
16-Sep-16,67.075
15-Sep-16,66.86
14-Sep-16,66.798
13-Sep-16,67.14
12-Sep-16,66.738
11-Sep-16,66.785
9-Sep-16,66.895
8-Sep-16,66.631
7-Sep-16,66.478
6-Sep-16,66.28
5-Sep-16,66.47
4-Sep-16,66.583
2-Sep-16,66.795
1-Sep-16,66.801
31-Aug-16,66.973
30-Aug-16,67.144
29-Aug-16,67.113
28-Aug-16,67.136
26-Aug-16,67.136
25-Aug-16,67.016
24-Aug-16,67.167
23-Aug-16,67.122
22-Aug-16,67.202
21-Aug-16,67.137
19-Aug-16,67.137
18-Aug-16,66.83
17-Aug-16,66.893
16-Aug-16,66.87
15-Aug-16,66.853
14-Aug-16,66.91
12-Aug-16,66.908
11-Aug-16,66.75
10-Aug-16,66.765
9-Aug-16,66.774
8-Aug-16,66.81
7-Aug-16,66.842
5-Aug-16,66.842
4-Aug-16,66.84
3-Aug-16,66.767
2-Aug-16,66.682
1-Aug-16,66.764
31-Jul-16,66.656
29-Jul-16,66.655
28-Jul-16,67.014
27-Jul-16,67.072
26-Jul-16,67.321
25-Jul-16,67.412
24-Jul-16,67.154
22-Jul-16,67.154
21-Jul-16,67.153
20-Jul-16,67.163
19-Jul-16,67.204
18-Jul-16,67.137
17-Jul-16,67.141
15-Jul-16,67.141
14-Jul-16,66.843
13-Jul-16,67.016
12-Jul-16,66.975
11-Jul-16,67.138
10-Jul-16,67.14
8-Jul-16,67.139
7-Jul-16,67.495
6-Jul-16,67.411
5-Jul-16,67.434
4-Jul-16,67.265
3-Jul-16,67.189
1-Jul-16,67.19
30-Jun-16,67.504
29-Jun-16,67.422
28-Jun-16,67.715
27-Jun-16,67.914
26-Jun-16,67.884
24-Jun-16,67.885
23-Jun-16,67.279
22-Jun-16,67.449
21-Jun-16,67.624
20-Jun-16,67.551
19-Jun-16,67.074
17-Jun-16,67.074
16-Jun-16,67.315
15-Jun-16,67.079
14-Jun-16,67.292
13-Jun-16,67.187
12-Jun-16,66.952
10-Jun-16,66.952
9-Jun-16,66.753
8-Jun-16,66.5
7-Jun-16,66.658
6-Jun-16,66.79
5-Jun-16,66.999
3-Jun-16,67
2-Jun-16,67.268
1-Jun-16,67.434
31-May-16,67.209
30-May-16,67.171
29-May-16,67.032
27-May-16,67.031
26-May-16,66.927
25-May-16,67.273
24-May-16,67.63
23-May-16,67.409
22-May-16,67.43
20-May-16,67.408
19-May-16,67.436
18-May-16,67.14
17-May-16,66.825
16-May-16,66.844
15-May-16,66.925
13-May-16,66.855
12-May-16,66.757
11-May-16,66.561
10-May-16,66.631
9-May-16,66.752
8-May-16,66.602
6-May-16,66.6
5-May-16,66.558
4-May-16,66.627
3-May-16,66.558
2-May-16,66.346
1-May-16,66.425
29-Apr-16,66.425
28-Apr-16,66.401
27-Apr-16,66.362
26-Apr-16,66.404
25-Apr-16,66.685
24-Apr-16,66.66
22-Apr-16,66.66
21-Apr-16,66.489
20-Apr-16,66.166
19-Apr-16,66.15
18-Apr-16,66.416
15-Apr-16,66.66
14-Apr-16,66.597
13-Apr-16,66.496
12-Apr-16,66.283
11-Apr-16,66.287
8-Apr-16,66.551
7-Apr-16,66.757
6-Apr-16,66.517
5-Apr-16,66.422
4-Apr-16,66.106
1-Apr-16,66.365
31-Mar-16,66.255
30-Mar-16,66.375
29-Mar-16,66.375
28-Mar-16,66.608
25-Mar-16,66.829
24-Mar-16,66.916
23-Mar-16,66.93
22-Mar-16,66.755
21-Mar-16,66.5
18-Mar-16,66.384
17-Mar-16,66.619
16-Mar-16,67.173
15-Mar-16,67.372
14-Mar-16,67.138
11-Mar-16,66.921
10-Mar-16,67.302
9-Mar-16,67.128
8-Mar-16,67.313
7-Mar-16,66.989
4-Mar-16,66.938
3-Mar-16,67.122
2-Mar-16,67.395
1-Mar-16,67.753
29-Feb-16,68.208
26-Feb-16,68.737
25-Feb-16,68.768
24-Feb-16,68.431
23-Feb-16,68.561
22-Feb-16,68.533
19-Feb-16,68.545
18-Feb-16,68.542
17-Feb-16,68.329
16-Feb-16,68.474
15-Feb-16,68.131
12-Feb-16,68.118
11-Feb-16,68.471
10-Feb-16,67.861
9-Feb-16,67.901
8-Feb-16,68.034
5-Feb-16,67.81
4-Feb-16,67.544
3-Feb-16,67.934
2-Feb-16,67.975
1-Feb-16,67.835
29-Jan-16,67.878
28-Jan-16,68.053
27-Jan-16,68.144
26-Jan-16,67.739
25-Jan-16,67.755
22-Jan-16,67.549
21-Jan-16,67.799
20-Jan-16,67.958
19-Jan-16,67.734
18-Jan-16,67.661
15-Jan-16,67.775
14-Jan-16,67.316
13-Jan-16,66.917
12-Jan-16,66.946
11-Jan-16,66.76
8-Jan-16,66.847
7-Jan-16,66.891
6-Jan-16,66.698
5-Jan-16,66.481
4-Jan-16,66.579
1-Jan-16,66.235
31-Dec-15,66.208
30-Dec-15,66.475
29-Dec-15,66.235
28-Dec-15,66.137
25-Dec-15,66.025
24-Dec-15,65.947
23-Dec-15,66.037
22-Dec-15,66.244
21-Dec-15,66.251
18-Dec-15,66.255
17-Dec-15,66.421
16-Dec-15,66.476
15-Dec-15,66.863
14-Dec-15,67.093
11-Dec-15,67.148
10-Dec-15,66.756
9-Dec-15,66.855
8-Dec-15,66.857
7-Dec-15,66.773
4-Dec-15,66.643
3-Dec-15,66.79
2-Dec-15,66.591
1-Dec-15,66.434
30-Nov-15,66.462
27-Nov-15,66.907
26-Nov-15,66.565
25-Nov-15,66.368
24-Nov-15,66.262
23-Nov-15,66.395
20-Nov-15,66.058
19-Nov-15,66.09
18-Nov-15,66.033
17-Nov-15,65.981
16-Nov-15,65.886
13-Nov-15,66.059
12-Nov-15,66.055
11-Nov-15,66.07
10-Nov-15,66.2
9-Nov-15,66.475
6-Nov-15,66.14
5-Nov-15,65.86
4-Nov-15,65.609
3-Nov-15,65.569
2-Nov-15,65.561
30-Oct-15,65.423
29-Oct-15,65.449
28-Oct-15,64.954
27-Oct-15,65.112
26-Oct-15,64.921
23-Oct-15,64.892
22-Oct-15,64.86
21-Oct-15,65.146
20-Oct-15,65.024
19-Oct-15,64.919
16-Oct-15,64.703
15-Oct-15,64.779
14-Oct-15,64.736
13-Oct-15,65.098
12-Oct-15,64.795
9-Oct-15,64.78
8-Oct-15,64.819
7-Oct-15,64.907
6-Oct-15,65.129
5-Oct-15,65.134
2-Oct-15,65.364
1-Oct-15,65.631
30-Sep-15,65.517
29-Sep-15,65.837
28-Sep-15,66.267
25-Sep-15,66.17
24-Sep-15,66.11
23-Sep-15,66.184
22-Sep-15,65.91
21-Sep-15,65.691
18-Sep-15,65.868
17-Sep-15,66.071
16-Sep-15,66.219
15-Sep-15,66.447
14-Sep-15,66.261
11-Sep-15,66.241
10-Sep-15,66.299
9-Sep-15,66.619
8-Sep-15,66.294
7-Sep-15,66.886
4-Sep-15,66.685
3-Sep-15,66.1
2-Sep-15,66.202
1-Sep-15,66.383
31-Aug-15,66.412
28-Aug-15,66.15
27-Aug-15,65.968
26-Aug-15,66.004
25-Aug-15,66.28
24-Aug-15,66.814
21-Aug-15,66.034
20-Aug-15,65.433
19-Aug-15,65.109
18-Aug-15,65.454
17-Aug-15,65.436
14-Aug-15,65.129
13-Aug-15,65.203
12-Aug-15,64.855
11-Aug-15,64.332
10-Aug-15,63.773
7-Aug-15,63.739
6-Aug-15,63.722
5-Aug-15,63.692
4-Aug-15,63.798
3-Aug-15,64.177
31-Jul-15,63.988
30-Jul-15,64.138
29-Jul-15,63.821
28-Jul-15,63.799
27-Jul-15,64.202
24-Jul-15,64.106
23-Jul-15,63.921
22-Jul-15,63.571
21-Jul-15,63.583
20-Jul-15,63.6
17-Jul-15,63.492
16-Jul-15,63.463
15-Jul-15,63.507
14-Jul-15,63.281
13-Jul-15,63.45
10-Jul-15,63.358
9-Jul-15,63.318
8-Jul-15,63.459
7-Jul-15,63.476
6-Jul-15,63.264
3-Jul-15,63.411
2-Jul-15,63.299
1-Jul-15,63.55
30-Jun-15,63.604
29-Jun-15,63.707
26-Jun-15,63.452
25-Jun-15,63.518
24-Jun-15,63.526
23-Jun-15,63.607
22-Jun-15,63.523
19-Jun-15,63.5
18-Jun-15,63.577
17-Jun-15,64.011
16-Jun-15,64.166
15-Jun-15,64.085
12-Jun-15,64.1
11-Jun-15,63.959
10-Jun-15,63.766
9-Jun-15,64.01
8-Jun-15,63.947
5-Jun-15,63.77
4-Jun-15,63.964
3-Jun-15,63.997
2-Jun-15,63.689
1-Jun-15,63.594
29-May-15,63.743
28-May-15,63.763
27-May-15,63.826
26-May-15,63.972
25-May-15,63.496
22-May-15,63.49
21-May-15,63.58
20-May-15,63.598
19-May-15,63.763
18-May-15,63.708
15-May-15,63.44
14-May-15,63.383
13-May-15,64.013
12-May-15,64.147
11-May-15,64.007
8-May-15,63.711
7-May-15,64.073
6-May-15,63.621
5-May-15,63.369
4-May-15,63.516
1-May-15,63.719
30-Apr-15,63.529
29-Apr-15,63.46
28-Apr-15,63.053
27-Apr-15,63.346
24-Apr-15,63.662
23-Apr-15,63.277
22-Apr-15,62.98
21-Apr-15,62.854
20-Apr-15,63.137
17-Apr-15,62.55
16-Apr-15,62.317
15-Apr-15,62.36
14-Apr-15,62.268
13-Apr-15,62.407
10-Apr-15,62.276
9-Apr-15,62.306
8-Apr-15,62.192
7-Apr-15,62.296
6-Apr-15,62.207
3-Apr-15,61.96
2-Apr-15,62.067
1-Apr-15,62.142
31-Mar-15,62.291
30-Mar-15,62.51
27-Mar-15,62.523
26-Mar-15,62.836
25-Mar-15,62.412
24-Mar-15,62.348
23-Mar-15,62.23
20-Mar-15,62.41
19-Mar-15,62.49
18-Mar-15,62.701
17-Mar-15,62.623
16-Mar-15,62.78
13-Mar-15,63.083
12-Mar-15,62.542
11-Mar-15,62.781
10-Mar-15,62.72
9-Mar-15,62.634
6-Mar-15,62.46
5-Mar-15,62.381
4-Mar-15,62.309
3-Mar-15,61.819
2-Mar-15,61.862
27-Feb-15,61.659
26-Feb-15,61.731
25-Feb-15,61.862
24-Feb-15,62.17
23-Feb-15,62.163
20-Feb-15,62.109
19-Feb-15,62.138
18-Feb-15,62.057
17-Feb-15,62.157
16-Feb-15,62.105
13-Feb-15,62.076
12-Feb-15,62.15
11-Feb-15,62.382
10-Feb-15,62.327
9-Feb-15,62.149
6-Feb-15,61.97
5-Feb-15,61.709
4-Feb-15,61.842
3-Feb-15,61.596
2-Feb-15,61.719
30-Jan-15,62.02
29-Jan-15,61.801
28-Jan-15,61.358
27-Jan-15,61.41
26-Jan-15,61.48
23-Jan-15,61.44
22-Jan-15,61.605
21-Jan-15,61.56
20-Jan-15,61.655
19-Jan-15,61.645
16-Jan-15,61.87
15-Jan-15,62.065
14-Jan-15,62.095
13-Jan-15,61.98
12-Jan-15,62.075
9-Jan-15,62.355
8-Jan-15,62.675
7-Jan-15,63.28
6-Jan-15,63.575
5-Jan-15,63.345
2-Jan-15,63.285
1-Jan-15,63.355
31-Dec-14,63.035
30-Dec-14,63.385
29-Dec-14,63.67
26-Dec-14,63.562
25-Dec-14,63.52
24-Dec-14,63.52
23-Dec-14,63.44
22-Dec-14,63.23
19-Dec-14,63.245
18-Dec-14,62.99
17-Dec-14,63.525
16-Dec-14,63.66
15-Dec-14,63.175
12-Dec-14,62.525
11-Dec-14,62.48
10-Dec-14,62.115
9-Dec-14,61.88
8-Dec-14,61.825
5-Dec-14,61.918
4-Dec-14,61.79
3-Dec-14,61.863
2-Dec-14,61.795
1-Dec-14,61.955
28-Nov-14,62.21
27-Nov-14,61.86
26-Nov-14,61.795
25-Nov-14,61.865
24-Nov-14,61.86
21-Nov-14,61.767
20-Nov-14,61.93
19-Nov-14,61.945
18-Nov-14,61.725
17-Nov-14,61.83
14-Nov-14,61.715
13-Nov-14,61.6
12-Nov-14,61.375
11-Nov-14,61.515
10-Nov-14,61.485
7-Nov-14,61.52
6-Nov-14,61.5
5-Nov-14,61.435
4-Nov-14,61.395
3-Nov-14,61.42
31-Oct-14,61.405
30-Oct-14,61.44
29-Oct-14,61.29
28-Oct-14,61.188
27-Oct-14,61.305
24-Oct-14,61.17
23-Oct-14,61.17
22-Oct-14,61.2
21-Oct-14,61.15
20-Oct-14,61.235
17-Oct-14,61.365
16-Oct-14,61.84
15-Oct-14,61.38
14-Oct-14,61.4
13-Oct-14,61.01
10-Oct-14,61.285
9-Oct-14,61.055
8-Oct-14,61.36
7-Oct-14,61.305
6-Oct-14,61.545
3-Oct-14,61.545
2-Oct-14,61.545
1-Oct-14,61.725
30-Sep-14,61.94
29-Sep-14,61.56
26-Sep-14,61.145
25-Sep-14,61.335
24-Sep-14,60.945
23-Sep-14,61.055
22-Sep-14,60.945
19-Sep-14,60.86
18-Sep-14,60.74
17-Sep-14,60.915
16-Sep-14,61.06
15-Sep-14,61.105
12-Sep-14,60.655
11-Sep-14,60.93
10-Sep-14,60.93
9-Sep-14,60.605
8-Sep-14,60.275
5-Sep-14,60.395
4-Sep-14,60.36
3-Sep-14,60.49
2-Sep-14,60.685
1-Sep-14,60.53
29-Aug-14,60.52
28-Aug-14,60.5
27-Aug-14,60.455
26-Aug-14,60.435
25-Aug-14,60.57
22-Aug-14,60.47
21-Aug-14,60.675
20-Aug-14,60.615
19-Aug-14,60.675
18-Aug-14,60.78
15-Aug-14,60.78
14-Aug-14,60.765
13-Aug-14,61.095
12-Aug-14,61.085
11-Aug-14,61.175
8-Aug-14,61.145
7-Aug-14,61.245
6-Aug-14,61.5
5-Aug-14,60.85
4-Aug-14,60.945
1-Aug-14,61.215
31-Jul-14,60.555
30-Jul-14,60.065
29-Jul-14,60.13
28-Jul-14,60.09
25-Jul-14,60.06
24-Jul-14,60.125
23-Jul-14,60.02
22-Jul-14,60.105
21-Jul-14,60.245
18-Jul-14,60.285
17-Jul-14,60.185
16-Jul-14,60.125
15-Jul-14,60.125
14-Jul-14,60.125
11-Jul-14,60.095
10-Jul-14,60.195
9-Jul-14,59.765
8-Jul-14,59.755
7-Jul-14,59.955
4-Jul-14,59.725
3-Jul-14,59.74
2-Jul-14,59.692
1-Jul-14,60.06
30-Jun-14,60.06
27-Jun-14,60.045
26-Jun-14,60.21
25-Jun-14,60.085
24-Jun-14,60.16
23-Jun-14,60.16
20-Jun-14,60.175
19-Jun-14,60.095
18-Jun-14,60.3
17-Jun-14,60.33
16-Jun-14,60.185
13-Jun-14,59.71
12-Jun-14,59.295
11-Jun-14,59.34
10-Jun-14,59.215
9-Jun-14,59.205
6-Jun-14,59.175
5-Jun-14,59.26
4-Jun-14,59.28
3-Jun-14,59.34
2-Jun-14,59.155
30-May-14,59.195
29-May-14,58.92
28-May-14,58.945
27-May-14,59.045
26-May-14,58.715
23-May-14,58.525
22-May-14,58.285
21-May-14,58.695
20-May-14,58.59
19-May-14,58.375
16-May-14,58.585
15-May-14,59.465
14-May-14,59.485
13-May-14,59.465
12-May-14,60.055
9-May-14,59.965
8-May-14,59.9
7-May-14,60.025
6-May-14,59.985
5-May-14,60.24
2-May-14,60.185
1-May-14,60.27
30-Apr-14,60.345
29-Apr-14,60.425
28-Apr-14,60.65
25-Apr-14,60.645
24-Apr-14,61.11
23-Apr-14,61.095
22-Apr-14,60.765
21-Apr-14,60.595
18-Apr-14,60.295
17-Apr-14,60.295
16-Apr-14,60.375
15-Apr-14,60.235
14-Apr-14,60.255
11-Apr-14,60.18
10-Apr-14,60.075
9-Apr-14,60.145
8-Apr-14,60.09
7-Apr-14,60.115
4-Apr-14,60.085
3-Apr-14,60.17
2-Apr-14,59.905
1-Apr-14,60.015
31-Mar-14,60.015
28-Mar-14,59.89
27-Mar-14,60.245
26-Mar-14,60.145
25-Mar-14,60.485
24-Mar-14,60.78
21-Mar-14,60.9
20-Mar-14,61.34
19-Mar-14,60.975
18-Mar-14,61.115
17-Mar-14,61.09
14-Mar-14,61.205
13-Mar-14,61.175
12-Mar-14,61.22
11-Mar-14,60.945
10-Mar-14,60.845
7-Mar-14,61.085
6-Mar-14,61.115
5-Mar-14,61.755
4-Mar-14,61.905
3-Mar-14,62.045
28-Feb-14,61.795
27-Feb-14,61.995
26-Feb-14,61.985
25-Feb-14,61.985
24-Feb-14,62.075
21-Feb-14,62.14
20-Feb-14,62.24
19-Feb-14,62.24
18-Feb-14,62.18
17-Feb-14,61.845
14-Feb-14,61.855
13-Feb-14,62.425
12-Feb-14,62.095
11-Feb-14,62.225
10-Feb-14,62.455
7-Feb-14,62.305
6-Feb-14,62.38
5-Feb-14,62.6
4-Feb-14,62.53
3-Feb-14,62.565
31-Jan-14,62.685
30-Jan-14,62.565
29-Jan-14,62.475
28-Jan-14,62.575
27-Jan-14,63.105
24-Jan-14,62.695
23-Jan-14,61.933
22-Jan-14,61.82
21-Jan-14,61.885
20-Jan-14,61.625
17-Jan-14,61.545
16-Jan-14,61.54
15-Jan-14,61.58
14-Jan-14,61.49
13-Jan-14,61.525
10-Jan-14,61.907
9-Jan-14,62.095
8-Jan-14,62.165
7-Jan-14,62.305
6-Jan-14,62.315
3-Jan-14,62.19
2-Jan-14,62.27
1-Jan-14,61.91
31-Dec-13,61.81
30-Dec-13,61.92
27-Dec-13,61.94
26-Dec-13,62.17
25-Dec-13,61.8
24-Dec-13,61.755
23-Dec-13,61.963
20-Dec-13,62
19-Dec-13,62.15
18-Dec-13,62.1
17-Dec-13,62.02
16-Dec-13,61.74
13-Dec-13,62.195
12-Dec-13,61.82
11-Dec-13,61.255
10-Dec-13,61.05
9-Dec-13,61.14
6-Dec-13,61.435
5-Dec-13,61.763
4-Dec-13,62.06
3-Dec-13,62.37
2-Dec-13,62.325
29-Nov-13,62.399
28-Nov-13,62.282
27-Nov-13,62.15
26-Nov-13,62.51
25-Nov-13,62.51
22-Nov-13,62.733
21-Nov-13,62.94
20-Nov-13,62.58
19-Nov-13,62.37
18-Nov-13,62.42
15-Nov-13,62.98
14-Nov-13,63.12
13-Nov-13,63.31
12-Nov-13,63.72
11-Nov-13,63.245
8-Nov-13,62.48
7-Nov-13,62.42
6-Nov-13,62.4
5-Nov-13,61.635
4-Nov-13,61.75
1-Nov-13,61.75
31-Oct-13,61.624
30-Oct-13,61.26
29-Oct-13,61.43
28-Oct-13,61.445
25-Oct-13,61.465
24-Oct-13,61.47
23-Oct-13,61.63
22-Oct-13,61.655
21-Oct-13,61.58
18-Oct-13,61.24
17-Oct-13,61.14
16-Oct-13,61.735
15-Oct-13,61.84
14-Oct-13,61.555
11-Oct-13,61.02
10-Oct-13,61.36
9-Oct-13,61.88
8-Oct-13,61.955
7-Oct-13,61.795
4-Oct-13,61.435
3-Oct-13,61.735
2-Oct-13,62.46
1-Oct-13,62.46
30-Sep-13,62.59
27-Sep-13,62.515
26-Sep-13,62.075
25-Sep-13,62.445
24-Sep-13,62.79
23-Sep-13,62.605
20-Sep-13,62.235
19-Sep-13,61.775
18-Sep-13,63.385
17-Sep-13,63.375
16-Sep-13,62.835
13-Sep-13,63.38
12-Sep-13,63.43
11-Sep-13,63.275
10-Sep-13,63.845
9-Sep-13,65.245
6-Sep-13,65.245
5-Sep-13,66.015
4-Sep-13,67.07
3-Sep-13,67.635
2-Sep-13,66.005
30-Aug-13,65.705
29-Aug-13,66.555
28-Aug-13,68.805
27-Aug-13,66.31
26-Aug-13,64.3
23-Aug-13,63.205
22-Aug-13,64.555
21-Aug-13,64.115
20-Aug-13,63.125
19-Aug-13,63.14
16-Aug-13,61.665
15-Aug-13,61.425
14-Aug-13,61.284
13-Aug-13,61.337
12-Aug-13,61.125
9-Aug-13,60.68
8-Aug-13,60.731
7-Aug-13,61.21
6-Aug-13,60.79
5-Aug-13,60.86
2-Aug-13,61.105
1-Aug-13,60.565
31-Jul-13,60.855
30-Jul-13,60.815
29-Jul-13,59.555
26-Jul-13,59.046
25-Jul-13,58.965
24-Jul-13,59.255
23-Jul-13,59.76
22-Jul-13,59.725
19-Jul-13,59.34
18-Jul-13,59.745
17-Jul-13,59.33
16-Jul-13,59.3
15-Jul-13,59.815
12-Jul-13,59.891
11-Jul-13,59.834
10-Jul-13,59.895
9-Jul-13,60.102
8-Jul-13,60.695
5-Jul-13,60.23
4-Jul-13,60.075
3-Jul-13,60.226
2-Jul-13,59.555
1-Jul-13,59.385
28-Jun-13,59.533
27-Jun-13,60.195
26-Jun-13,60.72
25-Jun-13,59.665
24-Jun-13,59.815
21-Jun-13,59.275
20-Jun-13,59.575
19-Jun-13,58.72
18-Jun-13,58.845
17-Jun-13,58.11
14-Jun-13,57.505
13-Jun-13,58.005
12-Jun-13,57.835
11-Jun-13,58.34
10-Jun-13,58.155
7-Jun-13,57.065
6-Jun-13,56.93
5-Jun-13,56.855
4-Jun-13,56.495
3-Jun-13,56.675
31-May-13,56.58
30-May-13,56.385
29-May-13,56.305
28-May-13,56.115
27-May-13,55.573
24-May-13,55.82
23-May-13,55.715
22-May-13,55.66
21-May-13,55.435
20-May-13,55.04
17-May-13,54.895
16-May-13,54.785
15-May-13,54.785
14-May-13,54.805
13-May-13,54.835
10-May-13,54.81
9-May-13,54.365
8-May-13,54.085
7-May-13,54.065
6-May-13,54.135
3-May-13,53.81
2-May-13,53.835
1-May-13,53.665
30-Apr-13,53.685
29-Apr-13,54.195
26-Apr-13,54.38
25-Apr-13,54.105
24-Apr-13,54.26
23-Apr-13,54.31
22-Apr-13,54.21
19-Apr-13,53.94
18-Apr-13,54.03
17-Apr-13,54.18
16-Apr-13,53.97
15-Apr-13,54.55
12-Apr-13,54.52
11-Apr-13,54.305
10-Apr-13,54.42
9-Apr-13,54.48
8-Apr-13,54.61
5-Apr-13,54.81
4-Apr-13,54.89
3-Apr-13,54.53
2-Apr-13,54.43
1-Apr-13,54.17
29-Mar-13,54.285
28-Mar-13,54.285
27-Mar-13,54.43
26-Mar-13,54.48
25-Mar-13,54.3
22-Mar-13,54.35
21-Mar-13,54.45
20-Mar-13,54.33
19-Mar-13,54.5
18-Mar-13,54.08
15-Mar-13,54.03
14-Mar-13,54.185
13-Mar-13,54.37
12-Mar-13,54.15
11-Mar-13,54.34
8-Mar-13,54.35
7-Mar-13,54.46
6-Mar-13,54.81
5-Mar-13,54.955
4-Mar-13,54.96
1-Mar-13,54.905
28-Feb-13,54.37
27-Feb-13,53.865
26-Feb-13,54.1
25-Feb-13,54
22-Feb-13,54.28
21-Feb-13,54.475
20-Feb-13,54.075
19-Feb-13,54.13
18-Feb-13,54.265
15-Feb-13,54.325
14-Feb-13,53.995
13-Feb-13,53.825
12-Feb-13,53.795
11-Feb-13,53.965
8-Feb-13,53.595
7-Feb-13,53.225
6-Feb-13,53.16
5-Feb-13,53.035
4-Feb-13,53.29
1-Feb-13,53.17
31-Jan-13,53.275
30-Jan-13,53.245
29-Jan-13,53.655
28-Jan-13,54.055
25-Jan-13,53.8
24-Jan-13,53.71
23-Jan-13,53.675
22-Jan-13,53.725
21-Jan-13,53.775
18-Jan-13,53.745
17-Jan-13,54.355
16-Jan-13,54.665
15-Jan-13,54.605
14-Jan-13,54.525
11-Jan-13,54.875
10-Jan-13,54.425
9-Jan-13,54.81
8-Jan-13,54.965
7-Jan-13,55.225
4-Jan-13,54.94
3-Jan-13,54.505
2-Jan-13,54.24
1-Jan-13,54.685
31-Dec-12,54.995
28-Dec-12,54.76
27-Dec-12,54.935
26-Dec-12,54.845
25-Dec-12,55.015
24-Dec-12,54.955
21-Dec-12,55.065
20-Dec-12,54.875
19-Dec-12,54.685
18-Dec-12,54.935
17-Dec-12,54.855
14-Dec-12,54.445
13-Dec-12,54.515
12-Dec-12,54.145
11-Dec-12,54.265
10-Dec-12,54.355
7-Dec-12,54.345
6-Dec-12,54.235
5-Dec-12,54.435
4-Dec-12,54.745
3-Dec-12,54.775
30-Nov-12,54.265
29-Nov-12,54.72
28-Nov-12,55.71
27-Nov-12,55.455
26-Nov-12,55.643
23-Nov-12,55.45
22-Nov-12,55.125
21-Nov-12,55.115
20-Nov-12,55.105
19-Nov-12,54.975
16-Nov-12,55.165
15-Nov-12,54.655
14-Nov-12,55.025
13-Nov-12,55.015
12-Nov-12,54.885
9-Nov-12,54.595
8-Nov-12,54.365
7-Nov-12,54.205
6-Nov-12,54.425
5-Nov-12,54.595
2-Nov-12,53.815
1-Nov-12,53.66
31-Oct-12,53.805
30-Oct-12,53.965
29-Oct-12,54.085
26-Oct-12,53.555
25-Oct-12,53.555
24-Oct-12,53.74
23-Oct-12,53.725
22-Oct-12,53.56
19-Oct-12,53.845
18-Oct-12,53.595
17-Oct-12,52.865
16-Oct-12,52.825
15-Oct-12,52.985
12-Oct-12,52.81
11-Oct-12,52.665
10-Oct-12,53.025
9-Oct-12,52.695
8-Oct-12,52.545
5-Oct-12,51.915
4-Oct-12,51.745
3-Oct-12,52.24
2-Oct-12,52.43
1-Oct-12,52.38
28-Sep-12,52.855
27-Sep-12,52.93
26-Sep-12,53.585
25-Sep-12,53.365
24-Sep-12,53.44
21-Sep-12,53.365
20-Sep-12,54.265
19-Sep-12,54.025
18-Sep-12,53.905
17-Sep-12,53.885
14-Sep-12,54.305
13-Sep-12,55.345
12-Sep-12,55.215
11-Sep-12,55.255
10-Sep-12,55.445
7-Sep-12,55.365
6-Sep-12,55.665
5-Sep-12,55.91
4-Sep-12,55.615
3-Sep-12,55.535
31-Aug-12,55.525
30-Aug-12,55.635
29-Aug-12,55.705
28-Aug-12,55.665
27-Aug-12,55.695
24-Aug-12,55.505
23-Aug-12,55.265
22-Aug-12,55.5
21-Aug-12,55.31
20-Aug-12,55.505
17-Aug-12,55.735
16-Aug-12,55.625
15-Aug-12,55.53
14-Aug-12,55.61
13-Aug-12,55.345
10-Aug-12,55.285
9-Aug-12,55.18
8-Aug-12,55.285
7-Aug-12,55.07
6-Aug-12,55.525
3-Aug-12,55.755
2-Aug-12,55.845
1-Aug-12,55.475
31-Jul-12,55.56
30-Jul-12,55.44
27-Jul-12,55.255
26-Jul-12,55.5
25-Jul-12,56.025
24-Jul-12,56.18
23-Jul-12,55.93
20-Jul-12,55.325
19-Jul-12,55.175
18-Jul-12,55.32
17-Jul-12,55.04
16-Jul-12,55.055
13-Jul-12,55.145
12-Jul-12,55.84
11-Jul-12,55.53
10-Jul-12,55.395
9-Jul-12,55.85
6-Jul-12,55.41
5-Jul-12,54.965
4-Jul-12,54.545
3-Jul-12,54.22
2-Jul-12,55.39
29-Jun-12,55.51
28-Jun-12,56.825
27-Jun-12,56.89
26-Jun-12,56.965
25-Jun-12,56.965
22-Jun-12,57.125
21-Jun-12,56.26
20-Jun-12,56.15
19-Jun-12,55.885
18-Jun-12,55.83
15-Jun-12,55.395
14-Jun-12,55.71
13-Jun-12,55.57
12-Jun-12,55.805
11-Jun-12,55.7
8-Jun-12,55.425
7-Jun-12,54.965
6-Jun-12,55.27
5-Jun-12,55.55
4-Jun-12,55.655
1-Jun-12,55.545
31-May-12,56.04
30-May-12,56.14
29-May-12,55.62
28-May-12,55.19
25-May-12,55.375
24-May-12,55.56
23-May-12,55.96
22-May-12,55.345
21-May-12,54.98
18-May-12,54.425
17-May-12,54.36
16-May-12,54.345
15-May-12,53.795
14-May-12,53.925
11-May-12,53.635
10-May-12,53.26
9-May-12,53.755
8-May-12,53.125
7-May-12,52.845
4-May-12,53.475
3-May-12,53.335
2-May-12,52.985
1-May-12,52.505
30-Apr-12,52.665
27-Apr-12,52.545
26-Apr-12,52.41
25-Apr-12,52.46
24-Apr-12,52.59
23-Apr-12,52.385
20-Apr-12,52.075
19-Apr-12,52.085
18-Apr-12,51.73
17-Apr-12,51.395
16-Apr-12,51.615
13-Apr-12,51.55
12-Apr-12,51.235
11-Apr-12,51.465
10-Apr-12,51.485
9-Apr-12,51.195
6-Apr-12,51.115
5-Apr-12,51.04
4-Apr-12,51.05
3-Apr-12,50.56
2-Apr-12,50.8
30-Mar-12,50.875
29-Mar-12,51.345
28-Mar-12,50.78
27-Mar-12,50.67
26-Mar-12,51.03
23-Mar-12,51.175
22-Mar-12,51.295
21-Mar-12,50.635
20-Mar-12,50.535
19-Mar-12,50.175
16-Mar-12,50.14
15-Mar-12,50.295
14-Mar-12,49.93
13-Mar-12,49.855
12-Mar-12,49.975
9-Mar-12,49.76
8-Mar-12,50.08
7-Mar-12,50.28
6-Mar-12,50.365
5-Mar-12,49.83
2-Mar-12,49.525
1-Mar-12,49.23
29-Feb-12,49.11
28-Feb-12,48.97
27-Feb-12,49.17
24-Feb-12,49.015
23-Feb-12,49.1
22-Feb-12,49.17
21-Feb-12,49.225
20-Feb-12,49.155
17-Feb-12,49.325
16-Feb-12,49.29
15-Feb-12,49.385
14-Feb-12,49.49
13-Feb-12,49.15
10-Feb-12,49.36
9-Feb-12,49.445
8-Feb-12,49.075
7-Feb-12,49.125
6-Feb-12,49.06
3-Feb-12,48.61
2-Feb-12,49.035
1-Feb-12,49.14
31-Jan-12,49.515
30-Jan-12,49.6
27-Jan-12,49.395
26-Jan-12,49.43
25-Jan-12,50.01
24-Jan-12,50.005
23-Jan-12,49.97
20-Jan-12,50.23
19-Jan-12,50.15
18-Jan-12,50.31
17-Jan-12,50.8
16-Jan-12,51.365
13-Jan-12,51.44
12-Jan-12,51.52
11-Jan-12,51.785
10-Jan-12,51.6
9-Jan-12,52.4
6-Jan-12,52.68
5-Jan-12,52.87
4-Jan-12,52.86
3-Jan-12,53.1
2-Jan-12,53.305
30-Dec-11,53.015
29-Dec-11,53.005
28-Dec-11,52.89
27-Dec-11,52.92
26-Dec-11,52.72
23-Dec-11,52.79
22-Dec-11,52.565
21-Dec-11,52.4
20-Dec-11,52.77
19-Dec-11,52.7
16-Dec-11,52.5
15-Dec-11,53.52
14-Dec-11,53.61
13-Dec-11,53.1
12-Dec-11,52.605
9-Dec-11,51.875
8-Dec-11,51.71
7-Dec-11,51.63
6-Dec-11,51.24
5-Dec-11,51.26
2-Dec-11,51.11
1-Dec-11,51.37
30-Nov-11,52.13
29-Nov-11,51.91
28-Nov-11,51.96
25-Nov-11,52.14
24-Nov-11,52.07
23-Nov-11,52.24
22-Nov-11,52.49
21-Nov-11,52.065
18-Nov-11,51.235
17-Nov-11,50.955
16-Nov-11,50.75
15-Nov-11,50.63
14-Nov-11,50.405
11-Nov-11,50.005
10-Nov-11,49.985
9-Nov-11,50.06
8-Nov-11,49.31
7-Nov-11,48.95
4-Nov-11,49
3-Nov-11,49.145
2-Nov-11,49.185
1-Nov-11,49.275
31-Oct-11,48.695
28-Oct-11,48.62
27-Oct-11,49.005
26-Oct-11,49.505
25-Oct-11,49.505
24-Oct-11,49.825
21-Oct-11,49.85
20-Oct-11,49.807
19-Oct-11,49.16
18-Oct-11,49.295
17-Oct-11,48.955
14-Oct-11,49.02
13-Oct-11,49.125
12-Oct-11,48.955
11-Oct-11,49.34
10-Oct-11,48.975
7-Oct-11,49.04
6-Oct-11,49.15
5-Oct-11,49.345
4-Oct-11,49.405
3-Oct-11,49.155
30-Sep-11,49.02
29-Sep-11,48.975
28-Sep-11,49.095
27-Sep-11,48.915
26-Sep-11,49.45
23-Sep-11,49.35
22-Sep-11,49.575
21-Sep-11,48.33
20-Sep-11,48.055
19-Sep-11,47.81
16-Sep-11,47.33
15-Sep-11,47.57
14-Sep-11,47.645
13-Sep-11,47.595
12-Sep-11,47.225
9-Sep-11,46.49
8-Sep-11,46.19
7-Sep-11,46.165
6-Sep-11,46.115
5-Sep-11,45.992
2-Sep-11,45.785
1-Sep-11,45.67
31-Aug-11,45.8
30-Aug-11,46.09
29-Aug-11,46.055
26-Aug-11,46.16
25-Aug-11,46.045
24-Aug-11,45.995
23-Aug-11,45.625
22-Aug-11,45.57
19-Aug-11,45.67
18-Aug-11,45.745
17-Aug-11,45.41
16-Aug-11,45.385
15-Aug-11,45.345
12-Aug-11,45.4
11-Aug-11,45.415
10-Aug-11,45.255
9-Aug-11,45.21
8-Aug-11,44.97
5-Aug-11,44.72
4-Aug-11,44.545
3-Aug-11,44.315
2-Aug-11,44.24
1-Aug-11,44.07
29-Jul-11,44.21
28-Jul-11,44.08
27-Jul-11,44.085
26-Jul-11,44.18
25-Jul-11,44.4
22-Jul-11,44.35
21-Jul-11,44.405
20-Jul-11,44.45
19-Jul-11,44.495
18-Jul-11,44.57
15-Jul-11,44.515
14-Jul-11,44.505
13-Jul-11,44.525
12-Jul-11,44.705
11-Jul-11,44.485
8-Jul-11,44.38
7-Jul-11,44.28
6-Jul-11,44.48
5-Jul-11,44.43
4-Jul-11,44.43
1-Jul-11,44.63
30-Jun-11,44.7
29-Jun-11,44.865
28-Jun-11,45.04
27-Jun-11,45.035
24-Jun-11,44.995
23-Jun-11,44.955
22-Jun-11,44.895
21-Jun-11,44.845
20-Jun-11,45
17-Jun-11,44.8
16-Jun-11,44.905
15-Jun-11,44.77
14-Jun-11,44.746
13-Jun-11,44.865
10-Jun-11,44.73
9-Jun-11,44.735
8-Jun-11,44.705
7-Jun-11,44.675
6-Jun-11,44.755
3-Jun-11,44.83
2-Jun-11,44.825
1-Jun-11,44.845
31-May-11,45.06
30-May-11,45.085
27-May-11,45.18
26-May-11,45.305
25-May-11,45.325
24-May-11,45.215
23-May-11,45.23
20-May-11,44.95
19-May-11,44.975
18-May-11,45.065
17-May-11,45.12
16-May-11,45.155
13-May-11,44.865
12-May-11,44.988
11-May-11,44.6
10-May-11,44.745
9-May-11,44.69
6-May-11,44.73
5-May-11,44.765
4-May-11,44.36
3-May-11,44.48
2-May-11,44.28
29-Apr-11,44.255
28-Apr-11,44.31
27-Apr-11,44.335
26-Apr-11,44.49
25-Apr-11,44.455
22-Apr-11,44.19
21-Apr-11,44.38
20-Apr-11,44.275
19-Apr-11,44.385
18-Apr-11,44.525
15-Apr-11,44.275
14-Apr-11,44.505
13-Apr-11,44.525
12-Apr-11,44.205
11-Apr-11,44.38
8-Apr-11,44.08
7-Apr-11,44.205
6-Apr-11,44.075
5-Apr-11,44.325
4-Apr-11,44.395
1-Apr-11,44.395
31-Mar-11,44.535
30-Mar-11,44.63
29-Mar-11,44.69
28-Mar-11,44.8
25-Mar-11,44.705
24-Mar-11,44.675
23-Mar-11,44.79
22-Mar-11,44.875
21-Mar-11,44.995
18-Mar-11,45.015
17-Mar-11,45.16
16-Mar-11,45.115
15-Mar-11,45.175
14-Mar-11,45.07
11-Mar-11,45.075
10-Mar-11,45.125
9-Mar-11,44.905
8-Mar-11,45.035
7-Mar-11,44.995
4-Mar-11,44.91
3-Mar-11,44.875
2-Mar-11,44.825
1-Mar-11,44.855
28-Feb-11,45.265
25-Feb-11,45.275
24-Feb-11,45.43
23-Feb-11,45.08
22-Feb-11,45.175
21-Feb-11,44.945
18-Feb-11,45.115
17-Feb-11,45.265
16-Feb-11,45.405
15-Feb-11,45.505
14-Feb-11,45.43
11-Feb-11,45.615
10-Feb-11,45.655
9-Feb-11,45.52
8-Feb-11,45.235
7-Feb-11,45.325
4-Feb-11,45.575
3-Feb-11,45.565
2-Feb-11,45.57
1-Feb-11,45.45
31-Jan-11,45.825
28-Jan-11,45.92
27-Jan-11,45.51
26-Jan-11,45.475
25-Jan-11,45.71
24-Jan-11,45.47
21-Jan-11,45.63
20-Jan-11,45.685
19-Jan-11,45.33
18-Jan-11,45.445
17-Jan-11,45.465
14-Jan-11,45.365
13-Jan-11,45.135
12-Jan-11,45.02
11-Jan-11,45.155
10-Jan-11,45.35
7-Jan-11,45.355
6-Jan-11,45.355
5-Jan-11,45.325
4-Jan-11,44.92
3-Jan-11,44.625
31-Dec-10,44.713
30-Dec-10,44.83
29-Dec-10,44.95
28-Dec-10,44.975
27-Dec-10,45.13
24-Dec-10,45.03
23-Dec-10,45.075
22-Dec-10,45.03
21-Dec-10,45.21
20-Dec-10,45.355
17-Dec-10,45.175
16-Dec-10,45.455
15-Dec-10,45.358
14-Dec-10,44.93
13-Dec-10,45.192
10-Dec-10,44.98
9-Dec-10,45.15
8-Dec-10,45.02
7-Dec-10,44.83
6-Dec-10,44.825
3-Dec-10,44.915
2-Dec-10,45.15
1-Dec-10,45.295
30-Nov-10,45.8
29-Nov-10,45.825
26-Nov-10,45.825
25-Nov-10,45.565
24-Nov-10,45.715
23-Nov-10,45.565
22-Nov-10,45.465
19-Nov-10,45.275
18-Nov-10,45.26
17-Nov-10,45.115
16-Nov-10,45.32
15-Nov-10,45.21
12-Nov-10,44.785
11-Nov-10,44.525
10-Nov-10,44.3
9-Nov-10,44.35
8-Nov-10,44.35
5-Nov-10,43.925
4-Nov-10,44
3-Nov-10,44.355
2-Nov-10,44.37
1-Nov-10,44.47
29-Oct-10,44.325
28-Oct-10,44.39
27-Oct-10,44.45
26-Oct-10,44.44
25-Oct-10,44.355
22-Oct-10,44.515
21-Oct-10,44.31
20-Oct-10,44.255
19-Oct-10,44.355
18-Oct-10,44.265
15-Oct-10,44.075
14-Oct-10,44.105
13-Oct-10,44.365
12-Oct-10,44.515
11-Oct-10,44.405
8-Oct-10,44.415
7-Oct-10,44.2
6-Oct-10,44.225
5-Oct-10,44.465
4-Oct-10,44.58
1-Oct-10,44.375
30-Sep-10,44.57
29-Sep-10,44.715
28-Sep-10,44.99
27-Sep-10,45.01
24-Sep-10,45.11
23-Sep-10,45.475
22-Sep-10,45.585
21-Sep-10,45.665
20-Sep-10,45.705
17-Sep-10,45.855
16-Sep-10,46.145
15-Sep-10,46.2
14-Sep-10,46.27
13-Sep-10,46.31
10-Sep-10,46.285
9-Sep-10,46.36
8-Sep-10,46.492
7-Sep-10,46.835
6-Sep-10,46.54
3-Sep-10,46.485
2-Sep-10,46.725
1-Sep-10,46.675
31-Aug-10,47.065
30-Aug-10,46.915
27-Aug-10,46.81
26-Aug-10,46.845
25-Aug-10,46.905
24-Aug-10,46.905
23-Aug-10,46.645
20-Aug-10,46.615
19-Aug-10,46.513
18-Aug-10,46.56
17-Aug-10,46.645
16-Aug-10,46.8
13-Aug-10,46.625
12-Aug-10,46.77
11-Aug-10,46.705
10-Aug-10,46.4
9-Aug-10,46.125
6-Aug-10,45.985
5-Aug-10,46.085
4-Aug-10,45.89
3-Aug-10,46.165
2-Aug-10,46.245
30-Jul-10,46.405
29-Jul-10,46.537
28-Jul-10,46.76
27-Jul-10,46.655
26-Jul-10,47.055
23-Jul-10,46.915
22-Jul-10,47.125
21-Jul-10,47.165
20-Jul-10,47.275
19-Jul-10,47.115
16-Jul-10,46.725
15-Jul-10,46.615
14-Jul-10,46.705
13-Jul-10,46.77
12-Jul-10,46.685
9-Jul-10,46.665
8-Jul-10,46.857
7-Jul-10,47.02
6-Jul-10,46.77
5-Jul-10,46.775
2-Jul-10,46.585
1-Jul-10,46.585
30-Jun-10,46.445
29-Jun-10,46.485
28-Jun-10,46.205
25-Jun-10,46.075
24-Jun-10,46.495
23-Jun-10,46.175
22-Jun-10,46.045
21-Jun-10,45.675
18-Jun-10,46.035
17-Jun-10,46.225
16-Jun-10,46.395
15-Jun-10,46.365
14-Jun-10,46.495
11-Jun-10,46.775
10-Jun-10,46.775
9-Jun-10,47.015
8-Jun-10,46.855
7-Jun-10,47.09
4-Jun-10,46.885
3-Jun-10,46.66
2-Jun-10,46.985
1-Jun-10,47.155
31-May-10,46.365
28-May-10,46.325
27-May-10,46.745
26-May-10,47.125
25-May-10,47.515
24-May-10,46.975
21-May-10,46.925
20-May-10,46.815
19-May-10,46.365
18-May-10,45.595
17-May-10,45.515
14-May-10,45.275
13-May-10,45.075
12-May-10,44.975
11-May-10,45.095
10-May-10,44.85
7-May-10,45.565
6-May-10,45.485
5-May-10,44.825
4-May-10,44.615
3-May-10,44.52
30-Apr-10,44.275
29-Apr-10,44.53
28-Apr-10,44.645
27-Apr-10,44.445
26-Apr-10,44.395
23-Apr-10,44.315
22-Apr-10,44.535
21-Apr-10,44.555
20-Apr-10,44.515
19-Apr-10,44.735
16-Apr-10,44.275
15-Apr-10,44.345
14-Apr-10,44.215
13-Apr-10,44.545
12-Apr-10,44.485
9-Apr-10,44.175
8-Apr-10,44.365
7-Apr-10,44.427
6-Apr-10,44.425
5-Apr-10,44.385
2-Apr-10,44.765
1-Apr-10,44.815
31-Mar-10,44.825
30-Mar-10,45.025
29-Mar-10,44.895
26-Mar-10,45.135
25-Mar-10,45.43
24-Mar-10,45.432
23-Mar-10,45.435
22-Mar-10,45.495
19-Mar-10,45.455
18-Mar-10,45.475
17-Mar-10,45.395
16-Mar-10,45.52
15-Mar-10,45.565
12-Mar-10,45.465
11-Mar-10,45.515
10-Mar-10,45.42
9-Mar-10,45.59
8-Mar-10,45.535
5-Mar-10,45.455
4-Mar-10,45.795
3-Mar-10,45.7
2-Mar-10,45.704
1-Mar-10,46.005
26-Feb-10,46.105
25-Feb-10,46.385
24-Feb-10,46.295
23-Feb-10,46.275
22-Feb-10,46.125
19-Feb-10,46.17
18-Feb-10,46.255
17-Feb-10,46.175
16-Feb-10,45.955
15-Feb-10,46.355
12-Feb-10,46.425
11-Feb-10,46.355
10-Feb-10,46.365
9-Feb-10,46.405
8-Feb-10,46.845
5-Feb-10,46.645
4-Feb-10,46.235
3-Feb-10,45.925
2-Feb-10,46.125
1-Feb-10,46.14
29-Jan-10,46.125
28-Jan-10,46.25
27-Jan-10,46.19
26-Jan-10,45.855
25-Jan-10,46.075
22-Jan-10,46.225
21-Jan-10,46.23
20-Jan-10,45.86
19-Jan-10,45.76
18-Jan-10,45.645
15-Jan-10,45.79
14-Jan-10,45.6
13-Jan-10,45.495
12-Jan-10,45.66
11-Jan-10,45.26
8-Jan-10,45.47
7-Jan-10,45.65
6-Jan-10,45.695
5-Jan-10,46.205
4-Jan-10,46.295
1-Jan-10,46.615
31-Dec-09,46.41
30-Dec-09,46.525
29-Dec-09,46.58
28-Dec-09,46.475
25-Dec-09,46.51
24-Dec-09,46.73
23-Dec-09,46.67
22-Dec-09,46.825
21-Dec-09,46.825
18-Dec-09,46.725
17-Dec-09,46.935
16-Dec-09,46.585
15-Dec-09,46.534
14-Dec-09,46.6
11-Dec-09,46.48
10-Dec-09,46.525
9-Dec-09,46.535
8-Dec-09,46.625
7-Dec-09,46.465
4-Dec-09,46.175
3-Dec-09,46.025
2-Dec-09,46.225
1-Dec-09,46.254
30-Nov-09,46.535
27-Nov-09,46.465
26-Nov-09,46.675
25-Nov-09,45.98
24-Nov-09,46.47
23-Nov-09,46.465
20-Nov-09,46.575
19-Nov-09,46.75
18-Nov-09,46.215
17-Nov-09,46.225
16-Nov-09,46.005
13-Nov-09,46.19
12-Nov-09,46.62
11-Nov-09,46.354
10-Nov-09,46.325
9-Nov-09,46.37
6-Nov-09,46.825
5-Nov-09,46.97
4-Nov-09,46.91
3-Nov-09,47.145
2-Nov-09,46.825
30-Oct-09,46.925
29-Oct-09,46.78
28-Oct-09,47.175
27-Oct-09,46.945
26-Oct-09,46.575
23-Oct-09,46.5
22-Oct-09,46.565
21-Oct-09,46.345
20-Oct-09,46.265
19-Oct-09,46.02
16-Oct-09,46.225
15-Oct-09,45.975
14-Oct-09,46.004
13-Oct-09,46.405
12-Oct-09,46.345
9-Oct-09,46.515
8-Oct-09,46.225
7-Oct-09,46.65
6-Oct-09,46.765
5-Oct-09,47.415
2-Oct-09,47.63
1-Oct-09,47.72
30-Sep-09,47.735
29-Sep-09,48.135
28-Sep-09,47.754
25-Sep-09,47.945
24-Sep-09,47.895
23-Sep-09,47.995
22-Sep-09,47.925
21-Sep-09,47.975
18-Sep-09,48.01
17-Sep-09,48.11
16-Sep-09,48.145
15-Sep-09,48.46
14-Sep-09,48.68
11-Sep-09,48.31
10-Sep-09,48.415
9-Sep-09,48.455
8-Sep-09,48.325
7-Sep-09,48.585
4-Sep-09,48.775
3-Sep-09,48.825
2-Sep-09,48.975
1-Sep-09,49.155
31-Aug-09,48.69
28-Aug-09,48.535
27-Aug-09,48.79
26-Aug-09,48.905
25-Aug-09,48.7
24-Aug-09,48.525
21-Aug-09,48.42
20-Aug-09,48.43
19-Aug-09,48.615
18-Aug-09,48.725
17-Aug-09,48.82
14-Aug-09,48.2
13-Aug-09,48.02
12-Aug-09,48.13
11-Aug-09,47.895
10-Aug-09,47.755
7-Aug-09,47.69
6-Aug-09,47.605
5-Aug-09,47.435
4-Aug-09,47.47
3-Aug-09,47.325
31-Jul-09,47.825
30-Jul-09,48.26
29-Jul-09,48.275
28-Jul-09,48.225
27-Jul-09,48.175
24-Jul-09,48.09
23-Jul-09,48.22
22-Jul-09,48.42
21-Jul-09,48.225
20-Jul-09,48.12
17-Jul-09,48.57
16-Jul-09,48.625
15-Jul-09,48.575
14-Jul-09,48.88
13-Jul-09,48.93
10-Jul-09,48.77
9-Jul-09,48.58
8-Jul-09,48.81
7-Jul-09,48.45
6-Jul-09,48.515
3-Jul-09,47.815
2-Jul-09,47.925
1-Jul-09,47.775
30-Jun-09,47.75
29-Jun-09,48.025
26-Jun-09,48.035
25-Jun-09,48.525
24-Jun-09,48.365
23-Jun-09,48.475
22-Jun-09,48.545
19-Jun-09,48.025
18-Jun-09,48.06
17-Jun-09,47.97
16-Jun-09,47.675
15-Jun-09,47.61
12-Jun-09,47.45
11-Jun-09,47.425
10-Jun-09,47.225
9-Jun-09,47.33
8-Jun-09,47.525
5-Jun-09,46.95
4-Jun-09,47.105
3-Jun-09,46.89
2-Jun-09,46.81
1-Jun-09,46.79
29-May-09,47.12
28-May-09,47.525
27-May-09,47.58
26-May-09,47.475
25-May-09,47.285
22-May-09,46.83
21-May-09,47.23
20-May-09,47.435
19-May-09,47.53
18-May-09,47.59
15-May-09,49.31
14-May-09,49.62
13-May-09,49.635
12-May-09,49.275
11-May-09,49.43
8-May-09,49.155
7-May-09,49.115
6-May-09,49.435
5-May-09,49.245
4-May-09,49.69
1-May-09,49.675
30-Apr-09,49.725
29-Apr-09,49.89
28-Apr-09,50.35
27-Apr-09,50.13
24-Apr-09,49.61
23-Apr-09,49.905
22-Apr-09,50.335
21-Apr-09,50.31
20-Apr-09,50.22
17-Apr-09,49.79
16-Apr-09,49.61
15-Apr-09,49.575
14-Apr-09,49.58
13-Apr-09,49.72
10-Apr-09,49.79
9-Apr-09,49.83
8-Apr-09,50.14
7-Apr-09,49.97
6-Apr-09,50.01
3-Apr-09,49.9
2-Apr-09,50.01
1-Apr-09,50.65
31-Mar-09,50.57
30-Mar-09,51.13
27-Mar-09,50.525
26-Mar-09,50.42
25-Mar-09,50.53
24-Mar-09,50.425
23-Mar-09,50.31
20-Mar-09,50.52
19-Mar-09,50.26
18-Mar-09,51.13
17-Mar-09,51.26
16-Mar-09,51.14
13-Mar-09,51.55
12-Mar-09,51.5
11-Mar-09,50.99
10-Mar-09,51.36
9-Mar-09,51.815
6-Mar-09,51.69
5-Mar-09,51.605
4-Mar-09,51.54
3-Mar-09,51.97
2-Mar-09,51.825
27-Feb-09,51.005
26-Feb-09,50.345
25-Feb-09,49.875
24-Feb-09,49.72
23-Feb-09,49.295
20-Feb-09,49.545
19-Feb-09,49.38
18-Feb-09,50.01
17-Feb-09,49.63
16-Feb-09,48.82
13-Feb-09,48.595
12-Feb-09,48.735
11-Feb-09,48.82
10-Feb-09,48.8
9-Feb-09,48.545
6-Feb-09,48.63
5-Feb-09,48.65
4-Feb-09,48.715
3-Feb-09,48.51
2-Feb-09,48.68
30-Jan-09,48.85
29-Jan-09,48.77
28-Jan-09,48.67
27-Jan-09,48.7
26-Jan-09,48.525
23-Jan-09,49.075
22-Jan-09,49.01
21-Jan-09,49.05
20-Jan-09,49.05
19-Jan-09,48.525
16-Jan-09,48.645
15-Jan-09,48.895
14-Jan-09,48.64
13-Jan-09,48.925
12-Jan-09,48.62
9-Jan-09,48.07
8-Jan-09,48.52
7-Jan-09,48.735
6-Jan-09,48.44
5-Jan-09,48.41
2-Jan-09,48.12
1-Jan-09,48.75
31-Dec-08,48.62
30-Dec-08,48.09
29-Dec-08,48.3
26-Dec-08,48.435
25-Dec-08,47.505
24-Dec-08,47.775
23-Dec-08,48.69
22-Dec-08,47.72
19-Dec-08,47.15
18-Dec-08,46.79
17-Dec-08,47.46
16-Dec-08,47.51
15-Dec-08,47.645
12-Dec-08,48.48
11-Dec-08,48.215
10-Dec-08,48.71
9-Dec-08,49.25
8-Dec-08,49.5
5-Dec-08,49.49
4-Dec-08,49.8
3-Dec-08,49.945
2-Dec-08,50.13
1-Dec-08,49.875
28-Nov-08,49.575
27-Nov-08,48.805
26-Nov-08,49.35
25-Nov-08,49.765
24-Nov-08,49.965
21-Nov-08,49.555
20-Nov-08,50.2
19-Nov-08,49.86
18-Nov-08,49.535
17-Nov-08,49.075
14-Nov-08,48.79
13-Nov-08,49.01
12-Nov-08,49.225
11-Nov-08,47.95
10-Nov-08,47.31
7-Nov-08,47.49
6-Nov-08,47.635
5-Nov-08,47.325
4-Nov-08,47.31
3-Nov-08,48.515
31-Oct-08,49.325
30-Oct-08,49.21
29-Oct-08,49.38
28-Oct-08,49.58
27-Oct-08,49.785
24-Oct-08,49.77
23-Oct-08,49.68
22-Oct-08,49.315
21-Oct-08,48.85
20-Oct-08,48.73
17-Oct-08,48.715
16-Oct-08,48.69
15-Oct-08,48.38
14-Oct-08,47.94
13-Oct-08,48.11
10-Oct-08,48.365
9-Oct-08,47.98
8-Oct-08,47.86
7-Oct-08,47.91
6-Oct-08,47.79
3-Oct-08,46.8
2-Oct-08,46.22
1-Oct-08,46.48
30-Sep-08,46.815
29-Sep-08,46.5
26-Sep-08,46.52
25-Sep-08,46.07
24-Sep-08,45.85
23-Sep-08,45.615
22-Sep-08,45.46
19-Sep-08,45.81
18-Sep-08,46.37
17-Sep-08,46.34
16-Sep-08,46.835
15-Sep-08,45.635
12-Sep-08,45.71
11-Sep-08,45.575
10-Sep-08,45.065
9-Sep-08,44.74
8-Sep-08,44.51
5-Sep-08,44.665
4-Sep-08,44.345
3-Sep-08,43.96
2-Sep-08,44.365
1-Sep-08,44.175
29-Aug-08,43.87
28-Aug-08,43.72
27-Aug-08,43.65
26-Aug-08,43.765
25-Aug-08,43.69
22-Aug-08,43.33
21-Aug-08,43.4
20-Aug-08,43.635
19-Aug-08,43.52
18-Aug-08,43.495
15-Aug-08,42.81
14-Aug-08,42.92
13-Aug-08,42.56
12-Aug-08,42.28
11-Aug-08,42.08
8-Aug-08,41.98
7-Aug-08,41.99
6-Aug-08,42
5-Aug-08,42.175
4-Aug-08,42.39
1-Aug-08,42.27
31-Jul-08,42.483
30-Jul-08,42.28
29-Jul-08,42.57
28-Jul-08,42.535
25-Jul-08,42.16
24-Jul-08,42.1
23-Jul-08,42.065
22-Jul-08,42.525
21-Jul-08,42.685
18-Jul-08,42.735
17-Jul-08,42.72
16-Jul-08,43.035
15-Jul-08,43.052
14-Jul-08,42.915
11-Jul-08,42.78
10-Jul-08,42.86
9-Jul-08,43.01
8-Jul-08,43.22
7-Jul-08,43.2
4-Jul-08,43.15
3-Jul-08,43.175
2-Jul-08,43.07
1-Jul-08,43.24
30-Jun-08,42.93
27-Jun-08,42.79
26-Jun-08,42.59
25-Jun-08,42.64
24-Jun-08,42.76
23-Jun-08,42.975
20-Jun-08,42.845
19-Jun-08,42.925
18-Jun-08,42.82
17-Jun-08,42.825
16-Jun-08,42.895
13-Jun-08,42.88
12-Jun-08,42.71
11-Jun-08,42.725
10-Jun-08,42.89
9-Jun-08,42.82
6-Jun-08,42.665
5-Jun-08,42.835
4-Jun-08,42.61
3-Jun-08,42.51
2-Jun-08,42.4
30-May-08,42.16
29-May-08,42.54
28-May-08,42.64
27-May-08,42.87
26-May-08,42.62
23-May-08,42.55
22-May-08,42.84
21-May-08,42.74
20-May-08,42.51
19-May-08,42.39
16-May-08,42.41
15-May-08,42.705
14-May-08,42.35
13-May-08,42.09
12-May-08,42.04
9-May-08,41.565
8-May-08,41.67
7-May-08,41.26
6-May-08,40.965
5-May-08,40.67
2-May-08,40.56
1-May-08,40.46
30-Apr-08,40.46
29-Apr-08,40.28
28-Apr-08,40.07
25-Apr-08,40.065
24-Apr-08,40.08
23-Apr-08,39.98
22-Apr-08,39.94
21-Apr-08,39.87
18-Apr-08,39.755
17-Apr-08,39.775
16-Apr-08,39.84
15-Apr-08,39.875
14-Apr-08,39.865
11-Apr-08,39.84
10-Apr-08,39.875
9-Apr-08,39.91
8-Apr-08,40.005
7-Apr-08,39.87
4-Apr-08,39.855
3-Apr-08,39.95
2-Apr-08,39.94
1-Apr-08,39.89
31-Mar-08,40.03
28-Mar-08,39.87
27-Mar-08,40.075
26-Mar-08,40.155
25-Mar-08,40.105
24-Mar-08,40.13
21-Mar-08,39.87
20-Mar-08,40.26
19-Mar-08,40.355
18-Mar-08,40.21
17-Mar-08,40.685
14-Mar-08,40.455
13-Mar-08,40.435
12-Mar-08,40.24
11-Mar-08,40.36
10-Mar-08,40.4
7-Mar-08,40.43
6-Mar-08,40.14
5-Mar-08,40.2
4-Mar-08,40.22
3-Mar-08,40.285
29-Feb-08,39.92
28-Feb-08,39.865
27-Feb-08,39.69
26-Feb-08,39.9
25-Feb-08,39.91
22-Feb-08,40.015
21-Feb-08,39.84
20-Feb-08,40.12
19-Feb-08,39.82
18-Feb-08,39.61
15-Feb-08,39.66
14-Feb-08,39.595
13-Feb-08,39.745
12-Feb-08,39.585
11-Feb-08,39.665
8-Feb-08,39.605
7-Feb-08,39.515
6-Feb-08,39.5
5-Feb-08,39.41
4-Feb-08,39.255
1-Feb-08,39.235
31-Jan-08,39.28
30-Jan-08,39.3
29-Jan-08,39.3
28-Jan-08,39.225
25-Jan-08,39.34
24-Jan-08,39.255
23-Jan-08,39.525
22-Jan-08,39.39
21-Jan-08,39.385
18-Jan-08,39.21
17-Jan-08,39.17
16-Jan-08,39.21
15-Jan-08,39.255
14-Jan-08,39.295
11-Jan-08,39.17
10-Jan-08,39.18
9-Jan-08,39.175
8-Jan-08,39.14
7-Jan-08,39.255
4-Jan-08,39.32
3-Jan-08,39.225
2-Jan-08,39.315
1-Jan-08,39.415
31-Dec-07,39.405
28-Dec-07,39.415
27-Dec-07,39.425
26-Dec-07,39.405
25-Dec-07,39.395
24-Dec-07,39.395
21-Dec-07,39.35
20-Dec-07,39.495
19-Dec-07,39.575
18-Dec-07,39.49
17-Dec-07,39.545
14-Dec-07,39.315
13-Dec-07,39.395
12-Dec-07,39.315
11-Dec-07,39.32
10-Dec-07,39.31
7-Dec-07,39.32
6-Dec-07,39.415
5-Dec-07,39.325
4-Dec-07,39.32
3-Dec-07,39.4
30-Nov-07,39.52
29-Nov-07,39.63
28-Nov-07,39.57
27-Nov-07,39.665
26-Nov-07,39.59
23-Nov-07,39.675
22-Nov-07,39.48
21-Nov-07,39.275
20-Nov-07,39.24
19-Nov-07,39.25
16-Nov-07,39.075
15-Nov-07,39.13
14-Nov-07,39.19
13-Nov-07,39.23
12-Nov-07,39.24
9-Nov-07,39.12
8-Nov-07,39.14
7-Nov-07,39.17
6-Nov-07,39.24
5-Nov-07,39.19
2-Nov-07,39.22
1-Nov-07,39.23
31-Oct-07,39.195
30-Oct-07,39.31
29-Oct-07,39.345
26-Oct-07,39.31
25-Oct-07,39.36
24-Oct-07,39.515
23-Oct-07,39.585
22-Oct-07,39.7
19-Oct-07,39.59
18-Oct-07,39.52
17-Oct-07,39.36
16-Oct-07,39.24
15-Oct-07,39.205
12-Oct-07,39.17
11-Oct-07,39.14
10-Oct-07,39.14
9-Oct-07,39.24
8-Oct-07,39.41
5-Oct-07,39.22
4-Oct-07,39.455
3-Oct-07,39.39
2-Oct-07,39.68
1-Oct-07,39.67
28-Sep-07,39.66
27-Sep-07,39.615
26-Sep-07,39.59
25-Sep-07,39.54
24-Sep-07,39.52
21-Sep-07,39.72
20-Sep-07,39.825
19-Sep-07,39.82
18-Sep-07,40.29
17-Sep-07,40.465
14-Sep-07,40.36
13-Sep-07,40.26
12-Sep-07,40.35
11-Sep-07,40.475
10-Sep-07,40.5
7-Sep-07,40.5
6-Sep-07,40.62
5-Sep-07,40.81
4-Sep-07,40.775
3-Sep-07,40.69
31-Aug-07,40.64
30-Aug-07,41.045
29-Aug-07,40.97
28-Aug-07,40.98
27-Aug-07,40.9
24-Aug-07,40.825
23-Aug-07,40.905
22-Aug-07,40.7
21-Aug-07,41.025
20-Aug-07,40.985
17-Aug-07,41.075
16-Aug-07,41.165
15-Aug-07,40.56
14-Aug-07,40.58
13-Aug-07,40.425
10-Aug-07,40.475
9-Aug-07,40.375
8-Aug-07,40.315
7-Aug-07,40.22
6-Aug-07,40.17
3-Aug-07,40.25
2-Aug-07,40.12
1-Aug-07,40.27
31-Jul-07,40.19
30-Jul-07,40.29
27-Jul-07,40.395
26-Jul-07,40.23
25-Jul-07,40.22
24-Jul-07,40.14
23-Jul-07,40.13
20-Jul-07,40.2
19-Jul-07,40.26
18-Jul-07,40.31
17-Jul-07,40.27
16-Jul-07,40.245
13-Jul-07,40.275
12-Jul-07,40.3
11-Jul-07,40.31
10-Jul-07,40.255
9-Jul-07,40.245
6-Jul-07,40.19
5-Jul-07,40.345
4-Jul-07,40.425
3-Jul-07,40.435
2-Jul-07,40.44
29-Jun-07,40.525
28-Jun-07,40.7
27-Jun-07,40.895
26-Jun-07,40.835
25-Jun-07,40.775
22-Jun-07,40.605
21-Jun-07,40.565
20-Jun-07,40.755
19-Jun-07,40.59
18-Jun-07,40.54
15-Jun-07,40.615
14-Jun-07,40.62
13-Jun-07,40.635
12-Jun-07,40.495
11-Jun-07,40.565
8-Jun-07,40.72
7-Jun-07,40.625
6-Jun-07,40.425
5-Jun-07,40.3
4-Jun-07,40.21
1-Jun-07,40.27
31-May-07,40.375
30-May-07,40.59
29-May-07,40.2
28-May-07,40.41
25-May-07,40.29
24-May-07,40.44
23-May-07,40.275
22-May-07,40.24
21-May-07,40.425
18-May-07,40.3
17-May-07,40.6
16-May-07,40.6
15-May-07,40.54
14-May-07,40.61
11-May-07,40.75
10-May-07,41.175
9-May-07,40.69
8-May-07,40.65
7-May-07,40.56
4-May-07,40.65
3-May-07,40.835
2-May-07,41.05
1-May-07,41.02
30-Apr-07,41.045
27-Apr-07,40.8
26-Apr-07,40.675
25-Apr-07,40.635
24-Apr-07,40.76
23-Apr-07,41.495
20-Apr-07,41.595
19-Apr-07,41.915
18-Apr-07,41.855
17-Apr-07,41.705
16-Apr-07,41.78
13-Apr-07,42.44
12-Apr-07,42.68
11-Apr-07,42.695
10-Apr-07,42.675
9-Apr-07,42.685
6-Apr-07,42.67
5-Apr-07,42.72
4-Apr-07,42.865
3-Apr-07,42.825
2-Apr-07,43.11
30-Mar-07,43.12
29-Mar-07,43.39
28-Mar-07,42.775
27-Mar-07,43.005
26-Mar-07,43.2
23-Mar-07,43.38
22-Mar-07,43.53
21-Mar-07,43.275
20-Mar-07,43.685
19-Mar-07,43.985
16-Mar-07,43.965
15-Mar-07,44.11
14-Mar-07,44.175
13-Mar-07,44.095
12-Mar-07,44.125
9-Mar-07,44.085
8-Mar-07,44.2
7-Mar-07,44.43
6-Mar-07,44.19
5-Mar-07,44.38
2-Mar-07,44.11
1-Mar-07,44.085
28-Feb-07,44.09
27-Feb-07,44.07
26-Feb-07,44.05
23-Feb-07,44.08
22-Feb-07,44.06
21-Feb-07,44.01
20-Feb-07,44.12
19-Feb-07,43.99
16-Feb-07,43.88
15-Feb-07,43.92
14-Feb-07,43.945
13-Feb-07,44.03
12-Feb-07,44.015
9-Feb-07,43.94
8-Feb-07,43.995
7-Feb-07,44.025
6-Feb-07,44.02
5-Feb-07,43.985
2-Feb-07,43.995
1-Feb-07,44.02
31-Jan-07,44.08
30-Jan-07,44.05
29-Jan-07,44.145
26-Jan-07,44.17
25-Jan-07,44.21
24-Jan-07,44.16
23-Jan-07,44.15
22-Jan-07,44.12
19-Jan-07,44.08
18-Jan-07,44.16
17-Jan-07,44.1
16-Jan-07,44.2
15-Jan-07,44.21
12-Jan-07,44.315
11-Jan-07,44.5
10-Jan-07,44.45
9-Jan-07,44.28
8-Jan-07,44.33
5-Jan-07,44.185
4-Jan-07,44.17
3-Jan-07,44.25
2-Jan-07,44.15
1-Jan-07,44.115
29-Dec-06,44.115
28-Dec-06,44.095
27-Dec-06,44.14
26-Dec-06,44.335
25-Dec-06,44.38
22-Dec-06,44.38
21-Dec-06,44.52
20-Dec-06,44.545
19-Dec-06,44.595
18-Dec-06,44.64
15-Dec-06,44.495
14-Dec-06,44.57
13-Dec-06,44.69
12-Dec-06,44.69
11-Dec-06,44.705
8-Dec-06,44.51
7-Dec-06,44.525
6-Dec-06,44.615
5-Dec-06,44.43
4-Dec-06,44.5
1-Dec-06,44.465
30-Nov-06,44.6
29-Nov-06,44.55
28-Nov-06,44.59
27-Nov-06,44.575
24-Nov-06,44.605
23-Nov-06,44.69
22-Nov-06,44.63
21-Nov-06,44.78
20-Nov-06,44.9
17-Nov-06,44.72
16-Nov-06,44.83
15-Nov-06,45.275
14-Nov-06,45.06
13-Nov-06,44.84
10-Nov-06,44.56
9-Nov-06,44.47
8-Nov-06,44.6
7-Nov-06,44.63
6-Nov-06,44.85
3-Nov-06,44.77
2-Nov-06,44.83
1-Nov-06,44.8
31-Oct-06,44.92
30-Oct-06,44.915
27-Oct-06,45.045
26-Oct-06,45.17
25-Oct-06,45.29
24-Oct-06,45.2
23-Oct-06,45.31
20-Oct-06,45.2
19-Oct-06,45.22
18-Oct-06,45.3
17-Oct-06,45.2
16-Oct-06,45.365
13-Oct-06,45.32
12-Oct-06,45.54
11-Oct-06,45.56
10-Oct-06,45.68
9-Oct-06,45.66
6-Oct-06,45.42
5-Oct-06,45.58
4-Oct-06,45.67
3-Oct-06,45.7
2-Oct-06,45.79
29-Sep-06,45.91
28-Sep-06,45.79
27-Sep-06,45.77
26-Sep-06,45.78
25-Sep-06,45.84
22-Sep-06,45.785
21-Sep-06,45.74
20-Sep-06,45.85
19-Sep-06,46.04
18-Sep-06,46.11
15-Sep-06,45.96
14-Sep-06,46
13-Sep-06,46.09
12-Sep-06,46.16
11-Sep-06,46.2
8-Sep-06,46.07
7-Sep-06,46.14
6-Sep-06,46.02
5-Sep-06,46.21
4-Sep-06,46.33
1-Sep-06,46.39
31-Aug-06,46.48
30-Aug-06,46.38
29-Aug-06,46.47
28-Aug-06,46.49
25-Aug-06,46.42
24-Aug-06,46.43
23-Aug-06,46.47
22-Aug-06,46.45
21-Aug-06,46.42
18-Aug-06,46.39
17-Aug-06,46.37
16-Aug-06,46.48
15-Aug-06,46.48
14-Aug-06,46.54
11-Aug-06,46.47
10-Aug-06,46.33
9-Aug-06,46.41
8-Aug-06,46.48
7-Aug-06,46.54
4-Aug-06,46.46
3-Aug-06,46.48
2-Aug-06,46.625
1-Aug-06,46.54
31-Jul-06,46.5
28-Jul-06,46.54
27-Jul-06,46.53
26-Jul-06,46.71
25-Jul-06,46.76
24-Jul-06,46.84
21-Jul-06,46.73
20-Jul-06,46.8
19-Jul-06,46.83
18-Jul-06,46.63
17-Jul-06,46.66
14-Jul-06,46.2
13-Jul-06,46.18
12-Jul-06,46.1
11-Jul-06,46.02
10-Jul-06,45.99
7-Jul-06,45.86
6-Jul-06,46.01
5-Jul-06,45.925
4-Jul-06,45.965
3-Jul-06,45.93
30-Jun-06,45.88
29-Jun-06,46.14
28-Jun-06,46.26
27-Jun-06,46.3
26-Jun-06,46.23
23-Jun-06,46.02
22-Jun-06,46
21-Jun-06,45.67
20-Jun-06,45.81
19-Jun-06,45.77
16-Jun-06,45.7
15-Jun-06,45.89
14-Jun-06,45.83
13-Jun-06,45.82
12-Jun-06,45.72
9-Jun-06,45.805
8-Jun-06,45.945
7-Jun-06,45.875
6-Jun-06,45.82
5-Jun-06,45.72
2-Jun-06,45.68
1-Jun-06,46.2
31-May-06,46.305
30-May-06,46.14
29-May-06,46.1
26-May-06,45.83
25-May-06,45.76
24-May-06,45.6
23-May-06,45.39
22-May-06,45.46
19-May-06,45.37
18-May-06,45.28
17-May-06,44.7
16-May-06,45.05
15-May-06,45.38
12-May-06,44.95
11-May-06,44.86
10-May-06,44.85
9-May-06,44.845
8-May-06,44.82
5-May-06,44.85
4-May-06,44.82
3-May-06,44.82
2-May-06,44.83
1-May-06,44.79
28-Apr-06,44.9
27-Apr-06,44.83
26-Apr-06,45.05
25-Apr-06,44.895
24-Apr-06,44.87
21-Apr-06,45.07
20-Apr-06,45.03
19-Apr-06,44.98
18-Apr-06,45.06
17-Apr-06,44.995
14-Apr-06,45
13-Apr-06,45.07
12-Apr-06,45.1
11-Apr-06,44.69
10-Apr-06,44.67
7-Apr-06,44.53
6-Apr-06,44.59
5-Apr-06,44.44
4-Apr-06,44.6
3-Apr-06,44.41
31-Mar-06,44.5
30-Mar-06,44.475
29-Mar-06,44.54
28-Mar-06,44.575
27-Mar-06,44.615
24-Mar-06,44.5
23-Mar-06,44.445
22-Mar-06,44.425
21-Mar-06,44.3
20-Mar-06,44.275
17-Mar-06,44.275
16-Mar-06,44.3
15-Mar-06,44.11
14-Mar-06,44.365
13-Mar-06,44.425
10-Mar-06,44.32
9-Mar-06,44.38
8-Mar-06,44.38
7-Mar-06,44.285
6-Mar-06,44.27
3-Mar-06,44.205
2-Mar-06,44.2
1-Mar-06,44.29
28-Feb-06,44.275
27-Feb-06,44.43
24-Feb-06,44.3
23-Feb-06,44.37
22-Feb-06,44.55
21-Feb-06,44.42
20-Feb-06,44.34
17-Feb-06,44.3
16-Feb-06,44.25
15-Feb-06,44.175
14-Feb-06,44.16
13-Feb-06,44.18
10-Feb-06,44.105
9-Feb-06,44.12
8-Feb-06,44.155
7-Feb-06,44.16
6-Feb-06,44.135
3-Feb-06,44.12
2-Feb-06,44.165
1-Feb-06,44.14
31-Jan-06,43.925
30-Jan-06,44.045
27-Jan-06,44.04
26-Jan-06,44.02
25-Jan-06,44.105
24-Jan-06,44.195
23-Jan-06,44.095
20-Jan-06,44.17
19-Jan-06,44.18
18-Jan-06,44.3
17-Jan-06,44.24
16-Jan-06,44.17
13-Jan-06,44.1
12-Jan-06,44.02
11-Jan-06,43.915
10-Jan-06,44.185
9-Jan-06,44.25
6-Jan-06,44.32
5-Jan-06,44.6
4-Jan-06,44.705
3-Jan-06,44.965
2-Jan-06,45.075
30-Dec-05,44.995
29-Dec-05,45.12
28-Dec-05,45.095
27-Dec-05,45.195
26-Dec-05,45.045
23-Dec-05,45.125
22-Dec-05,45.13
21-Dec-05,45.18
20-Dec-05,45.15
19-Dec-05,44.975
16-Dec-05,45.26
15-Dec-05,45.29
14-Dec-05,45.655
13-Dec-05,46.045
12-Dec-05,46.025
9-Dec-05,46.125
8-Dec-05,46.195
7-Dec-05,46.18
6-Dec-05,46.135
5-Dec-05,46.265
2-Dec-05,46.125
1-Dec-05,45.945
30-Nov-05,45.89
29-Nov-05,45.85
28-Nov-05,45.875
25-Nov-05,45.765
24-Nov-05,45.7
23-Nov-05,45.725
22-Nov-05,45.78
21-Nov-05,45.675
18-Nov-05,45.725
17-Nov-05,45.665
16-Nov-05,45.73
15-Nov-05,45.665
14-Nov-05,45.685
11-Nov-05,45.555
10-Nov-05,45.705
9-Nov-05,45.705
8-Nov-05,45.715
7-Nov-05,45.835
4-Nov-05,45.47
3-Nov-05,45.255
2-Nov-05,45.195
1-Nov-05,45.085
31-Oct-05,45.07
28-Oct-05,45.045
27-Oct-05,45.015
26-Oct-05,45.035
25-Oct-05,44.975
24-Oct-05,45.075
21-Oct-05,45.04
20-Oct-05,45.175
19-Oct-05,45.115
18-Oct-05,45.095
17-Oct-05,44.84
14-Oct-05,44.795
13-Oct-05,44.905
12-Oct-05,44.775
11-Oct-05,44.79
10-Oct-05,44.76
7-Oct-05,44.365
6-Oct-05,44.215
5-Oct-05,44.175
4-Oct-05,44.15
3-Oct-05,44.05
30-Sep-05,43.955
29-Sep-05,43.975
28-Sep-05,44.005
27-Sep-05,44.015
26-Sep-05,43.9
23-Sep-05,43.905
22-Sep-05,43.875
21-Sep-05,43.87
20-Sep-05,43.845
19-Sep-05,43.855
16-Sep-05,43.845
15-Sep-05,43.83
14-Sep-05,43.845
13-Sep-05,43.855
12-Sep-05,43.81
9-Sep-05,43.795
8-Sep-05,43.8
7-Sep-05,43.825
6-Sep-05,43.84
5-Sep-05,43.815
2-Sep-05,43.85
1-Sep-05,43.965
31-Aug-05,44.015
30-Aug-05,44.015
29-Aug-05,43.845
26-Aug-05,43.64
25-Aug-05,43.675
24-Aug-05,43.715
23-Aug-05,43.625
22-Aug-05,43.575
19-Aug-05,43.545
18-Aug-05,43.53
17-Aug-05,43.505
16-Aug-05,43.48
15-Aug-05,43.48
12-Aug-05,43.495
11-Aug-05,43.55
10-Aug-05,43.5
9-Aug-05,43.51
8-Aug-05,43.48
5-Aug-05,43.455
4-Aug-05,43.485
3-Aug-05,43.405
2-Aug-05,43.485
1-Aug-05,43.41
29-Jul-05,43.44
28-Jul-05,43.37
27-Jul-05,43.39
26-Jul-05,43.435
25-Jul-05,43.505
22-Jul-05,43.5
21-Jul-05,43.19
20-Jul-05,43.505
19-Jul-05,43.55
18-Jul-05,43.515
15-Jul-05,43.505
14-Jul-05,43.52
13-Jul-05,43.575
12-Jul-05,43.535
11-Jul-05,43.54
8-Jul-05,43.59
7-Jul-05,43.59
6-Jul-05,43.555
5-Jul-05,43.55
4-Jul-05,43.545
1-Jul-05,43.55
30-Jun-05,43.485
29-Jun-05,43.53
28-Jun-05,43.485
27-Jun-05,43.49
24-Jun-05,43.515
23-Jun-05,43.5
22-Jun-05,43.48
21-Jun-05,43.5
20-Jun-05,43.54
17-Jun-05,43.515
16-Jun-05,43.585
15-Jun-05,43.635
14-Jun-05,43.595
13-Jun-05,43.625
10-Jun-05,43.51
9-Jun-05,43.495
8-Jun-05,43.49
7-Jun-05,43.555
6-Jun-05,43.6
3-Jun-05,43.595
2-Jun-05,43.655
1-Jun-05,43.73
31-May-05,43.7
30-May-05,43.58
27-May-05,43.505
26-May-05,43.525
25-May-05,43.495
24-May-05,43.48
23-May-05,43.49
20-May-05,43.48
19-May-05,43.44
18-May-05,43.48
17-May-05,43.465
16-May-05,43.495
13-May-05,43.43
12-May-05,43.375
11-May-05,43.315
10-May-05,43.37
9-May-05,43.47
6-May-05,43.455
5-May-05,43.405
4-May-05,43.51
3-May-05,43.59
2-May-05,43.575
29-Apr-05,43.43
28-Apr-05,43.65
27-Apr-05,43.71
26-Apr-05,43.675
25-Apr-05,43.67
22-Apr-05,43.66
21-Apr-05,43.725
20-Apr-05,43.735
19-Apr-05,43.75
18-Apr-05,43.695
15-Apr-05,43.77
14-Apr-05,43.74
13-Apr-05,43.73
12-Apr-05,43.695
11-Apr-05,43.645
8-Apr-05,43.68
7-Apr-05,43.695
6-Apr-05,43.72
5-Apr-05,43.76
4-Apr-05,43.75
1-Apr-05,43.675
31-Mar-05,43.675
30-Mar-05,43.72
29-Mar-05,43.74
28-Mar-05,43.725
25-Mar-05,43.665
24-Mar-05,43.705
23-Mar-05,43.73
22-Mar-05,43.71
21-Mar-05,43.68
18-Mar-05,43.59
17-Mar-05,43.595
16-Mar-05,43.555
15-Mar-05,43.49
14-Mar-05,43.48
11-Mar-05,43.455
10-Mar-05,43.51
9-Mar-05,43.56
8-Mar-05,43.605
7-Mar-05,43.66
4-Mar-05,43.63
3-Mar-05,43.665
2-Mar-05,43.7
1-Mar-05,43.65
28-Feb-05,43.635
25-Feb-05,43.645
24-Feb-05,43.62
23-Feb-05,43.645
22-Feb-05,43.69
21-Feb-05,43.77
18-Feb-05,43.785
17-Feb-05,43.675
16-Feb-05,43.695
15-Feb-05,43.775
14-Feb-05,43.7
11-Feb-05,43.78
10-Feb-05,43.76
9-Feb-05,43.625
8-Feb-05,43.67
7-Feb-05,43.44
4-Feb-05,43.37
3-Feb-05,43.315
2-Feb-05,43.335
1-Feb-05,43.66
31-Jan-05,43.645
28-Jan-05,43.68
27-Jan-05,43.715
26-Jan-05,43.7
25-Jan-05,43.71
24-Jan-05,43.695
21-Jan-05,43.665
20-Jan-05,43.73
19-Jan-05,43.65
18-Jan-05,43.69
17-Jan-05,43.6
14-Jan-05,43.605
13-Jan-05,43.505
12-Jan-05,43.56
11-Jan-05,43.725
10-Jan-05,43.89
7-Jan-05,43.75
6-Jan-05,43.875
5-Jan-05,43.53
4-Jan-05,43.495
3-Jan-05,43.4
